snapshot_ts,pull_date,game_date,market,event_ticker,market_ticker,floor_strike,status,yes_ask,no_ask
2026-10-03T15:44:40.994435+00:00,2026-10-03,2026-10-04,ML,KXNFLGAME-26OCT04DETCAR,KXNFLGAME-26OCT04DETCAR-DET,,active,0.6659,0.3761
2026-10-03T15:44:40.994435+00:00,2026-10-03,2026-10-04,ML,KXNFLGAME-26OCT04DETCAR,KXNFLGAME-26OCT04DETCAR-CAR,,active,0.3761,0.6659
2026-10-03T15:44:40.994435+00:00,2026-10-03,2026-10-04,ML,KXNFLGAME-26OCT04DENSF,KXNFLGAME-26OCT04DENSF-SF,,active,0.5971,0.4472
2026-10-03T15:44:40.994435+00:00,2026-10-03,2026-10-04,ML,KXNFLGAME-26OCT04DENSF,KXNFLGAME-26OCT04DENSF-DEN,,active,0.4472,0.5971
2026-10-03T15:44:40.994435+00:00,2026-10-03,2026-10-04,ML,KXNFLGAME-26OCT04LACSEA,KXNFLGAME-26OCT04LACSEA-SEA,,active,0.7728,0.2631
2026-10-03T15:44:40.994435+00:00,2026-10-03,2026-10-04,ML,KXNFLGAME-26OCT04LACSEA,KXNFLGAME-26OCT04LACSEA-LAC,,active,0.2631,0.7728
2026-10-03T15:44:40.994435+00:00,2026-10-03,2026-10-04,ML,KXNFLGAME-26OCT04KCLV,KXNFLGAME-26OCT04KCLV-LV,,active,0.3557,0.6855
2026-10-03T15:44:40.994435+00:00,2026-10-03,2026-10-04,ML,KXNFLGAME-26OCT04KCLV,KXNFLGAME-26OCT04KCLV-KC,,active,0.6855,0.3557
2026-10-03T15:44:40.994435+00:00,2026-10-03,2026-10-04,ML,KXNFLGAME-26OCT04MIAMIN,KXNFLGAME-26OCT04MIAMIN-MIN,,active,0.8494,0.1799
2026-10-03T15:44:40.994435+00:00,2026-10-03,2026-10-04,ML,KXNFLGAME-26OCT04MIAMIN,KXNFLGAME-26OCT04MIAMIN-MIA,,active,0.1799,0.8494
2026-10-03T15:44:40.994435+00:00,2026-10-03,2026-10-04,ML,KXNFLGAME-26OCT04JACCIN,KXNFLGAME-26OCT04JACCIN-JAC,,active,0.4472,0.5971
2026-10-03T15:44:40.994435+00:00,2026-10-03,2026-10-04,ML,KXNFLGAME-26OCT04JACCIN,KXNFLGAME-26OCT04JACCIN-CIN,,active,0.5872,0.4572
2026-10-03T15:44:40.994435+00:00,2026-10-03,2026-10-04,ML,KXNFLGAME-26OCT04TENBAL,KXNFLGAME-26OCT04TENBAL-TEN,,active,0.1589,0.8684
2026-10-03T15:44:40.994435+00:00,2026-10-03,2026-10-04,ML,KXNFLGAME-26OCT04TENBAL,KXNFLGAME-26OCT04TENBAL-BAL,,active,0.8589,0.1694
2026-10-03T15:44:40.994435+00:00,2026-10-03,2026-10-04,ML,KXNFLGAME-26OCT04GBTB,KXNFLGAME-26OCT04GBTB-TB,,active,0.3965,0.6463
2026-10-03T15:44:40.994435+00:00,2026-10-03,2026-10-04,ML,KXNFLGAME-26OCT04GBTB,KXNFLGAME-26OCT04GBTB-GB,,active,0.6365,0.4067
2026-10-03T15:44:40.994435+00:00,2026-10-03,2026-10-04,ML,KXNFLGAME-26OCT04LARPHI,KXNFLGAME-26OCT04LARPHI-PHI,,active,0.3863,0.6561
2026-10-03T15:44:40.994435+00:00,2026-10-03,2026-10-04,ML,KXNFLGAME-26OCT04LARPHI,KXNFLGAME-26OCT04LARPHI-LAR,,active,0.6561,0.3863
2026-10-03T15:44:40.994435+00:00,2026-10-03,2026-10-04,ML,KXNFLGAME-26OCT04DALHOU,KXNFLGAME-26OCT04DALHOU-HOU,,active,0.6069,0.4371
2026-10-03T15:44:40.994435+00:00,2026-10-03,2026-10-04,ML,KXNFLGAME-26OCT04DALHOU,KXNFLGAME-26OCT04DALHOU-DAL,,active,0.4371,0.6069
2026-10-03T15:44:40.994435+00:00,2026-10-03,2026-10-04,ML,KXNFLGAME-26OCT04NYJCHI,KXNFLGAME-26OCT04NYJCHI-NYJ,,active,0.3863,0.6561
2026-10-03T15:44:40.994435+00:00,2026-10-03,2026-10-04,ML,KXNFLGAME-26OCT04NYJCHI,KXNFLGAME-26OCT04NYJCHI-CHI,,active,0.6463,0.3965
2026-10-03T15:44:40.994435+00:00,2026-10-03,2026-10-04,ML,KXNFLGAME-26OCT04NEBUF,KXNFLGAME-26OCT04NEBUF-NE,,active,0.2735,0.7631
2026-10-03T15:44:40.994435+00:00,2026-10-03,2026-10-04,ML,KXNFLGAME-26OCT04NEBUF,KXNFLGAME-26OCT04NEBUF-BUF,,active,0.7535,0.2838
2026-10-03T15:44:40.994435+00:00,2026-10-03,2026-10-04,ML,KXNFLGAME-26OCT04ARINYG,KXNFLGAME-26OCT04ARINYG-NYG,,active,0.4472,0.5971
2026-10-03T15:44:40.994435+00:00,2026-10-03,2026-10-04,ML,KXNFLGAME-26OCT04ARINYG,KXNFLGAME-26OCT04ARINYG-ARI,,active,0.5872,0.4572
2026-10-03T15:44:40.994435+00:00,2026-10-03,2026-10-04,ML,KXNFLGAME-26OCT04INDWAS,KXNFLGAME-26OCT04INDWAS-WAS,,active,0.3659,0.6757
2026-10-03T15:44:40.994435+00:00,2026-10-03,2026-10-04,ML,KXNFLGAME-26OCT04INDWAS,KXNFLGAME-26OCT04INDWAS-IND,,active,0.6757,0.3659
2026-10-03T15:44:40.994435+00:00,2026-10-03,2026-10-04,1H ML,KXNFL1H-26OCT04DETCAR,KXNFL1H-26OCT04DETCAR-TIE,,active,0.0957,0.9346
2026-10-03T15:44:40.994435+00:00,2026-10-03,2026-10-04,1H ML,KXNFL1H-26OCT04DETCAR,KXNFL1H-26OCT04DETCAR-DET,,active,0.5971,0.4472
2026-10-03T15:44:40.994435+00:00,2026-10-03,2026-10-04,1H ML,KXNFL1H-26OCT04DETCAR,KXNFL1H-26OCT04DETCAR-CAR,,active,0.3761,0.6659
2026-10-03T15:44:40.994435+00:00,2026-10-03,2026-10-04,1H ML,KXNFL1H-26OCT04LACSEA,KXNFL1H-26OCT04LACSEA-TIE,,active,0.1063,0.9252
2026-10-03T15:44:40.994435+00:00,2026-10-03,2026-10-04,1H ML,KXNFL1H-26OCT04LACSEA,KXNFL1H-26OCT04LACSEA-SEA,,active,0.6561,0.3863
2026-10-03T15:44:40.994435+00:00,2026-10-03,2026-10-04,1H ML,KXNFL1H-26OCT04LACSEA,KXNFL1H-26OCT04LACSEA-LAC,,active,0.3044,0.7535
2026-10-03T15:44:40.994435+00:00,2026-10-03,2026-10-04,1H ML,KXNFL1H-26OCT04KCLV,KXNFL1H-26OCT04KCLV-TIE,,active,0.0957,0.9346
2026-10-03T15:44:40.994435+00:00,2026-10-03,2026-10-04,1H ML,KXNFL1H-26OCT04KCLV,KXNFL1H-26OCT04KCLV-LV,,active,0.3761,0.6659
2026-10-03T15:44:40.994435+00:00,2026-10-03,2026-10-04,1H ML,KXNFL1H-26OCT04KCLV,KXNFL1H-26OCT04KCLV-KC,,active,0.5872,0.4572
2026-10-03T15:44:40.994435+00:00,2026-10-03,2026-10-04,1H ML,KXNFL1H-26OCT04DENSF,KXNFL1H-26OCT04DENSF-TIE,,active,0.0852,0.9346
2026-10-03T15:44:40.994435+00:00,2026-10-03,2026-10-04,1H ML,KXNFL1H-26OCT04DENSF,KXNFL1H-26OCT04DENSF-SF,,active,0.5375,0.5075
2026-10-03T15:44:40.994435+00:00,2026-10-03,2026-10-04,1H ML,KXNFL1H-26OCT04DENSF,KXNFL1H-26OCT04DENSF-DEN,,active,0.4269,0.6267
2026-10-03T15:44:40.994435+00:00,2026-10-03,2026-10-04,1H ML,KXNFL1H-26OCT04MIAMIN,KXNFL1H-26OCT04MIAMIN-TIE,,active,0.0957,0.9252
2026-10-03T15:44:40.994435+00:00,2026-10-03,2026-10-04,1H ML,KXNFL1H-26OCT04MIAMIN,KXNFL1H-26OCT04MIAMIN-MIN,,active,0.7438,0.2941
2026-10-03T15:44:40.994435+00:00,2026-10-03,2026-10-04,1H ML,KXNFL1H-26OCT04MIAMIN,KXNFL1H-26OCT04MIAMIN-MIA,,active,0.2216,0.8112
2026-10-03T15:44:40.994435+00:00,2026-10-03,2026-10-04,1H ML,KXNFL1H-26OCT04ARINYG,KXNFL1H-26OCT04ARINYG-TIE,,active,0.1063,0.9252
2026-10-03T15:44:40.994435+00:00,2026-10-03,2026-10-04,1H ML,KXNFL1H-26OCT04ARINYG,KXNFL1H-26OCT04ARINYG-NYG,,active,0.4371,0.6069
2026-10-03T15:44:40.994435+00:00,2026-10-03,2026-10-04,1H ML,KXNFL1H-26OCT04ARINYG,KXNFL1H-26OCT04ARINYG-ARI,,active,0.5275,0.5175
2026-10-03T15:44:40.994435+00:00,2026-10-03,2026-10-04,1H ML,KXNFL1H-26OCT04LARPHI,KXNFL1H-26OCT04LARPHI-TIE,,active,0.1063,0.9157
2026-10-03T15:44:40.994435+00:00,2026-10-03,2026-10-04,1H ML,KXNFL1H-26OCT04LARPHI,KXNFL1H-26OCT04LARPHI-PHI,,active,0.3761,0.6659
2026-10-03T15:44:40.994435+00:00,2026-10-03,2026-10-04,1H ML,KXNFL1H-26OCT04LARPHI,KXNFL1H-26OCT04LARPHI-LAR,,active,0.5772,0.4774
2026-10-03T15:44:40.994435+00:00,2026-10-03,2026-10-04,1H ML,KXNFL1H-26OCT04TENBAL,KXNFL1H-26OCT04TENBAL-TIE,,active,0.0852,0.9439
2026-10-03T15:44:40.994435+00:00,2026-10-03,2026-10-04,1H ML,KXNFL1H-26OCT04TENBAL,KXNFL1H-26OCT04TENBAL-TEN,,active,0.2112,0.8208
2026-10-03T15:44:40.994435+00:00,2026-10-03,2026-10-04,1H ML,KXNFL1H-26OCT04TENBAL,KXNFL1H-26OCT04TENBAL-BAL,,active,0.7631,0.2735
2026-10-03T15:44:40.994435+00:00,2026-10-03,2026-10-04,1H ML,KXNFL1H-26OCT04GBTB,KXNFL1H-26OCT04GBTB-TIE,,active,0.1063,0.9157
2026-10-03T15:44:40.994435+00:00,2026-10-03,2026-10-04,1H ML,KXNFL1H-26OCT04GBTB,KXNFL1H-26OCT04GBTB-TB,,active,0.3965,0.6463
2026-10-03T15:44:40.994435+00:00,2026-10-03,2026-10-04,1H ML,KXNFL1H-26OCT04GBTB,KXNFL1H-26OCT04GBTB-GB,,active,0.5574,0.4975
2026-10-03T15:44:40.994435+00:00,2026-10-03,2026-10-04,1H ML,KXNFL1H-26OCT04JACCIN,KXNFL1H-26OCT04JACCIN-TIE,,active,0.0957,0.9252
2026-10-03T15:44:40.994435+00:00,2026-10-03,2026-10-04,1H ML,KXNFL1H-26OCT04JACCIN,KXNFL1H-26OCT04JACCIN-JAC,,active,0.4472,0.6069
2026-10-03T15:44:40.994435+00:00,2026-10-03,2026-10-04,1H ML,KXNFL1H-26OCT04JACCIN,KXNFL1H-26OCT04JACCIN-CIN,,active,0.5075,0.5375
2026-10-03T15:44:40.994435+00:00,2026-10-03,2026-10-04,1H ML,KXNFL1H-26OCT04NEBUF,KXNFL1H-26OCT04NEBUF-TIE,,active,0.0957,0.9346
2026-10-03T15:44:40.994435+00:00,2026-10-03,2026-10-04,1H ML,KXNFL1H-26OCT04NEBUF,KXNFL1H-26OCT04NEBUF-NE,,active,0.3044,0.7341
2026-10-03T15:44:40.994435+00:00,2026-10-03,2026-10-04,1H ML,KXNFL1H-26OCT04NEBUF,KXNFL1H-26OCT04NEBUF-BUF,,active,0.6561,0.3863
2026-10-03T15:44:40.994435+00:00,2026-10-03,2026-10-04,1H ML,KXNFL1H-26OCT04DALHOU,KXNFL1H-26OCT04DALHOU-TIE,,active,0.0957,0.9252
2026-10-03T15:44:40.994435+00:00,2026-10-03,2026-10-04,1H ML,KXNFL1H-26OCT04DALHOU,KXNFL1H-26OCT04DALHOU-HOU,,active,0.5375,0.5075
2026-10-03T15:44:40.994435+00:00,2026-10-03,2026-10-04,1H ML,KXNFL1H-26OCT04DALHOU,KXNFL1H-26OCT04DALHOU-DAL,,active,0.4168,0.6267
2026-10-03T15:44:40.994435+00:00,2026-10-03,2026-10-04,1H ML,KXNFL1H-26OCT04NYJCHI,KXNFL1H-26OCT04NYJCHI-TIE,,active,0.1063,0.9252
2026-10-03T15:44:40.994435+00:00,2026-10-03,2026-10-04,1H ML,KXNFL1H-26OCT04NYJCHI,KXNFL1H-26OCT04NYJCHI-NYJ,,active,0.3965,0.6659
2026-10-03T15:44:40.994435+00:00,2026-10-03,2026-10-04,1H ML,KXNFL1H-26OCT04NYJCHI,KXNFL1H-26OCT04NYJCHI-CHI,,active,0.5673,0.4774
2026-10-03T15:44:40.994435+00:00,2026-10-03,2026-10-04,1H ML,KXNFL1H-26OCT04INDWAS,KXNFL1H-26OCT04INDWAS-WAS,,active,0.3863,0.6659
2026-10-03T15:44:40.994435+00:00,2026-10-03,2026-10-04,1H ML,KXNFL1H-26OCT04INDWAS,KXNFL1H-26OCT04INDWAS-TIE,,active,0.0957,0.9252
2026-10-03T15:44:40.994435+00:00,2026-10-03,2026-10-04,1H ML,KXNFL1H-26OCT04INDWAS,KXNFL1H-26OCT04INDWAS-IND,,active,0.5673,0.4774
2026-10-03T15:44:40.994435+00:00,2026-10-03,2026-10-04,SPREAD,KXNFLSPREAD-26OCT04DENSF,KXNFLSPREAD-26OCT04DENSF-SF8,7.5,active,0.3147,0.7244
2026-10-03T15:44:40.994435+00:00,2026-10-03,2026-10-04,SPREAD,KXNFLSPREAD-26OCT04DENSF,KXNFLSPREAD-26OCT04DENSF-SF7,6.5,active,0.3557,0.6855
2026-10-03T15:44:40.994435+00:00,2026-10-03,2026-10-04,SPREAD,KXNFLSPREAD-26OCT04DENSF,KXNFLSPREAD-26OCT04DENSF-SF6,5.5,active,0.3965,0.6463
2026-10-03T15:44:40.994435+00:00,2026-10-03,2026-10-04,SPREAD,KXNFLSPREAD-26OCT04DENSF,KXNFLSPREAD-26OCT04DENSF-SF5,4.5,active,0.4168,0.6267
2026-10-03T15:44:40.994435+00:00,2026-10-03,2026-10-04,SPREAD,KXNFLSPREAD-26OCT04DENSF,KXNFLSPREAD-26OCT04DENSF-SF4,3.5,active,0.4472,0.5971
2026-10-03T15:44:40.994435+00:00,2026-10-03,2026-10-04,SPREAD,KXNFLSPREAD-26OCT04DENSF,KXNFLSPREAD-26OCT04DENSF-SF3,2.5,active,0.5375,0.5075
2026-10-03T15:44:40.994435+00:00,2026-10-03,2026-10-04,SPREAD,KXNFLSPREAD-26OCT04DENSF,KXNFLSPREAD-26OCT04DENSF-SF21,20.5,active,0.0957,0.9252
2026-10-03T15:44:40.994435+00:00,2026-10-03,2026-10-04,SPREAD,KXNFLSPREAD-26OCT04DENSF,KXNFLSPREAD-26OCT04DENSF-SF2,1.5,active,0.5673,0.4774
2026-10-03T15:44:40.994435+00:00,2026-10-03,2026-10-04,SPREAD,KXNFLSPREAD-26OCT04DENSF,KXNFLSPREAD-26OCT04DENSF-SF18,17.5,active,0.1274,0.8969
2026-10-03T15:44:40.994435+00:00,2026-10-03,2026-10-04,SPREAD,KXNFLSPREAD-26OCT04DENSF,KXNFLSPREAD-26OCT04DENSF-SF17,16.5,active,0.1484,0.8874
2026-10-03T15:44:40.994435+00:00,2026-10-03,2026-10-04,SPREAD,KXNFLSPREAD-26OCT04DENSF,KXNFLSPREAD-26OCT04DENSF-SF15,14.5,active,0.1694,0.8684
2026-10-03T15:44:40.994435+00:00,2026-10-03,2026-10-04,SPREAD,KXNFLSPREAD-26OCT04DENSF,KXNFLSPREAD-26OCT04DENSF-SF14,13.5,active,0.1903,0.8399
2026-10-03T15:44:40.994435+00:00,2026-10-03,2026-10-04,SPREAD,KXNFLSPREAD-26OCT04DENSF,KXNFLSPREAD-26OCT04DENSF-SF11,10.5,active,0.232,0.8016
2026-10-03T15:44:40.994435+00:00,2026-10-03,2026-10-04,SPREAD,KXNFLSPREAD-26OCT04DENSF,KXNFLSPREAD-26OCT04DENSF-SF10,9.5,active,0.2631,0.7728
2026-10-03T15:44:40.994435+00:00,2026-10-03,2026-10-04,SPREAD,KXNFLSPREAD-26OCT04DENSF,KXNFLSPREAD-26OCT04DENSF-DEN8,7.5,active,0.1903,0.8399
2026-10-03T15:44:40.994435+00:00,2026-10-03,2026-10-04,SPREAD,KXNFLSPREAD-26OCT04DENSF,KXNFLSPREAD-26OCT04DENSF-DEN7,6.5,active,0.232,0.8016
2026-10-03T15:44:40.994435+00:00,2026-10-03,2026-10-04,SPREAD,KXNFLSPREAD-26OCT04DENSF,KXNFLSPREAD-26OCT04DENSF-DEN6,5.5,active,0.2631,0.7728
2026-10-03T15:44:40.994435+00:00,2026-10-03,2026-10-04,SPREAD,KXNFLSPREAD-26OCT04DENSF,KXNFLSPREAD-26OCT04DENSF-DEN5,4.5,active,0.2735,0.7631
2026-10-03T15:44:40.994435+00:00,2026-10-03,2026-10-04,SPREAD,KXNFLSPREAD-26OCT04DENSF,KXNFLSPREAD-26OCT04DENSF-DEN4,3.5,active,0.3352,0.705
2026-10-03T15:44:40.994435+00:00,2026-10-03,2026-10-04,SPREAD,KXNFLSPREAD-26OCT04DENSF,KXNFLSPREAD-26OCT04DENSF-DEN3,2.5,active,0.3863,0.6561
2026-10-03T15:44:40.994435+00:00,2026-10-03,2026-10-04,SPREAD,KXNFLSPREAD-26OCT04DENSF,KXNFLSPREAD-26OCT04DENSF-DEN2,1.5,active,0.4269,0.6267
2026-10-03T15:44:40.994435+00:00,2026-10-03,2026-10-04,SPREAD,KXNFLSPREAD-26OCT04DENSF,KXNFLSPREAD-26OCT04DENSF-DEN15,14.5,active,0.0957,0.9346
2026-10-03T15:44:40.994435+00:00,2026-10-03,2026-10-04,SPREAD,KXNFLSPREAD-26OCT04DENSF,KXNFLSPREAD-26OCT04DENSF-DEN14,13.5,active,0.1169,0.9157
2026-10-03T15:44:40.994435+00:00,2026-10-03,2026-10-04,SPREAD,KXNFLSPREAD-26OCT04DENSF,KXNFLSPREAD-26OCT04DENSF-DEN11,10.5,active,0.1484,0.8779
2026-10-03T15:44:40.994435+00:00,2026-10-03,2026-10-04,SPREAD,KXNFLSPREAD-26OCT04DENSF,KXNFLSPREAD-26OCT04DENSF-DEN10,9.5,active,0.1694,0.8589
2026-10-03T15:44:40.994435+00:00,2026-10-03,2026-10-04,SPREAD,KXNFLSPREAD-26OCT04DETCAR,KXNFLSPREAD-26OCT04DETCAR-DET8,7.5,active,0.3761,0.6659
2026-10-03T15:44:40.994435+00:00,2026-10-03,2026-10-04,SPREAD,KXNFLSPREAD-26OCT04DETCAR,KXNFLSPREAD-26OCT04DETCAR-DET7,6.5,active,0.4371,0.6069
2026-10-03T15:44:40.994435+00:00,2026-10-03,2026-10-04,SPREAD,KXNFLSPREAD-26OCT04DETCAR,KXNFLSPREAD-26OCT04DETCAR-DET6,5.5,active,0.4774,0.5673
2026-10-03T15:44:40.994435+00:00,2026-10-03,2026-10-04,SPREAD,KXNFLSPREAD-26OCT04DETCAR,KXNFLSPREAD-26OCT04DETCAR-DET5,4.5,active,0.4975,0.5474
2026-10-03T15:44:40.994435+00:00,2026-10-03,2026-10-04,SPREAD,KXNFLSPREAD-26OCT04DETCAR,KXNFLSPREAD-26OCT04DETCAR-DET4,3.5,active,0.5375,0.5075
2026-10-03T15:44:40.994435+00:00,2026-10-03,2026-10-04,SPREAD,KXNFLSPREAD-26OCT04DETCAR,KXNFLSPREAD-26OCT04DETCAR-DET3,2.5,active,0.6168,0.4269
2026-10-03T15:44:40.994435+00:00,2026-10-03,2026-10-04,SPREAD,KXNFLSPREAD-26OCT04DETCAR,KXNFLSPREAD-26OCT04DETCAR-DET21,20.5,active,0.1274,0.8969
2026-10-03T15:44:40.994435+00:00,2026-10-03,2026-10-04,SPREAD,KXNFLSPREAD-26OCT04DETCAR,KXNFLSPREAD-26OCT04DETCAR-DET2,1.5,active,0.6365,0.4067
2026-10-03T15:44:40.994435+00:00,2026-10-03,2026-10-04,SPREAD,KXNFLSPREAD-26OCT04DETCAR,KXNFLSPREAD-26OCT04DETCAR-DET18,17.5,active,0.1694,0.8589
2026-10-03T15:44:40.994435+00:00,2026-10-03,2026-10-04,SPREAD,KXNFLSPREAD-26OCT04DETCAR,KXNFLSPREAD-26OCT04DETCAR-DET17,16.5,active,0.1903,0.8399
2026-10-03T15:44:40.994435+00:00,2026-10-03,2026-10-04,SPREAD,KXNFLSPREAD-26OCT04DETCAR,KXNFLSPREAD-26OCT04DETCAR-DET15,14.5,active,0.2112,0.8208
2026-10-03T15:44:40.994435+00:00,2026-10-03,2026-10-04,SPREAD,KXNFLSPREAD-26OCT04DETCAR,KXNFLSPREAD-26OCT04DETCAR-DET14,13.5,active,0.2528,0.7824
2026-10-03T15:44:40.994435+00:00,2026-10-03,2026-10-04,SPREAD,KXNFLSPREAD-26OCT04DETCAR,KXNFLSPREAD-26OCT04DETCAR-DET11,10.5,active,0.3044,0.7341
2026-10-03T15:44:40.994435+00:00,2026-10-03,2026-10-04,SPREAD,KXNFLSPREAD-26OCT04DETCAR,KXNFLSPREAD-26OCT04DETCAR-DET10,9.5,active,0.3352,0.705
2026-10-03T15:44:40.994435+00:00,2026-10-03,2026-10-04,SPREAD,KXNFLSPREAD-26OCT04DETCAR,KXNFLSPREAD-26OCT04DETCAR-CAR8,7.5,active,0.1589,0.8684
2026-10-03T15:44:40.994435+00:00,2026-10-03,2026-10-04,SPREAD,KXNFLSPREAD-26OCT04DETCAR,KXNFLSPREAD-26OCT04DETCAR-CAR7,6.5,active,0.1903,0.8399
2026-10-03T15:44:40.994435+00:00,2026-10-03,2026-10-04,SPREAD,KXNFLSPREAD-26OCT04DETCAR,KXNFLSPREAD-26OCT04DETCAR-CAR6,5.5,active,0.2112,0.8208
2026-10-03T15:44:40.994435+00:00,2026-10-03,2026-10-04,SPREAD,KXNFLSPREAD-26OCT04DETCAR,KXNFLSPREAD-26OCT04DETCAR-CAR5,4.5,active,0.232,0.8016
2026-10-03T15:44:40.994435+00:00,2026-10-03,2026-10-04,SPREAD,KXNFLSPREAD-26OCT04DETCAR,KXNFLSPREAD-26OCT04DETCAR-CAR4,3.5,active,0.2528,0.7824
2026-10-03T15:44:40.994435+00:00,2026-10-03,2026-10-04,SPREAD,KXNFLSPREAD-26OCT04DETCAR,KXNFLSPREAD-26OCT04DETCAR-CAR3,2.5,active,0.325,0.7147
2026-10-03T15:44:40.994435+00:00,2026-10-03,2026-10-04,SPREAD,KXNFLSPREAD-26OCT04DETCAR,KXNFLSPREAD-26OCT04DETCAR-CAR2,1.5,active,0.3557,0.6855
2026-10-03T15:44:40.994435+00:00,2026-10-03,2026-10-04,SPREAD,KXNFLSPREAD-26OCT04DETCAR,KXNFLSPREAD-26OCT04DETCAR-CAR15,14.5,active,0.0746,0.9533
2026-10-03T15:44:40.994435+00:00,2026-10-03,2026-10-04,SPREAD,KXNFLSPREAD-26OCT04DETCAR,KXNFLSPREAD-26OCT04DETCAR-CAR14,13.5,active,0.0957,0.9346
2026-10-03T15:44:40.994435+00:00,2026-10-03,2026-10-04,SPREAD,KXNFLSPREAD-26OCT04DETCAR,KXNFLSPREAD-26OCT04DETCAR-CAR11,10.5,active,0.1169,0.9063
2026-10-03T15:44:40.994435+00:00,2026-10-03,2026-10-04,SPREAD,KXNFLSPREAD-26OCT04DETCAR,KXNFLSPREAD-26OCT04DETCAR-CAR10,9.5,active,0.1379,0.8969
2026-10-03T15:44:40.994435+00:00,2026-10-03,2026-10-04,SPREAD,KXNFLSPREAD-26OCT04KCLV,KXNFLSPREAD-26OCT04KCLV-LV8,7.5,active,0.1484,0.8779
2026-10-03T15:44:40.994435+00:00,2026-10-03,2026-10-04,SPREAD,KXNFLSPREAD-26OCT04KCLV,KXNFLSPREAD-26OCT04KCLV-LV7,6.5,active,0.1799,0.8494
2026-10-03T15:44:40.994435+00:00,2026-10-03,2026-10-04,SPREAD,KXNFLSPREAD-26OCT04KCLV,KXNFLSPREAD-26OCT04KCLV-LV6,5.5,active,0.2008,0.8303
2026-10-03T15:44:40.994435+00:00,2026-10-03,2026-10-04,SPREAD,KXNFLSPREAD-26OCT04KCLV,KXNFLSPREAD-26OCT04KCLV-LV5,4.5,active,0.232,0.8016
2026-10-03T15:44:40.994435+00:00,2026-10-03,2026-10-04,SPREAD,KXNFLSPREAD-26OCT04KCLV,KXNFLSPREAD-26OCT04KCLV-LV4,3.5,active,0.232,0.8016
2026-10-03T15:44:40.994435+00:00,2026-10-03,2026-10-04,SPREAD,KXNFLSPREAD-26OCT04KCLV,KXNFLSPREAD-26OCT04KCLV-LV3,2.5,active,0.3044,0.7341
2026-10-03T15:44:40.994435+00:00,2026-10-03,2026-10-04,SPREAD,KXNFLSPREAD-26OCT04KCLV,KXNFLSPREAD-26OCT04KCLV-LV2,1.5,active,0.3352,0.7147
2026-10-03T15:44:40.994435+00:00,2026-10-03,2026-10-04,SPREAD,KXNFLSPREAD-26OCT04KCLV,KXNFLSPREAD-26OCT04KCLV-LV15,14.5,active,0.0746,0.9439
2026-10-03T15:44:40.994435+00:00,2026-10-03,2026-10-04,SPREAD,KXNFLSPREAD-26OCT04KCLV,KXNFLSPREAD-26OCT04KCLV-LV14,13.5,active,0.0852,0.9346
2026-10-03T15:44:40.994435+00:00,2026-10-03,2026-10-04,SPREAD,KXNFLSPREAD-26OCT04KCLV,KXNFLSPREAD-26OCT04KCLV-LV11,10.5,active,0.1063,0.9157
2026-10-03T15:44:40.994435+00:00,2026-10-03,2026-10-04,SPREAD,KXNFLSPREAD-26OCT04KCLV,KXNFLSPREAD-26OCT04KCLV-LV10,9.5,active,0.1169,0.9063
2026-10-03T15:44:40.994435+00:00,2026-10-03,2026-10-04,SPREAD,KXNFLSPREAD-26OCT04KCLV,KXNFLSPREAD-26OCT04KCLV-KC8,7.5,active,0.3965,0.6463
2026-10-03T15:44:40.994435+00:00,2026-10-03,2026-10-04,SPREAD,KXNFLSPREAD-26OCT04KCLV,KXNFLSPREAD-26OCT04KCLV-KC7,6.5,active,0.4572,0.5872
2026-10-03T15:44:40.994435+00:00,2026-10-03,2026-10-04,SPREAD,KXNFLSPREAD-26OCT04KCLV,KXNFLSPREAD-26OCT04KCLV-KC6,5.5,active,0.4975,0.5474
2026-10-03T15:44:40.994435+00:00,2026-10-03,2026-10-04,SPREAD,KXNFLSPREAD-26OCT04KCLV,KXNFLSPREAD-26OCT04KCLV-KC5,4.5,active,0.5175,0.5275
2026-10-03T15:44:40.994435+00:00,2026-10-03,2026-10-04,SPREAD,KXNFLSPREAD-26OCT04KCLV,KXNFLSPREAD-26OCT04KCLV-KC4,3.5,active,0.5574,0.4874
2026-10-03T15:44:40.994435+00:00,2026-10-03,2026-10-04,SPREAD,KXNFLSPREAD-26OCT04KCLV,KXNFLSPREAD-26OCT04KCLV-KC3,2.5,active,0.6365,0.4067
2026-10-03T15:44:40.994435+00:00,2026-10-03,2026-10-04,SPREAD,KXNFLSPREAD-26OCT04KCLV,KXNFLSPREAD-26OCT04KCLV-KC21,20.5,active,0.1274,0.8969
2026-10-03T15:44:40.994435+00:00,2026-10-03,2026-10-04,SPREAD,KXNFLSPREAD-26OCT04KCLV,KXNFLSPREAD-26OCT04KCLV-KC2,1.5,active,0.6561,0.3863
2026-10-03T15:44:40.994435+00:00,2026-10-03,2026-10-04,SPREAD,KXNFLSPREAD-26OCT04KCLV,KXNFLSPREAD-26OCT04KCLV-KC18,17.5,active,0.1694,0.8589
2026-10-03T15:44:40.994435+00:00,2026-10-03,2026-10-04,SPREAD,KXNFLSPREAD-26OCT04KCLV,KXNFLSPREAD-26OCT04KCLV-KC17,16.5,active,0.1903,0.8399
2026-10-03T15:44:40.994435+00:00,2026-10-03,2026-10-04,SPREAD,KXNFLSPREAD-26OCT04KCLV,KXNFLSPREAD-26OCT04KCLV-KC15,14.5,active,0.2216,0.8112
2026-10-03T15:44:40.994435+00:00,2026-10-03,2026-10-04,SPREAD,KXNFLSPREAD-26OCT04KCLV,KXNFLSPREAD-26OCT04KCLV-KC14,13.5,active,0.2631,0.7728
2026-10-03T15:44:40.994435+00:00,2026-10-03,2026-10-04,SPREAD,KXNFLSPREAD-26OCT04KCLV,KXNFLSPREAD-26OCT04KCLV-KC11,10.5,active,0.3147,0.7244
2026-10-03T15:44:40.994435+00:00,2026-10-03,2026-10-04,SPREAD,KXNFLSPREAD-26OCT04KCLV,KXNFLSPREAD-26OCT04KCLV-KC10,9.5,active,0.3557,0.6855
2026-10-03T15:44:40.994435+00:00,2026-10-03,2026-10-04,SPREAD,KXNFLSPREAD-26OCT04MIAMIN,KXNFLSPREAD-26OCT04MIAMIN-MIN8,7.5,active,0.5772,0.4673
2026-10-03T15:44:40.994435+00:00,2026-10-03,2026-10-04,SPREAD,KXNFLSPREAD-26OCT04MIAMIN,KXNFLSPREAD-26OCT04MIAMIN-MIN7,6.5,active,0.6561,0.3863
2026-10-03T15:44:40.994435+00:00,2026-10-03,2026-10-04,SPREAD,KXNFLSPREAD-26OCT04MIAMIN,KXNFLSPREAD-26OCT04MIAMIN-MIN6,5.5,active,0.705,0.3352
2026-10-03T15:44:40.994435+00:00,2026-10-03,2026-10-04,SPREAD,KXNFLSPREAD-26OCT04MIAMIN,KXNFLSPREAD-26OCT04MIAMIN-MIN5,4.5,active,0.7147,0.325
2026-10-03T15:44:40.994435+00:00,2026-10-03,2026-10-04,SPREAD,KXNFLSPREAD-26OCT04MIAMIN,KXNFLSPREAD-26OCT04MIAMIN-MIN4,3.5,active,0.7535,0.2838
2026-10-03T15:44:40.994435+00:00,2026-10-03,2026-10-04,SPREAD,KXNFLSPREAD-26OCT04MIAMIN,KXNFLSPREAD-26OCT04MIAMIN-MIN31,30.5,active,0.0746,0.9439
2026-10-03T15:44:40.994435+00:00,2026-10-03,2026-10-04,SPREAD,KXNFLSPREAD-26OCT04MIAMIN,KXNFLSPREAD-26OCT04MIAMIN-MIN3,2.5,active,0.8016,0.232
2026-10-03T15:44:40.994435+00:00,2026-10-03,2026-10-04,SPREAD,KXNFLSPREAD-26OCT04MIAMIN,KXNFLSPREAD-26OCT04MIAMIN-MIN28,27.5,active,0.1063,0.9157
2026-10-03T15:44:40.994435+00:00,2026-10-03,2026-10-04,SPREAD,KXNFLSPREAD-26OCT04MIAMIN,KXNFLSPREAD-26OCT04MIAMIN-MIN24,23.5,active,0.1694,0.8589
2026-10-03T15:44:40.994435+00:00,2026-10-03,2026-10-04,SPREAD,KXNFLSPREAD-26OCT04MIAMIN,KXNFLSPREAD-26OCT04MIAMIN-MIN21,20.5,active,0.232,0.8016
2026-10-03T15:44:40.994435+00:00,2026-10-03,2026-10-04,SPREAD,KXNFLSPREAD-26OCT04MIAMIN,KXNFLSPREAD-26OCT04MIAMIN-MIN2,1.5,active,0.8208,0.2112
2026-10-03T15:44:40.994435+00:00,2026-10-03,2026-10-04,SPREAD,KXNFLSPREAD-26OCT04MIAMIN,KXNFLSPREAD-26OCT04MIAMIN-MIN18,17.5,active,0.2838,0.7535
2026-10-03T15:44:40.994435+00:00,2026-10-03,2026-10-04,SPREAD,KXNFLSPREAD-26OCT04MIAMIN,KXNFLSPREAD-26OCT04MIAMIN-MIN17,16.5,active,0.3352,0.705
2026-10-03T15:44:40.994435+00:00,2026-10-03,2026-10-04,SPREAD,KXNFLSPREAD-26OCT04MIAMIN,KXNFLSPREAD-26OCT04MIAMIN-MIN15,14.5,active,0.3863,0.6561
2026-10-03T15:44:40.994435+00:00,2026-10-03,2026-10-04,SPREAD,KXNFLSPREAD-26OCT04MIAMIN,KXNFLSPREAD-26OCT04MIAMIN-MIN14,13.5,active,0.4269,0.6168
2026-10-03T15:44:40.994435+00:00,2026-10-03,2026-10-04,SPREAD,KXNFLSPREAD-26OCT04MIAMIN,KXNFLSPREAD-26OCT04MIAMIN-MIN11,10.5,active,0.4874,0.5574
2026-10-03T15:44:40.994435+00:00,2026-10-03,2026-10-04,SPREAD,KXNFLSPREAD-26OCT04MIAMIN,KXNFLSPREAD-26OCT04MIAMIN-MIN10,9.5,active,0.5375,0.5075
2026-10-03T15:44:40.994435+00:00,2026-10-03,2026-10-04,SPREAD,KXNFLSPREAD-26OCT04MIAMIN,KXNFLSPREAD-26OCT04MIAMIN-MIA8,7.5,active,0.0746,0.9533
2026-10-03T15:44:40.994435+00:00,2026-10-03,2026-10-04,SPREAD,KXNFLSPREAD-26OCT04MIAMIN,KXNFLSPREAD-26OCT04MIAMIN-MIA7,6.5,active,0.0852,0.9346
2026-10-03T15:44:40.994435+00:00,2026-10-03,2026-10-04,SPREAD,KXNFLSPREAD-26OCT04MIAMIN,KXNFLSPREAD-26OCT04MIAMIN-MIA6,5.5,active,0.0957,0.9252
2026-10-03T15:44:40.994435+00:00,2026-10-03,2026-10-04,SPREAD,KXNFLSPREAD-26OCT04MIAMIN,KXNFLSPREAD-26OCT04MIAMIN-MIA5,4.5,active,0.1063,0.9157
2026-10-03T15:44:40.994435+00:00,2026-10-03,2026-10-04,SPREAD,KXNFLSPREAD-26OCT04MIAMIN,KXNFLSPREAD-26OCT04MIAMIN-MIA4,3.5,active,0.1274,0.9063
2026-10-03T15:44:40.994435+00:00,2026-10-03,2026-10-04,SPREAD,KXNFLSPREAD-26OCT04MIAMIN,KXNFLSPREAD-26OCT04MIAMIN-MIA3,2.5,active,0.1589,0.8684
2026-10-03T15:44:40.994435+00:00,2026-10-03,2026-10-04,SPREAD,KXNFLSPREAD-26OCT04MIAMIN,KXNFLSPREAD-26OCT04MIAMIN-MIA2,1.5,active,0.1694,0.8589
2026-10-03T15:44:40.994435+00:00,2026-10-03,2026-10-04,SPREAD,KXNFLSPREAD-26OCT04MIAMIN,KXNFLSPREAD-26OCT04MIAMIN-MIA11,10.5,active,0.0533,0.9627
2026-10-03T15:44:40.994435+00:00,2026-10-03,2026-10-04,SPREAD,KXNFLSPREAD-26OCT04MIAMIN,KXNFLSPREAD-26OCT04MIAMIN-MIA10,9.5,active,0.0639,0.9533
2026-10-03T15:44:40.994435+00:00,2026-10-03,2026-10-04,SPREAD,KXNFLSPREAD-26OCT04TENBAL,KXNFLSPREAD-26OCT04TENBAL-TEN8,7.5,active,0.0639,0.9627
2026-10-03T15:44:40.994435+00:00,2026-10-03,2026-10-04,SPREAD,KXNFLSPREAD-26OCT04TENBAL,KXNFLSPREAD-26OCT04TENBAL-TEN7,6.5,active,0.0746,0.9533
2026-10-03T15:44:40.994435+00:00,2026-10-03,2026-10-04,SPREAD,KXNFLSPREAD-26OCT04TENBAL,KXNFLSPREAD-26OCT04TENBAL-TEN6,5.5,active,0.0852,0.9346
2026-10-03T15:44:40.994435+00:00,2026-10-03,2026-10-04,SPREAD,KXNFLSPREAD-26OCT04TENBAL,KXNFLSPREAD-26OCT04TENBAL-TEN5,4.5,active,0.0957,0.9252
2026-10-03T15:44:40.994435+00:00,2026-10-03,2026-10-04,SPREAD,KXNFLSPREAD-26OCT04TENBAL,KXNFLSPREAD-26OCT04TENBAL-TEN4,3.5,active,0.1063,0.9157
2026-10-03T15:44:40.994435+00:00,2026-10-03,2026-10-04,SPREAD,KXNFLSPREAD-26OCT04TENBAL,KXNFLSPREAD-26OCT04TENBAL-TEN3,2.5,active,0.1379,0.8874
2026-10-03T15:44:40.994435+00:00,2026-10-03,2026-10-04,SPREAD,KXNFLSPREAD-26OCT04TENBAL,KXNFLSPREAD-26OCT04TENBAL-TEN2,1.5,active,0.1484,0.8779
2026-10-03T15:44:40.994435+00:00,2026-10-03,2026-10-04,SPREAD,KXNFLSPREAD-26OCT04TENBAL,KXNFLSPREAD-26OCT04TENBAL-TEN11,10.5,active,0.032,0.9814
2026-10-03T15:44:40.994435+00:00,2026-10-03,2026-10-04,SPREAD,KXNFLSPREAD-26OCT04TENBAL,KXNFLSPREAD-26OCT04TENBAL-TEN10,9.5,active,0.0427,0.972
2026-10-03T15:44:40.994435+00:00,2026-10-03,2026-10-04,SPREAD,KXNFLSPREAD-26OCT04TENBAL,KXNFLSPREAD-26OCT04TENBAL-BAL8,7.5,active,0.6267,0.4168
2026-10-03T15:44:40.994435+00:00,2026-10-03,2026-10-04,SPREAD,KXNFLSPREAD-26OCT04TENBAL,KXNFLSPREAD-26OCT04TENBAL-BAL7,6.5,active,0.6952,0.3455
2026-10-03T15:44:40.994435+00:00,2026-10-03,2026-10-04,SPREAD,KXNFLSPREAD-26OCT04TENBAL,KXNFLSPREAD-26OCT04TENBAL-BAL6,5.5,active,0.7147,0.325
2026-10-03T15:44:40.994435+00:00,2026-10-03,2026-10-04,SPREAD,KXNFLSPREAD-26OCT04TENBAL,KXNFLSPREAD-26OCT04TENBAL-BAL5,4.5,active,0.7438,0.2941
2026-10-03T15:44:40.994435+00:00,2026-10-03,2026-10-04,SPREAD,KXNFLSPREAD-26OCT04TENBAL,KXNFLSPREAD-26OCT04TENBAL-BAL4,3.5,active,0.7631,0.2735
2026-10-03T15:44:40.994435+00:00,2026-10-03,2026-10-04,SPREAD,KXNFLSPREAD-26OCT04TENBAL,KXNFLSPREAD-26OCT04TENBAL-BAL31,30.5,active,0.0957,0.9252
2026-10-03T15:44:40.994435+00:00,2026-10-03,2026-10-04,SPREAD,KXNFLSPREAD-26OCT04TENBAL,KXNFLSPREAD-26OCT04TENBAL-BAL3,2.5,active,0.8303,0.2008
2026-10-03T15:44:40.994435+00:00,2026-10-03,2026-10-04,SPREAD,KXNFLSPREAD-26OCT04TENBAL,KXNFLSPREAD-26OCT04TENBAL-BAL28,27.5,active,0.1274,0.8969
2026-10-03T15:44:40.994435+00:00,2026-10-03,2026-10-04,SPREAD,KXNFLSPREAD-26OCT04TENBAL,KXNFLSPREAD-26OCT04TENBAL-BAL24,23.5,active,0.2112,0.8208
2026-10-03T15:44:40.994435+00:00,2026-10-03,2026-10-04,SPREAD,KXNFLSPREAD-26OCT04TENBAL,KXNFLSPREAD-26OCT04TENBAL-BAL21,20.5,active,0.2735,0.7631
2026-10-03T15:44:40.994435+00:00,2026-10-03,2026-10-04,SPREAD,KXNFLSPREAD-26OCT04TENBAL,KXNFLSPREAD-26OCT04TENBAL-BAL2,1.5,active,0.8399,0.1903
2026-10-03T15:44:40.994435+00:00,2026-10-03,2026-10-04,SPREAD,KXNFLSPREAD-26OCT04TENBAL,KXNFLSPREAD-26OCT04TENBAL-BAL18,17.5,active,0.3352,0.705
2026-10-03T15:44:40.994435+00:00,2026-10-03,2026-10-04,SPREAD,KXNFLSPREAD-26OCT04TENBAL,KXNFLSPREAD-26OCT04TENBAL-BAL17,16.5,active,0.3863,0.6561
2026-10-03T15:44:40.994435+00:00,2026-10-03,2026-10-04,SPREAD,KXNFLSPREAD-26OCT04TENBAL,KXNFLSPREAD-26OCT04TENBAL-BAL15,14.5,active,0.4168,0.6267
2026-10-03T15:44:40.994435+00:00,2026-10-03,2026-10-04,SPREAD,KXNFLSPREAD-26OCT04TENBAL,KXNFLSPREAD-26OCT04TENBAL-BAL14,13.5,active,0.4673,0.5772
2026-10-03T15:44:40.994435+00:00,2026-10-03,2026-10-04,SPREAD,KXNFLSPREAD-26OCT04TENBAL,KXNFLSPREAD-26OCT04TENBAL-BAL12,11.5,active,0.5175,0.5275
2026-10-03T15:44:40.994435+00:00,2026-10-03,2026-10-04,SPREAD,KXNFLSPREAD-26OCT04TENBAL,KXNFLSPREAD-26OCT04TENBAL-BAL11,10.5,active,0.5474,0.4975
2026-10-03T15:44:40.994435+00:00,2026-10-03,2026-10-04,SPREAD,KXNFLSPREAD-26OCT04TENBAL,KXNFLSPREAD-26OCT04TENBAL-BAL10,9.5,active,0.5971,0.4472
2026-10-03T15:44:40.994435+00:00,2026-10-03,2026-10-04,SPREAD,KXNFLSPREAD-26OCT04DALHOU,KXNFLSPREAD-26OCT04DALHOU-HOU8,7.5,active,0.325,0.7147
2026-10-03T15:44:40.994435+00:00,2026-10-03,2026-10-04,SPREAD,KXNFLSPREAD-26OCT04DALHOU,KXNFLSPREAD-26OCT04DALHOU-HOU7,6.5,active,0.3863,0.6659
2026-10-03T15:44:40.994435+00:00,2026-10-03,2026-10-04,SPREAD,KXNFLSPREAD-26OCT04DALHOU,KXNFLSPREAD-26OCT04DALHOU-HOU6,5.5,active,0.4269,0.6168
2026-10-03T15:44:40.994435+00:00,2026-10-03,2026-10-04,SPREAD,KXNFLSPREAD-26OCT04DALHOU,KXNFLSPREAD-26OCT04DALHOU-HOU5,4.5,active,0.4371,0.6069
2026-10-03T15:44:40.994435+00:00,2026-10-03,2026-10-04,SPREAD,KXNFLSPREAD-26OCT04DALHOU,KXNFLSPREAD-26OCT04DALHOU-HOU4,3.5,active,0.4673,0.5772
2026-10-03T15:44:40.994435+00:00,2026-10-03,2026-10-04,SPREAD,KXNFLSPREAD-26OCT04DALHOU,KXNFLSPREAD-26OCT04DALHOU-HOU3,2.5,active,0.5574,0.4874
2026-10-03T15:44:40.994435+00:00,2026-10-03,2026-10-04,SPREAD,KXNFLSPREAD-26OCT04DALHOU,KXNFLSPREAD-26OCT04DALHOU-HOU21,20.5,active,0.1063,0.9157
2026-10-03T15:44:40.994435+00:00,2026-10-03,2026-10-04,SPREAD,KXNFLSPREAD-26OCT04DALHOU,KXNFLSPREAD-26OCT04DALHOU-HOU2,1.5,active,0.5772,0.4673
2026-10-03T15:44:40.994435+00:00,2026-10-03,2026-10-04,SPREAD,KXNFLSPREAD-26OCT04DALHOU,KXNFLSPREAD-26OCT04DALHOU-HOU18,17.5,active,0.1379,0.8969
2026-10-03T15:44:40.994435+00:00,2026-10-03,2026-10-04,SPREAD,KXNFLSPREAD-26OCT04DALHOU,KXNFLSPREAD-26OCT04DALHOU-HOU17,16.5,active,0.1694,0.8684
2026-10-03T15:44:40.994435+00:00,2026-10-03,2026-10-04,SPREAD,KXNFLSPREAD-26OCT04DALHOU,KXNFLSPREAD-26OCT04DALHOU-HOU15,14.5,active,0.1799,0.8494
2026-10-03T15:44:40.994435+00:00,2026-10-03,2026-10-04,SPREAD,KXNFLSPREAD-26OCT04DALHOU,KXNFLSPREAD-26OCT04DALHOU-HOU14,13.5,active,0.2008,0.8303
2026-10-03T15:44:40.994435+00:00,2026-10-03,2026-10-04,SPREAD,KXNFLSPREAD-26OCT04DALHOU,KXNFLSPREAD-26OCT04DALHOU-HOU11,10.5,active,0.2735,0.7631
2026-10-03T15:44:40.994435+00:00,2026-10-03,2026-10-04,SPREAD,KXNFLSPREAD-26OCT04DALHOU,KXNFLSPREAD-26OCT04DALHOU-HOU10,9.5,active,0.3044,0.7341
2026-10-03T15:44:40.994435+00:00,2026-10-03,2026-10-04,SPREAD,KXNFLSPREAD-26OCT04DALHOU,KXNFLSPREAD-26OCT04DALHOU-DAL8,7.5,active,0.2112,0.8208
2026-10-03T15:44:40.994435+00:00,2026-10-03,2026-10-04,SPREAD,KXNFLSPREAD-26OCT04DALHOU,KXNFLSPREAD-26OCT04DALHOU-DAL7,6.5,active,0.2528,0.792
2026-10-03T15:44:40.994435+00:00,2026-10-03,2026-10-04,SPREAD,KXNFLSPREAD-26OCT04DALHOU,KXNFLSPREAD-26OCT04DALHOU-DAL6,5.5,active,0.2735,0.7631
2026-10-03T15:44:40.994435+00:00,2026-10-03,2026-10-04,SPREAD,KXNFLSPREAD-26OCT04DALHOU,KXNFLSPREAD-26OCT04DALHOU-DAL5,4.5,active,0.2838,0.7535
2026-10-03T15:44:40.994435+00:00,2026-10-03,2026-10-04,SPREAD,KXNFLSPREAD-26OCT04DALHOU,KXNFLSPREAD-26OCT04DALHOU-DAL4,3.5,active,0.3147,0.7244
2026-10-03T15:44:40.994435+00:00,2026-10-03,2026-10-04,SPREAD,KXNFLSPREAD-26OCT04DALHOU,KXNFLSPREAD-26OCT04DALHOU-DAL3,2.5,active,0.3965,0.6463
2026-10-03T15:44:40.994435+00:00,2026-10-03,2026-10-04,SPREAD,KXNFLSPREAD-26OCT04DALHOU,KXNFLSPREAD-26OCT04DALHOU-DAL2,1.5,active,0.4067,0.6365
2026-10-03T15:44:40.994435+00:00,2026-10-03,2026-10-04,SPREAD,KXNFLSPREAD-26OCT04DALHOU,KXNFLSPREAD-26OCT04DALHOU-DAL15,14.5,active,0.1063,0.9157
2026-10-03T15:44:40.994435+00:00,2026-10-03,2026-10-04,SPREAD,KXNFLSPREAD-26OCT04DALHOU,KXNFLSPREAD-26OCT04DALHOU-DAL14,13.5,active,0.1169,0.9063
2026-10-03T15:44:40.994435+00:00,2026-10-03,2026-10-04,SPREAD,KXNFLSPREAD-26OCT04DALHOU,KXNFLSPREAD-26OCT04DALHOU-DAL11,10.5,active,0.1484,0.8779
2026-10-03T15:44:40.994435+00:00,2026-10-03,2026-10-04,SPREAD,KXNFLSPREAD-26OCT04DALHOU,KXNFLSPREAD-26OCT04DALHOU-DAL10,9.5,active,0.1694,0.8589
2026-10-03T15:44:40.994435+00:00,2026-10-03,2026-10-04,SPREAD,KXNFLSPREAD-26OCT04LACSEA,KXNFLSPREAD-26OCT04LACSEA-SEA8,7.5,active,0.4975,0.5474
2026-10-03T15:44:40.994435+00:00,2026-10-03,2026-10-04,SPREAD,KXNFLSPREAD-26OCT04LACSEA,KXNFLSPREAD-26OCT04LACSEA-SEA7,6.5,active,0.5673,0.4774
2026-10-03T15:44:40.994435+00:00,2026-10-03,2026-10-04,SPREAD,KXNFLSPREAD-26OCT04LACSEA,KXNFLSPREAD-26OCT04LACSEA-SEA6,5.5,active,0.6069,0.4371
2026-10-03T15:44:40.994435+00:00,2026-10-03,2026-10-04,SPREAD,KXNFLSPREAD-26OCT04LACSEA,KXNFLSPREAD-26OCT04LACSEA-SEA5,4.5,active,0.6267,0.4168
2026-10-03T15:44:40.994435+00:00,2026-10-03,2026-10-04,SPREAD,KXNFLSPREAD-26OCT04LACSEA,KXNFLSPREAD-26OCT04LACSEA-SEA4,3.5,active,0.6561,0.3863
2026-10-03T15:44:40.994435+00:00,2026-10-03,2026-10-04,SPREAD,KXNFLSPREAD-26OCT04LACSEA,KXNFLSPREAD-26OCT04LACSEA-SEA3,2.5,active,0.7244,0.3147
2026-10-03T15:44:40.994435+00:00,2026-10-03,2026-10-04,SPREAD,KXNFLSPREAD-26OCT04LACSEA,KXNFLSPREAD-26OCT04LACSEA-SEA28,27.5,active,0.0746,0.9439
2026-10-03T15:44:40.994435+00:00,2026-10-03,2026-10-04,SPREAD,KXNFLSPREAD-26OCT04LACSEA,KXNFLSPREAD-26OCT04LACSEA-SEA24,23.5,active,0.1274,0.8969
2026-10-03T15:44:40.994435+00:00,2026-10-03,2026-10-04,SPREAD,KXNFLSPREAD-26OCT04LACSEA,KXNFLSPREAD-26OCT04LACSEA-SEA21,20.5,active,0.1694,0.8589
2026-10-03T15:44:40.994435+00:00,2026-10-03,2026-10-04,SPREAD,KXNFLSPREAD-26OCT04LACSEA,KXNFLSPREAD-26OCT04LACSEA-SEA2,1.5,active,0.7535,0.2838
2026-10-03T15:44:40.994435+00:00,2026-10-03,2026-10-04,SPREAD,KXNFLSPREAD-26OCT04LACSEA,KXNFLSPREAD-26OCT04LACSEA-SEA18,17.5,active,0.232,0.8016
2026-10-03T15:44:40.994435+00:00,2026-10-03,2026-10-04,SPREAD,KXNFLSPREAD-26OCT04LACSEA,KXNFLSPREAD-26OCT04LACSEA-SEA17,16.5,active,0.2631,0.7728
2026-10-03T15:44:40.994435+00:00,2026-10-03,2026-10-04,SPREAD,KXNFLSPREAD-26OCT04LACSEA,KXNFLSPREAD-26OCT04LACSEA-SEA15,14.5,active,0.2941,0.7438
2026-10-03T15:44:40.994435+00:00,2026-10-03,2026-10-04,SPREAD,KXNFLSPREAD-26OCT04LACSEA,KXNFLSPREAD-26OCT04LACSEA-SEA14,13.5,active,0.3352,0.705
2026-10-03T15:44:40.994435+00:00,2026-10-03,2026-10-04,SPREAD,KXNFLSPREAD-26OCT04LACSEA,KXNFLSPREAD-26OCT04LACSEA-SEA11,10.5,active,0.4067,0.6365
2026-10-03T15:44:40.994435+00:00,2026-10-03,2026-10-04,SPREAD,KXNFLSPREAD-26OCT04LACSEA,KXNFLSPREAD-26OCT04LACSEA-SEA10,9.5,active,0.4572,0.5872
2026-10-03T15:44:40.994435+00:00,2026-10-03,2026-10-04,SPREAD,KXNFLSPREAD-26OCT04LACSEA,KXNFLSPREAD-26OCT04LACSEA-LAC8,7.5,active,0.0957,0.9252
2026-10-03T15:44:40.994435+00:00,2026-10-03,2026-10-04,SPREAD,KXNFLSPREAD-26OCT04LACSEA,KXNFLSPREAD-26OCT04LACSEA-LAC7,6.5,active,0.1274,0.8969
2026-10-03T15:44:40.994435+00:00,2026-10-03,2026-10-04,SPREAD,KXNFLSPREAD-26OCT04LACSEA,KXNFLSPREAD-26OCT04LACSEA-LAC6,5.5,active,0.1484,0.8779
2026-10-03T15:44:40.994435+00:00,2026-10-03,2026-10-04,SPREAD,KXNFLSPREAD-26OCT04LACSEA,KXNFLSPREAD-26OCT04LACSEA-LAC5,4.5,active,0.1589,0.8684
2026-10-03T15:44:40.994435+00:00,2026-10-03,2026-10-04,SPREAD,KXNFLSPREAD-26OCT04LACSEA,KXNFLSPREAD-26OCT04LACSEA-LAC4,3.5,active,0.1799,0.8494
2026-10-03T15:44:40.994435+00:00,2026-10-03,2026-10-04,SPREAD,KXNFLSPREAD-26OCT04LACSEA,KXNFLSPREAD-26OCT04LACSEA-LAC3,2.5,active,0.2216,0.8112
2026-10-03T15:44:40.994435+00:00,2026-10-03,2026-10-04,SPREAD,KXNFLSPREAD-26OCT04LACSEA,KXNFLSPREAD-26OCT04LACSEA-LAC2,1.5,active,0.232,0.8016
2026-10-03T15:44:40.994435+00:00,2026-10-03,2026-10-04,SPREAD,KXNFLSPREAD-26OCT04LACSEA,KXNFLSPREAD-26OCT04LACSEA-LAC15,14.5,active,0.0533,0.972
2026-10-03T15:44:40.994435+00:00,2026-10-03,2026-10-04,SPREAD,KXNFLSPREAD-26OCT04LACSEA,KXNFLSPREAD-26OCT04LACSEA-LAC14,13.5,active,0.0639,0.9627
2026-10-03T15:44:40.994435+00:00,2026-10-03,2026-10-04,SPREAD,KXNFLSPREAD-26OCT04LACSEA,KXNFLSPREAD-26OCT04LACSEA-LAC11,10.5,active,0.0746,0.9533
2026-10-03T15:44:40.994435+00:00,2026-10-03,2026-10-04,SPREAD,KXNFLSPREAD-26OCT04LACSEA,KXNFLSPREAD-26OCT04LACSEA-LAC10,9.5,active,0.0852,0.9439
2026-10-03T15:44:40.994435+00:00,2026-10-03,2026-10-04,SPREAD,KXNFLSPREAD-26OCT04ARINYG,KXNFLSPREAD-26OCT04ARINYG-NYG8,7.5,active,0.2112,0.8208
2026-10-03T15:44:40.994435+00:00,2026-10-03,2026-10-04,SPREAD,KXNFLSPREAD-26OCT04ARINYG,KXNFLSPREAD-26OCT04ARINYG-NYG7,6.5,active,0.2631,0.7728
2026-10-03T15:44:40.994435+00:00,2026-10-03,2026-10-04,SPREAD,KXNFLSPREAD-26OCT04ARINYG,KXNFLSPREAD-26OCT04ARINYG-NYG6,5.5,active,0.2838,0.7535
2026-10-03T15:44:40.994435+00:00,2026-10-03,2026-10-04,SPREAD,KXNFLSPREAD-26OCT04ARINYG,KXNFLSPREAD-26OCT04ARINYG-NYG5,4.5,active,0.3147,0.7244
2026-10-03T15:44:40.994435+00:00,2026-10-03,2026-10-04,SPREAD,KXNFLSPREAD-26OCT04ARINYG,KXNFLSPREAD-26OCT04ARINYG-NYG4,3.5,active,0.325,0.7147
2026-10-03T15:44:40.994435+00:00,2026-10-03,2026-10-04,SPREAD,KXNFLSPREAD-26OCT04ARINYG,KXNFLSPREAD-26OCT04ARINYG-NYG3,2.5,active,0.3965,0.6463
2026-10-03T15:44:40.994435+00:00,2026-10-03,2026-10-04,SPREAD,KXNFLSPREAD-26OCT04ARINYG,KXNFLSPREAD-26OCT04ARINYG-NYG21,20.5,active,0.0533,0.9627
2026-10-03T15:44:40.994435+00:00,2026-10-03,2026-10-04,SPREAD,KXNFLSPREAD-26OCT04ARINYG,KXNFLSPREAD-26OCT04ARINYG-NYG2,1.5,active,0.4269,0.6168
2026-10-03T15:44:40.994435+00:00,2026-10-03,2026-10-04,SPREAD,KXNFLSPREAD-26OCT04ARINYG,KXNFLSPREAD-26OCT04ARINYG-NYG18,17.5,active,0.0746,0.9533
2026-10-03T15:44:40.994435+00:00,2026-10-03,2026-10-04,SPREAD,KXNFLSPREAD-26OCT04ARINYG,KXNFLSPREAD-26OCT04ARINYG-NYG17,16.5,active,0.0957,0.9346
2026-10-03T15:44:40.994435+00:00,2026-10-03,2026-10-04,SPREAD,KXNFLSPREAD-26OCT04ARINYG,KXNFLSPREAD-26OCT04ARINYG-NYG15,14.5,active,0.1063,0.9157
2026-10-03T15:44:40.994435+00:00,2026-10-03,2026-10-04,SPREAD,KXNFLSPREAD-26OCT04ARINYG,KXNFLSPREAD-26OCT04ARINYG-NYG14,13.5,active,0.1274,0.8969
2026-10-03T15:44:40.994435+00:00,2026-10-03,2026-10-04,SPREAD,KXNFLSPREAD-26OCT04ARINYG,KXNFLSPREAD-26OCT04ARINYG-NYG11,10.5,active,0.1589,0.8684
2026-10-03T15:44:40.994435+00:00,2026-10-03,2026-10-04,SPREAD,KXNFLSPREAD-26OCT04ARINYG,KXNFLSPREAD-26OCT04ARINYG-NYG10,9.5,active,0.1799,0.8494
2026-10-03T15:44:40.994435+00:00,2026-10-03,2026-10-04,SPREAD,KXNFLSPREAD-26OCT04ARINYG,KXNFLSPREAD-26OCT04ARINYG-ARI8,7.5,active,0.2941,0.7438
2026-10-03T15:44:40.994435+00:00,2026-10-03,2026-10-04,SPREAD,KXNFLSPREAD-26OCT04ARINYG,KXNFLSPREAD-26OCT04ARINYG-ARI7,6.5,active,0.3557,0.6855
2026-10-03T15:44:40.994435+00:00,2026-10-03,2026-10-04,SPREAD,KXNFLSPREAD-26OCT04ARINYG,KXNFLSPREAD-26OCT04ARINYG-ARI6,5.5,active,0.3965,0.6463
2026-10-03T15:44:40.994435+00:00,2026-10-03,2026-10-04,SPREAD,KXNFLSPREAD-26OCT04ARINYG,KXNFLSPREAD-26OCT04ARINYG-ARI5,4.5,active,0.4168,0.6267
2026-10-03T15:44:40.994435+00:00,2026-10-03,2026-10-04,SPREAD,KXNFLSPREAD-26OCT04ARINYG,KXNFLSPREAD-26OCT04ARINYG-ARI4,3.5,active,0.4572,0.5872
2026-10-03T15:44:40.994435+00:00,2026-10-03,2026-10-04,SPREAD,KXNFLSPREAD-26OCT04ARINYG,KXNFLSPREAD-26OCT04ARINYG-ARI3,2.5,active,0.5275,0.5175
2026-10-03T15:44:40.994435+00:00,2026-10-03,2026-10-04,SPREAD,KXNFLSPREAD-26OCT04ARINYG,KXNFLSPREAD-26OCT04ARINYG-ARI2,1.5,active,0.5574,0.4874
2026-10-03T15:44:40.994435+00:00,2026-10-03,2026-10-04,SPREAD,KXNFLSPREAD-26OCT04ARINYG,KXNFLSPREAD-26OCT04ARINYG-ARI15,14.5,active,0.1589,0.8684
2026-10-03T15:44:40.994435+00:00,2026-10-03,2026-10-04,SPREAD,KXNFLSPREAD-26OCT04ARINYG,KXNFLSPREAD-26OCT04ARINYG-ARI14,13.5,active,0.1903,0.8399
2026-10-03T15:44:40.994435+00:00,2026-10-03,2026-10-04,SPREAD,KXNFLSPREAD-26OCT04ARINYG,KXNFLSPREAD-26OCT04ARINYG-ARI11,10.5,active,0.232,0.8016
2026-10-03T15:44:40.994435+00:00,2026-10-03,2026-10-04,SPREAD,KXNFLSPREAD-26OCT04ARINYG,KXNFLSPREAD-26OCT04ARINYG-ARI10,9.5,active,0.2631,0.7824
2026-10-03T15:44:40.994435+00:00,2026-10-03,2026-10-04,SPREAD,KXNFLSPREAD-26OCT04LARPHI,KXNFLSPREAD-26OCT04LARPHI-PHI8,7.5,active,0.1589,0.8684
2026-10-03T15:44:40.994435+00:00,2026-10-03,2026-10-04,SPREAD,KXNFLSPREAD-26OCT04LARPHI,KXNFLSPREAD-26OCT04LARPHI-PHI7,6.5,active,0.2008,0.8303
2026-10-03T15:44:40.994435+00:00,2026-10-03,2026-10-04,SPREAD,KXNFLSPREAD-26OCT04LARPHI,KXNFLSPREAD-26OCT04LARPHI-PHI6,5.5,active,0.2216,0.8112
2026-10-03T15:44:40.994435+00:00,2026-10-03,2026-10-04,SPREAD,KXNFLSPREAD-26OCT04LARPHI,KXNFLSPREAD-26OCT04LARPHI-PHI5,4.5,active,0.2424,0.792
2026-10-03T15:44:40.994435+00:00,2026-10-03,2026-10-04,SPREAD,KXNFLSPREAD-26OCT04LARPHI,KXNFLSPREAD-26OCT04LARPHI-PHI4,3.5,active,0.2735,0.7631
2026-10-03T15:44:40.994435+00:00,2026-10-03,2026-10-04,SPREAD,KXNFLSPREAD-26OCT04LARPHI,KXNFLSPREAD-26OCT04LARPHI-PHI3,2.5,active,0.3455,0.6952
2026-10-03T15:44:40.994435+00:00,2026-10-03,2026-10-04,SPREAD,KXNFLSPREAD-26OCT04LARPHI,KXNFLSPREAD-26OCT04LARPHI-PHI2,1.5,active,0.3659,0.6757
2026-10-03T15:44:40.994435+00:00,2026-10-03,2026-10-04,SPREAD,KXNFLSPREAD-26OCT04LARPHI,KXNFLSPREAD-26OCT04LARPHI-PHI15,14.5,active,0.0852,0.9439
2026-10-03T15:44:40.994435+00:00,2026-10-03,2026-10-04,SPREAD,KXNFLSPREAD-26OCT04LARPHI,KXNFLSPREAD-26OCT04LARPHI-PHI14,13.5,active,0.1063,0.9157
2026-10-03T15:44:40.994435+00:00,2026-10-03,2026-10-04,SPREAD,KXNFLSPREAD-26OCT04LARPHI,KXNFLSPREAD-26OCT04LARPHI-PHI11,10.5,active,0.1274,0.9063
2026-10-03T15:44:40.994435+00:00,2026-10-03,2026-10-04,SPREAD,KXNFLSPREAD-26OCT04LARPHI,KXNFLSPREAD-26OCT04LARPHI-PHI10,9.5,active,0.1274,0.8969
2026-10-03T15:44:40.994435+00:00,2026-10-03,2026-10-04,SPREAD,KXNFLSPREAD-26OCT04LARPHI,KXNFLSPREAD-26OCT04LARPHI-LAR8,7.5,active,0.3659,0.6757
2026-10-03T15:44:40.994435+00:00,2026-10-03,2026-10-04,SPREAD,KXNFLSPREAD-26OCT04LARPHI,KXNFLSPREAD-26OCT04LARPHI-LAR7,6.5,active,0.4269,0.6168
2026-10-03T15:44:40.994435+00:00,2026-10-03,2026-10-04,SPREAD,KXNFLSPREAD-26OCT04LARPHI,KXNFLSPREAD-26OCT04LARPHI-LAR6,5.5,active,0.4673,0.5772
2026-10-03T15:44:40.994435+00:00,2026-10-03,2026-10-04,SPREAD,KXNFLSPREAD-26OCT04LARPHI,KXNFLSPREAD-26OCT04LARPHI-LAR5,4.5,active,0.4874,0.5574
2026-10-03T15:44:40.994435+00:00,2026-10-03,2026-10-04,SPREAD,KXNFLSPREAD-26OCT04LARPHI,KXNFLSPREAD-26OCT04LARPHI-LAR4,3.5,active,0.5275,0.5175
2026-10-03T15:44:40.994435+00:00,2026-10-03,2026-10-04,SPREAD,KXNFLSPREAD-26OCT04LARPHI,KXNFLSPREAD-26OCT04LARPHI-LAR3,2.5,active,0.6267,0.4168
2026-10-03T15:44:40.994435+00:00,2026-10-03,2026-10-04,SPREAD,KXNFLSPREAD-26OCT04LARPHI,KXNFLSPREAD-26OCT04LARPHI-LAR21,20.5,active,0.1169,0.9063
2026-10-03T15:44:40.994435+00:00,2026-10-03,2026-10-04,SPREAD,KXNFLSPREAD-26OCT04LARPHI,KXNFLSPREAD-26OCT04LARPHI-LAR2,1.5,active,0.6267,0.4168
2026-10-03T15:44:40.994435+00:00,2026-10-03,2026-10-04,SPREAD,KXNFLSPREAD-26OCT04LARPHI,KXNFLSPREAD-26OCT04LARPHI-LAR18,17.5,active,0.1589,0.8684
2026-10-03T15:44:40.994435+00:00,2026-10-03,2026-10-04,SPREAD,KXNFLSPREAD-26OCT04LARPHI,KXNFLSPREAD-26OCT04LARPHI-LAR17,16.5,active,0.1799,0.8494
2026-10-03T15:44:40.994435+00:00,2026-10-03,2026-10-04,SPREAD,KXNFLSPREAD-26OCT04LARPHI,KXNFLSPREAD-26OCT04LARPHI-LAR15,14.5,active,0.2008,0.8303
2026-10-03T15:44:40.994435+00:00,2026-10-03,2026-10-04,SPREAD,KXNFLSPREAD-26OCT04LARPHI,KXNFLSPREAD-26OCT04LARPHI-LAR14,13.5,active,0.2424,0.792
2026-10-03T15:44:40.994435+00:00,2026-10-03,2026-10-04,SPREAD,KXNFLSPREAD-26OCT04LARPHI,KXNFLSPREAD-26OCT04LARPHI-LAR11,10.5,active,0.2941,0.7438
2026-10-03T15:44:40.994435+00:00,2026-10-03,2026-10-04,SPREAD,KXNFLSPREAD-26OCT04LARPHI,KXNFLSPREAD-26OCT04LARPHI-LAR10,9.5,active,0.325,0.7147
2026-10-03T15:44:40.994435+00:00,2026-10-03,2026-10-04,SPREAD,KXNFLSPREAD-26OCT04GBTB,KXNFLSPREAD-26OCT04GBTB-TB8,7.5,active,0.1799,0.8494
2026-10-03T15:44:40.994435+00:00,2026-10-03,2026-10-04,SPREAD,KXNFLSPREAD-26OCT04GBTB,KXNFLSPREAD-26OCT04GBTB-TB7,6.5,active,0.2216,0.8112
2026-10-03T15:44:40.994435+00:00,2026-10-03,2026-10-04,SPREAD,KXNFLSPREAD-26OCT04GBTB,KXNFLSPREAD-26OCT04GBTB-TB6,5.5,active,0.2528,0.7824
2026-10-03T15:44:40.994435+00:00,2026-10-03,2026-10-04,SPREAD,KXNFLSPREAD-26OCT04GBTB,KXNFLSPREAD-26OCT04GBTB-TB5,4.5,active,0.2735,0.7631
2026-10-03T15:44:40.994435+00:00,2026-10-03,2026-10-04,SPREAD,KXNFLSPREAD-26OCT04GBTB,KXNFLSPREAD-26OCT04GBTB-TB4,3.5,active,0.2941,0.7438
2026-10-03T15:44:40.994435+00:00,2026-10-03,2026-10-04,SPREAD,KXNFLSPREAD-26OCT04GBTB,KXNFLSPREAD-26OCT04GBTB-TB3,2.5,active,0.3659,0.6952
2026-10-03T15:44:40.994435+00:00,2026-10-03,2026-10-04,SPREAD,KXNFLSPREAD-26OCT04GBTB,KXNFLSPREAD-26OCT04GBTB-TB2,1.5,active,0.3761,0.6659
2026-10-03T15:44:40.994435+00:00,2026-10-03,2026-10-04,SPREAD,KXNFLSPREAD-26OCT04GBTB,KXNFLSPREAD-26OCT04GBTB-TB17,16.5,active,0.0639,0.9533
2026-10-03T15:44:40.994435+00:00,2026-10-03,2026-10-04,SPREAD,KXNFLSPREAD-26OCT04GBTB,KXNFLSPREAD-26OCT04GBTB-TB15,14.5,active,0.0852,0.9346
2026-10-03T15:44:40.994435+00:00,2026-10-03,2026-10-04,SPREAD,KXNFLSPREAD-26OCT04GBTB,KXNFLSPREAD-26OCT04GBTB-TB14,13.5,active,0.1063,0.9157
2026-10-03T15:44:40.994435+00:00,2026-10-03,2026-10-04,SPREAD,KXNFLSPREAD-26OCT04GBTB,KXNFLSPREAD-26OCT04GBTB-TB11,10.5,active,0.1379,0.8874
2026-10-03T15:44:40.994435+00:00,2026-10-03,2026-10-04,SPREAD,KXNFLSPREAD-26OCT04GBTB,KXNFLSPREAD-26OCT04GBTB-TB10,9.5,active,0.1589,0.8684
2026-10-03T15:44:40.994435+00:00,2026-10-03,2026-10-04,SPREAD,KXNFLSPREAD-26OCT04GBTB,KXNFLSPREAD-26OCT04GBTB-GB8,7.5,active,0.3455,0.6952
2026-10-03T15:44:40.994435+00:00,2026-10-03,2026-10-04,SPREAD,KXNFLSPREAD-26OCT04GBTB,KXNFLSPREAD-26OCT04GBTB-GB7,6.5,active,0.4067,0.6365
2026-10-03T15:44:40.994435+00:00,2026-10-03,2026-10-04,SPREAD,KXNFLSPREAD-26OCT04GBTB,KXNFLSPREAD-26OCT04GBTB-GB6,5.5,active,0.4472,0.5971
2026-10-03T15:44:40.994435+00:00,2026-10-03,2026-10-04,SPREAD,KXNFLSPREAD-26OCT04GBTB,KXNFLSPREAD-26OCT04GBTB-GB5,4.5,active,0.4572,0.5872
2026-10-03T15:44:40.994435+00:00,2026-10-03,2026-10-04,SPREAD,KXNFLSPREAD-26OCT04GBTB,KXNFLSPREAD-26OCT04GBTB-GB4,3.5,active,0.4975,0.5474
2026-10-03T15:44:40.994435+00:00,2026-10-03,2026-10-04,SPREAD,KXNFLSPREAD-26OCT04GBTB,KXNFLSPREAD-26OCT04GBTB-GB3,2.5,active,0.5772,0.4673
2026-10-03T15:44:40.994435+00:00,2026-10-03,2026-10-04,SPREAD,KXNFLSPREAD-26OCT04GBTB,KXNFLSPREAD-26OCT04GBTB-GB2,1.5,active,0.6069,0.4472
2026-10-03T15:44:40.994435+00:00,2026-10-03,2026-10-04,SPREAD,KXNFLSPREAD-26OCT04GBTB,KXNFLSPREAD-26OCT04GBTB-GB17,16.5,active,0.1589,0.8684
2026-10-03T15:44:40.994435+00:00,2026-10-03,2026-10-04,SPREAD,KXNFLSPREAD-26OCT04GBTB,KXNFLSPREAD-26OCT04GBTB-GB15,14.5,active,0.1903,0.8494
2026-10-03T15:44:40.994435+00:00,2026-10-03,2026-10-04,SPREAD,KXNFLSPREAD-26OCT04GBTB,KXNFLSPREAD-26OCT04GBTB-GB14,13.5,active,0.2112,0.8208
2026-10-03T15:44:40.994435+00:00,2026-10-03,2026-10-04,SPREAD,KXNFLSPREAD-26OCT04GBTB,KXNFLSPREAD-26OCT04GBTB-GB11,10.5,active,0.2735,0.7631
2026-10-03T15:44:40.994435+00:00,2026-10-03,2026-10-04,SPREAD,KXNFLSPREAD-26OCT04GBTB,KXNFLSPREAD-26OCT04GBTB-GB10,9.5,active,0.3044,0.7341
2026-10-03T15:44:40.994435+00:00,2026-10-03,2026-10-04,SPREAD,KXNFLSPREAD-26OCT04JACCIN,KXNFLSPREAD-26OCT04JACCIN-JAC8,7.5,active,0.2008,0.8303
2026-10-03T15:44:40.994435+00:00,2026-10-03,2026-10-04,SPREAD,KXNFLSPREAD-26OCT04JACCIN,KXNFLSPREAD-26OCT04JACCIN-JAC7,6.5,active,0.2424,0.792
2026-10-03T15:44:40.994435+00:00,2026-10-03,2026-10-04,SPREAD,KXNFLSPREAD-26OCT04JACCIN,KXNFLSPREAD-26OCT04JACCIN-JAC6,5.5,active,0.2735,0.7631
2026-10-03T15:44:40.994435+00:00,2026-10-03,2026-10-04,SPREAD,KXNFLSPREAD-26OCT04JACCIN,KXNFLSPREAD-26OCT04JACCIN-JAC5,4.5,active,0.2941,0.7438
2026-10-03T15:44:40.994435+00:00,2026-10-03,2026-10-04,SPREAD,KXNFLSPREAD-26OCT04JACCIN,KXNFLSPREAD-26OCT04JACCIN-JAC4,3.5,active,0.3147,0.7244
2026-10-03T15:44:40.994435+00:00,2026-10-03,2026-10-04,SPREAD,KXNFLSPREAD-26OCT04JACCIN,KXNFLSPREAD-26OCT04JACCIN-JAC3,2.5,active,0.3965,0.6463
2026-10-03T15:44:40.994435+00:00,2026-10-03,2026-10-04,SPREAD,KXNFLSPREAD-26OCT04JACCIN,KXNFLSPREAD-26OCT04JACCIN-JAC2,1.5,active,0.4067,0.6365
2026-10-03T15:44:40.994435+00:00,2026-10-03,2026-10-04,SPREAD,KXNFLSPREAD-26OCT04JACCIN,KXNFLSPREAD-26OCT04JACCIN-JAC15,14.5,active,0.1063,0.9252
2026-10-03T15:44:40.994435+00:00,2026-10-03,2026-10-04,SPREAD,KXNFLSPREAD-26OCT04JACCIN,KXNFLSPREAD-26OCT04JACCIN-JAC14,13.5,active,0.1169,0.9063
2026-10-03T15:44:40.994435+00:00,2026-10-03,2026-10-04,SPREAD,KXNFLSPREAD-26OCT04JACCIN,KXNFLSPREAD-26OCT04JACCIN-JAC11,10.5,active,0.1484,0.8779
2026-10-03T15:44:40.994435+00:00,2026-10-03,2026-10-04,SPREAD,KXNFLSPREAD-26OCT04JACCIN,KXNFLSPREAD-26OCT04JACCIN-JAC10,9.5,active,0.1799,0.8494
2026-10-03T15:44:40.994435+00:00,2026-10-03,2026-10-04,SPREAD,KXNFLSPREAD-26OCT04JACCIN,KXNFLSPREAD-26OCT04JACCIN-CIN8,7.5,active,0.325,0.7244
2026-10-03T15:44:40.994435+00:00,2026-10-03,2026-10-04,SPREAD,KXNFLSPREAD-26OCT04JACCIN,KXNFLSPREAD-26OCT04JACCIN-CIN7,6.5,active,0.3761,0.6659
2026-10-03T15:44:40.994435+00:00,2026-10-03,2026-10-04,SPREAD,KXNFLSPREAD-26OCT04JACCIN,KXNFLSPREAD-26OCT04JACCIN-CIN6,5.5,active,0.4168,0.6267
2026-10-03T15:44:40.994435+00:00,2026-10-03,2026-10-04,SPREAD,KXNFLSPREAD-26OCT04JACCIN,KXNFLSPREAD-26OCT04JACCIN-CIN5,4.5,active,0.4269,0.6168
2026-10-03T15:44:40.994435+00:00,2026-10-03,2026-10-04,SPREAD,KXNFLSPREAD-26OCT04JACCIN,KXNFLSPREAD-26OCT04JACCIN-CIN4,3.5,active,0.4572,0.5872
2026-10-03T15:44:40.994435+00:00,2026-10-03,2026-10-04,SPREAD,KXNFLSPREAD-26OCT04JACCIN,KXNFLSPREAD-26OCT04JACCIN-CIN3,2.5,active,0.5375,0.5075
2026-10-03T15:44:40.994435+00:00,2026-10-03,2026-10-04,SPREAD,KXNFLSPREAD-26OCT04JACCIN,KXNFLSPREAD-26OCT04JACCIN-CIN21,20.5,active,0.0957,0.9252
2026-10-03T15:44:40.994435+00:00,2026-10-03,2026-10-04,SPREAD,KXNFLSPREAD-26OCT04JACCIN,KXNFLSPREAD-26OCT04JACCIN-CIN2,1.5,active,0.5772,0.4673
2026-10-03T15:44:40.994435+00:00,2026-10-03,2026-10-04,SPREAD,KXNFLSPREAD-26OCT04JACCIN,KXNFLSPREAD-26OCT04JACCIN-CIN18,17.5,active,0.1379,0.8874
2026-10-03T15:44:40.994435+00:00,2026-10-03,2026-10-04,SPREAD,KXNFLSPREAD-26OCT04JACCIN,KXNFLSPREAD-26OCT04JACCIN-CIN17,16.5,active,0.1589,0.8779
2026-10-03T15:44:40.994435+00:00,2026-10-03,2026-10-04,SPREAD,KXNFLSPREAD-26OCT04JACCIN,KXNFLSPREAD-26OCT04JACCIN-CIN15,14.5,active,0.1799,0.8589
2026-10-03T15:44:40.994435+00:00,2026-10-03,2026-10-04,SPREAD,KXNFLSPREAD-26OCT04JACCIN,KXNFLSPREAD-26OCT04JACCIN-CIN14,13.5,active,0.2008,0.8303
2026-10-03T15:44:40.994435+00:00,2026-10-03,2026-10-04,SPREAD,KXNFLSPREAD-26OCT04JACCIN,KXNFLSPREAD-26OCT04JACCIN-CIN11,10.5,active,0.2424,0.792
2026-10-03T15:44:40.994435+00:00,2026-10-03,2026-10-04,SPREAD,KXNFLSPREAD-26OCT04JACCIN,KXNFLSPREAD-26OCT04JACCIN-CIN10,9.5,active,0.2838,0.7535
2026-10-03T15:44:40.994435+00:00,2026-10-03,2026-10-04,SPREAD,KXNFLSPREAD-26OCT04NEBUF,KXNFLSPREAD-26OCT04NEBUF-NE8,7.5,active,0.1063,0.9157
2026-10-03T15:44:40.994435+00:00,2026-10-03,2026-10-04,SPREAD,KXNFLSPREAD-26OCT04NEBUF,KXNFLSPREAD-26OCT04NEBUF-NE7,6.5,active,0.1274,0.8969
2026-10-03T15:44:40.994435+00:00,2026-10-03,2026-10-04,SPREAD,KXNFLSPREAD-26OCT04NEBUF,KXNFLSPREAD-26OCT04NEBUF-NE6,5.5,active,0.1589,0.8684
2026-10-03T15:44:40.994435+00:00,2026-10-03,2026-10-04,SPREAD,KXNFLSPREAD-26OCT04NEBUF,KXNFLSPREAD-26OCT04NEBUF-NE5,4.5,active,0.1694,0.8589
2026-10-03T15:44:40.994435+00:00,2026-10-03,2026-10-04,SPREAD,KXNFLSPREAD-26OCT04NEBUF,KXNFLSPREAD-26OCT04NEBUF-NE4,3.5,active,0.1903,0.8399
2026-10-03T15:44:40.994435+00:00,2026-10-03,2026-10-04,SPREAD,KXNFLSPREAD-26OCT04NEBUF,KXNFLSPREAD-26OCT04NEBUF-NE3,2.5,active,0.232,0.8016
2026-10-03T15:44:40.994435+00:00,2026-10-03,2026-10-04,SPREAD,KXNFLSPREAD-26OCT04NEBUF,KXNFLSPREAD-26OCT04NEBUF-NE2,1.5,active,0.2528,0.792
2026-10-03T15:44:40.994435+00:00,2026-10-03,2026-10-04,SPREAD,KXNFLSPREAD-26OCT04NEBUF,KXNFLSPREAD-26OCT04NEBUF-NE15,14.5,active,0.0427,0.972
2026-10-03T15:44:40.994435+00:00,2026-10-03,2026-10-04,SPREAD,KXNFLSPREAD-26OCT04NEBUF,KXNFLSPREAD-26OCT04NEBUF-NE14,13.5,active,0.0639,0.9627
2026-10-03T15:44:40.994435+00:00,2026-10-03,2026-10-04,SPREAD,KXNFLSPREAD-26OCT04NEBUF,KXNFLSPREAD-26OCT04NEBUF-NE11,10.5,active,0.0746,0.9439
2026-10-03T15:44:40.994435+00:00,2026-10-03,2026-10-04,SPREAD,KXNFLSPREAD-26OCT04NEBUF,KXNFLSPREAD-26OCT04NEBUF-NE10,9.5,active,0.0852,0.9346
2026-10-03T15:44:40.994435+00:00,2026-10-03,2026-10-04,SPREAD,KXNFLSPREAD-26OCT04NEBUF,KXNFLSPREAD-26OCT04NEBUF-BUF8,7.5,active,0.4673,0.5772
2026-10-03T15:44:40.994435+00:00,2026-10-03,2026-10-04,SPREAD,KXNFLSPREAD-26OCT04NEBUF,KXNFLSPREAD-26OCT04NEBUF-BUF7,6.5,active,0.5474,0.4975
2026-10-03T15:44:40.994435+00:00,2026-10-03,2026-10-04,SPREAD,KXNFLSPREAD-26OCT04NEBUF,KXNFLSPREAD-26OCT04NEBUF-BUF6,5.5,active,0.5872,0.4572
2026-10-03T15:44:40.994435+00:00,2026-10-03,2026-10-04,SPREAD,KXNFLSPREAD-26OCT04NEBUF,KXNFLSPREAD-26OCT04NEBUF-BUF5,4.5,active,0.6069,0.4371
2026-10-03T15:44:40.994435+00:00,2026-10-03,2026-10-04,SPREAD,KXNFLSPREAD-26OCT04NEBUF,KXNFLSPREAD-26OCT04NEBUF-BUF4,3.5,active,0.6365,0.4067
2026-10-03T15:44:40.994435+00:00,2026-10-03,2026-10-04,SPREAD,KXNFLSPREAD-26OCT04NEBUF,KXNFLSPREAD-26OCT04NEBUF-BUF3,2.5,active,0.7147,0.325
2026-10-03T15:44:40.994435+00:00,2026-10-03,2026-10-04,SPREAD,KXNFLSPREAD-26OCT04NEBUF,KXNFLSPREAD-26OCT04NEBUF-BUF28,27.5,active,0.0746,0.9439
2026-10-03T15:44:40.994435+00:00,2026-10-03,2026-10-04,SPREAD,KXNFLSPREAD-26OCT04NEBUF,KXNFLSPREAD-26OCT04NEBUF-BUF24,23.5,active,0.1274,0.8969
2026-10-03T15:44:40.994435+00:00,2026-10-03,2026-10-04,SPREAD,KXNFLSPREAD-26OCT04NEBUF,KXNFLSPREAD-26OCT04NEBUF-BUF21,20.5,active,0.1799,0.8494
2026-10-03T15:44:40.994435+00:00,2026-10-03,2026-10-04,SPREAD,KXNFLSPREAD-26OCT04NEBUF,KXNFLSPREAD-26OCT04NEBUF-BUF2,1.5,active,0.7438,0.3044
2026-10-03T15:44:40.994435+00:00,2026-10-03,2026-10-04,SPREAD,KXNFLSPREAD-26OCT04NEBUF,KXNFLSPREAD-26OCT04NEBUF-BUF18,17.5,active,0.2216,0.8112
2026-10-03T15:44:40.994435+00:00,2026-10-03,2026-10-04,SPREAD,KXNFLSPREAD-26OCT04NEBUF,KXNFLSPREAD-26OCT04NEBUF-BUF17,16.5,active,0.2528,0.7824
2026-10-03T15:44:40.994435+00:00,2026-10-03,2026-10-04,SPREAD,KXNFLSPREAD-26OCT04NEBUF,KXNFLSPREAD-26OCT04NEBUF-BUF15,14.5,active,0.2735,0.7631
2026-10-03T15:44:40.994435+00:00,2026-10-03,2026-10-04,SPREAD,KXNFLSPREAD-26OCT04NEBUF,KXNFLSPREAD-26OCT04NEBUF-BUF14,13.5,active,0.325,0.7147
2026-10-03T15:44:40.994435+00:00,2026-10-03,2026-10-04,SPREAD,KXNFLSPREAD-26OCT04NEBUF,KXNFLSPREAD-26OCT04NEBUF-BUF11,10.5,active,0.3863,0.6561
2026-10-03T15:44:40.994435+00:00,2026-10-03,2026-10-04,SPREAD,KXNFLSPREAD-26OCT04NEBUF,KXNFLSPREAD-26OCT04NEBUF-BUF10,9.5,active,0.4269,0.6168
2026-10-03T15:44:40.994435+00:00,2026-10-03,2026-10-04,SPREAD,KXNFLSPREAD-26OCT04NYJCHI,KXNFLSPREAD-26OCT04NYJCHI-NYJ8,7.5,active,0.1694,0.8589
2026-10-03T15:44:40.994435+00:00,2026-10-03,2026-10-04,SPREAD,KXNFLSPREAD-26OCT04NYJCHI,KXNFLSPREAD-26OCT04NYJCHI-NYJ7,6.5,active,0.2008,0.8303
2026-10-03T15:44:40.994435+00:00,2026-10-03,2026-10-04,SPREAD,KXNFLSPREAD-26OCT04NYJCHI,KXNFLSPREAD-26OCT04NYJCHI-NYJ6,5.5,active,0.232,0.8016
2026-10-03T15:44:40.994435+00:00,2026-10-03,2026-10-04,SPREAD,KXNFLSPREAD-26OCT04NYJCHI,KXNFLSPREAD-26OCT04NYJCHI-NYJ5,4.5,active,0.2424,0.792
2026-10-03T15:44:40.994435+00:00,2026-10-03,2026-10-04,SPREAD,KXNFLSPREAD-26OCT04NYJCHI,KXNFLSPREAD-26OCT04NYJCHI-NYJ4,3.5,active,0.2735,0.7631
2026-10-03T15:44:40.994435+00:00,2026-10-03,2026-10-04,SPREAD,KXNFLSPREAD-26OCT04NYJCHI,KXNFLSPREAD-26OCT04NYJCHI-NYJ3,2.5,active,0.3352,0.705
2026-10-03T15:44:40.994435+00:00,2026-10-03,2026-10-04,SPREAD,KXNFLSPREAD-26OCT04NYJCHI,KXNFLSPREAD-26OCT04NYJCHI-NYJ2,1.5,active,0.3659,0.6757
2026-10-03T15:44:40.994435+00:00,2026-10-03,2026-10-04,SPREAD,KXNFLSPREAD-26OCT04NYJCHI,KXNFLSPREAD-26OCT04NYJCHI-NYJ15,14.5,active,0.0746,0.9439
2026-10-03T15:44:40.994435+00:00,2026-10-03,2026-10-04,SPREAD,KXNFLSPREAD-26OCT04NYJCHI,KXNFLSPREAD-26OCT04NYJCHI-NYJ14,13.5,active,0.0957,0.9252
2026-10-03T15:44:40.994435+00:00,2026-10-03,2026-10-04,SPREAD,KXNFLSPREAD-26OCT04NYJCHI,KXNFLSPREAD-26OCT04NYJCHI-NYJ11,10.5,active,0.1169,0.9063
2026-10-03T15:44:40.994435+00:00,2026-10-03,2026-10-04,SPREAD,KXNFLSPREAD-26OCT04NYJCHI,KXNFLSPREAD-26OCT04NYJCHI-NYJ10,9.5,active,0.1379,0.8874
2026-10-03T15:44:40.994435+00:00,2026-10-03,2026-10-04,SPREAD,KXNFLSPREAD-26OCT04NYJCHI,KXNFLSPREAD-26OCT04NYJCHI-CHI8,7.5,active,0.3557,0.6855
2026-10-03T15:44:40.994435+00:00,2026-10-03,2026-10-04,SPREAD,KXNFLSPREAD-26OCT04NYJCHI,KXNFLSPREAD-26OCT04NYJCHI-CHI7,6.5,active,0.4269,0.6168
2026-10-03T15:44:40.994435+00:00,2026-10-03,2026-10-04,SPREAD,KXNFLSPREAD-26OCT04NYJCHI,KXNFLSPREAD-26OCT04NYJCHI-CHI6,5.5,active,0.4572,0.5872
2026-10-03T15:44:40.994435+00:00,2026-10-03,2026-10-04,SPREAD,KXNFLSPREAD-26OCT04NYJCHI,KXNFLSPREAD-26OCT04NYJCHI-CHI5,4.5,active,0.4874,0.5574
2026-10-03T15:44:40.994435+00:00,2026-10-03,2026-10-04,SPREAD,KXNFLSPREAD-26OCT04NYJCHI,KXNFLSPREAD-26OCT04NYJCHI-CHI4,3.5,active,0.5175,0.5275
2026-10-03T15:44:40.994435+00:00,2026-10-03,2026-10-04,SPREAD,KXNFLSPREAD-26OCT04NYJCHI,KXNFLSPREAD-26OCT04NYJCHI-CHI3,2.5,active,0.6069,0.4371
2026-10-03T15:44:40.994435+00:00,2026-10-03,2026-10-04,SPREAD,KXNFLSPREAD-26OCT04NYJCHI,KXNFLSPREAD-26OCT04NYJCHI-CHI21,20.5,active,0.1169,0.9063
2026-10-03T15:44:40.994435+00:00,2026-10-03,2026-10-04,SPREAD,KXNFLSPREAD-26OCT04NYJCHI,KXNFLSPREAD-26OCT04NYJCHI-CHI2,1.5,active,0.6267,0.4168
2026-10-03T15:44:40.994435+00:00,2026-10-03,2026-10-04,SPREAD,KXNFLSPREAD-26OCT04NYJCHI,KXNFLSPREAD-26OCT04NYJCHI-CHI18,17.5,active,0.1484,0.8779
2026-10-03T15:44:40.994435+00:00,2026-10-03,2026-10-04,SPREAD,KXNFLSPREAD-26OCT04NYJCHI,KXNFLSPREAD-26OCT04NYJCHI-CHI17,16.5,active,0.1694,0.8589
2026-10-03T15:44:40.994435+00:00,2026-10-03,2026-10-04,SPREAD,KXNFLSPREAD-26OCT04NYJCHI,KXNFLSPREAD-26OCT04NYJCHI-CHI15,14.5,active,0.2008,0.8303
2026-10-03T15:44:40.994435+00:00,2026-10-03,2026-10-04,SPREAD,KXNFLSPREAD-26OCT04NYJCHI,KXNFLSPREAD-26OCT04NYJCHI-CHI14,13.5,active,0.2424,0.792
2026-10-03T15:44:40.994435+00:00,2026-10-03,2026-10-04,SPREAD,KXNFLSPREAD-26OCT04NYJCHI,KXNFLSPREAD-26OCT04NYJCHI-CHI11,10.5,active,0.2941,0.7438
2026-10-03T15:44:40.994435+00:00,2026-10-03,2026-10-04,SPREAD,KXNFLSPREAD-26OCT04NYJCHI,KXNFLSPREAD-26OCT04NYJCHI-CHI10,9.5,active,0.3147,0.7244
2026-10-03T15:44:40.994435+00:00,2026-10-03,2026-10-04,SPREAD,KXNFLSPREAD-26OCT04INDWAS,KXNFLSPREAD-26OCT04INDWAS-WAS8,7.5,active,0.1484,0.8779
2026-10-03T15:44:40.994435+00:00,2026-10-03,2026-10-04,SPREAD,KXNFLSPREAD-26OCT04INDWAS,KXNFLSPREAD-26OCT04INDWAS-WAS7,6.5,active,0.1903,0.8399
2026-10-03T15:44:40.994435+00:00,2026-10-03,2026-10-04,SPREAD,KXNFLSPREAD-26OCT04INDWAS,KXNFLSPREAD-26OCT04INDWAS-WAS6,5.5,active,0.2112,0.8208
2026-10-03T15:44:40.994435+00:00,2026-10-03,2026-10-04,SPREAD,KXNFLSPREAD-26OCT04INDWAS,KXNFLSPREAD-26OCT04INDWAS-WAS5,4.5,active,0.232,0.8016
2026-10-03T15:44:40.994435+00:00,2026-10-03,2026-10-04,SPREAD,KXNFLSPREAD-26OCT04INDWAS,KXNFLSPREAD-26OCT04INDWAS-WAS4,3.5,active,0.2528,0.7824
2026-10-03T15:44:40.994435+00:00,2026-10-03,2026-10-04,SPREAD,KXNFLSPREAD-26OCT04INDWAS,KXNFLSPREAD-26OCT04INDWAS-WAS3,2.5,active,0.325,0.7147
2026-10-03T15:44:40.994435+00:00,2026-10-03,2026-10-04,SPREAD,KXNFLSPREAD-26OCT04INDWAS,KXNFLSPREAD-26OCT04INDWAS-WAS2,1.5,active,0.3352,0.705
2026-10-03T15:44:40.994435+00:00,2026-10-03,2026-10-04,SPREAD,KXNFLSPREAD-26OCT04INDWAS,KXNFLSPREAD-26OCT04INDWAS-WAS15,14.5,active,0.0746,0.9439
2026-10-03T15:44:40.994435+00:00,2026-10-03,2026-10-04,SPREAD,KXNFLSPREAD-26OCT04INDWAS,KXNFLSPREAD-26OCT04INDWAS-WAS14,13.5,active,0.0957,0.9252
2026-10-03T15:44:40.994435+00:00,2026-10-03,2026-10-04,SPREAD,KXNFLSPREAD-26OCT04INDWAS,KXNFLSPREAD-26OCT04INDWAS-WAS11,10.5,active,0.1169,0.9063
2026-10-03T15:44:40.994435+00:00,2026-10-03,2026-10-04,SPREAD,KXNFLSPREAD-26OCT04INDWAS,KXNFLSPREAD-26OCT04INDWAS-WAS10,9.5,active,0.1379,0.8874
2026-10-03T15:44:40.994435+00:00,2026-10-03,2026-10-04,SPREAD,KXNFLSPREAD-26OCT04INDWAS,KXNFLSPREAD-26OCT04INDWAS-IND8,7.5,active,0.3863,0.6561
2026-10-03T15:44:40.994435+00:00,2026-10-03,2026-10-04,SPREAD,KXNFLSPREAD-26OCT04INDWAS,KXNFLSPREAD-26OCT04INDWAS-IND7,6.5,active,0.4472,0.5971
2026-10-03T15:44:40.994435+00:00,2026-10-03,2026-10-04,SPREAD,KXNFLSPREAD-26OCT04INDWAS,KXNFLSPREAD-26OCT04INDWAS-IND6,5.5,active,0.4774,0.5673
2026-10-03T15:44:40.994435+00:00,2026-10-03,2026-10-04,SPREAD,KXNFLSPREAD-26OCT04INDWAS,KXNFLSPREAD-26OCT04INDWAS-IND5,4.5,active,0.5175,0.5275
2026-10-03T15:44:40.994435+00:00,2026-10-03,2026-10-04,SPREAD,KXNFLSPREAD-26OCT04INDWAS,KXNFLSPREAD-26OCT04INDWAS-IND4,3.5,active,0.5474,0.4975
2026-10-03T15:44:40.994435+00:00,2026-10-03,2026-10-04,SPREAD,KXNFLSPREAD-26OCT04INDWAS,KXNFLSPREAD-26OCT04INDWAS-IND3,2.5,active,0.6365,0.4067
2026-10-03T15:44:40.994435+00:00,2026-10-03,2026-10-04,SPREAD,KXNFLSPREAD-26OCT04INDWAS,KXNFLSPREAD-26OCT04INDWAS-IND21,20.5,active,0.1274,0.8969
2026-10-03T15:44:40.994435+00:00,2026-10-03,2026-10-04,SPREAD,KXNFLSPREAD-26OCT04INDWAS,KXNFLSPREAD-26OCT04INDWAS-IND2,1.5,active,0.6463,0.3965
2026-10-03T15:44:40.994435+00:00,2026-10-03,2026-10-04,SPREAD,KXNFLSPREAD-26OCT04INDWAS,KXNFLSPREAD-26OCT04INDWAS-IND18,17.5,active,0.1694,0.8589
2026-10-03T15:44:40.994435+00:00,2026-10-03,2026-10-04,SPREAD,KXNFLSPREAD-26OCT04INDWAS,KXNFLSPREAD-26OCT04INDWAS-IND17,16.5,active,0.2008,0.8303
2026-10-03T15:44:40.994435+00:00,2026-10-03,2026-10-04,SPREAD,KXNFLSPREAD-26OCT04INDWAS,KXNFLSPREAD-26OCT04INDWAS-IND15,14.5,active,0.2216,0.8112
2026-10-03T15:44:40.994435+00:00,2026-10-03,2026-10-04,SPREAD,KXNFLSPREAD-26OCT04INDWAS,KXNFLSPREAD-26OCT04INDWAS-IND14,13.5,active,0.2631,0.7728
2026-10-03T15:44:40.994435+00:00,2026-10-03,2026-10-04,SPREAD,KXNFLSPREAD-26OCT04INDWAS,KXNFLSPREAD-26OCT04INDWAS-IND11,10.5,active,0.3044,0.7341
2026-10-03T15:44:40.994435+00:00,2026-10-03,2026-10-04,SPREAD,KXNFLSPREAD-26OCT04INDWAS,KXNFLSPREAD-26OCT04INDWAS-IND10,9.5,active,0.3455,0.6952
2026-10-03T15:44:40.994435+00:00,2026-10-03,2026-10-04,1H SPREAD,KXNFL1HSPREAD-26OCT04DETCAR,KXNFL1HSPREAD-26OCT04DETCAR-DET8,7.5,active,0.325,0.7341
2026-10-03T15:44:40.994435+00:00,2026-10-03,2026-10-04,1H SPREAD,KXNFL1HSPREAD-26OCT04DETCAR,KXNFL1HSPREAD-26OCT04DETCAR-DET7,6.5,active,0.3965,0.6659
2026-10-03T15:44:40.994435+00:00,2026-10-03,2026-10-04,1H SPREAD,KXNFL1HSPREAD-26OCT04DETCAR,KXNFL1HSPREAD-26OCT04DETCAR-DET5,4.5,active,0.4371,0.6168
2026-10-03T15:44:40.994435+00:00,2026-10-03,2026-10-04,1H SPREAD,KXNFL1HSPREAD-26OCT04DETCAR,KXNFL1HSPREAD-26OCT04DETCAR-DET4,3.5,active,0.4874,0.5574
2026-10-03T15:44:40.994435+00:00,2026-10-03,2026-10-04,1H SPREAD,KXNFL1HSPREAD-26OCT04DETCAR,KXNFL1HSPREAD-26OCT04DETCAR-DET3,2.5,active,0.5474,0.4975
2026-10-03T15:44:40.994435+00:00,2026-10-03,2026-10-04,1H SPREAD,KXNFL1HSPREAD-26OCT04DETCAR,KXNFL1HSPREAD-26OCT04DETCAR-DET14,13.5,active,0.1484,0.8779
2026-10-03T15:44:40.994435+00:00,2026-10-03,2026-10-04,1H SPREAD,KXNFL1HSPREAD-26OCT04DETCAR,KXNFL1HSPREAD-26OCT04DETCAR-DET11,10.5,active,0.2424,0.8112
2026-10-03T15:44:40.994435+00:00,2026-10-03,2026-10-04,1H SPREAD,KXNFL1HSPREAD-26OCT04DETCAR,KXNFL1HSPREAD-26OCT04DETCAR-DET10,9.5,active,0.2941,0.7631
2026-10-03T15:44:40.994435+00:00,2026-10-03,2026-10-04,1H SPREAD,KXNFL1HSPREAD-26OCT04DETCAR,KXNFL1HSPREAD-26OCT04DETCAR-CAR8,7.5,active,0.1484,0.8779
2026-10-03T15:44:40.994435+00:00,2026-10-03,2026-10-04,1H SPREAD,KXNFL1HSPREAD-26OCT04DETCAR,KXNFL1HSPREAD-26OCT04DETCAR-CAR7,6.5,active,0.2008,0.8303
2026-10-03T15:44:40.994435+00:00,2026-10-03,2026-10-04,1H SPREAD,KXNFL1HSPREAD-26OCT04DETCAR,KXNFL1HSPREAD-26OCT04DETCAR-CAR5,4.5,active,0.232,0.8016
2026-10-03T15:44:40.994435+00:00,2026-10-03,2026-10-04,1H SPREAD,KXNFL1HSPREAD-26OCT04DETCAR,KXNFL1HSPREAD-26OCT04DETCAR-CAR4,3.5,active,0.2735,0.7631
2026-10-03T15:44:40.994435+00:00,2026-10-03,2026-10-04,1H SPREAD,KXNFL1HSPREAD-26OCT04DETCAR,KXNFL1HSPREAD-26OCT04DETCAR-CAR3,2.5,active,0.3352,0.705
2026-10-03T15:44:40.994435+00:00,2026-10-03,2026-10-04,1H SPREAD,KXNFL1HSPREAD-26OCT04DETCAR,KXNFL1HSPREAD-26OCT04DETCAR-CAR11,10.5,active,0.0957,0.9252
2026-10-03T15:44:40.994435+00:00,2026-10-03,2026-10-04,1H SPREAD,KXNFL1HSPREAD-26OCT04DETCAR,KXNFL1HSPREAD-26OCT04DETCAR-CAR10,9.5,active,0.1379,0.8874
2026-10-03T15:44:40.994435+00:00,2026-10-03,2026-10-04,1H SPREAD,KXNFL1HSPREAD-26OCT04LACSEA,KXNFL1HSPREAD-26OCT04LACSEA-SEA8,7.5,active,0.3761,0.6757
2026-10-03T15:44:40.994435+00:00,2026-10-03,2026-10-04,1H SPREAD,KXNFL1HSPREAD-26OCT04LACSEA,KXNFL1HSPREAD-26OCT04LACSEA-SEA7,6.5,active,0.4472,0.5971
2026-10-03T15:44:40.994435+00:00,2026-10-03,2026-10-04,1H SPREAD,KXNFL1HSPREAD-26OCT04LACSEA,KXNFL1HSPREAD-26OCT04LACSEA-SEA5,4.5,active,0.5075,0.5574
2026-10-03T15:44:40.994435+00:00,2026-10-03,2026-10-04,1H SPREAD,KXNFL1HSPREAD-26OCT04LACSEA,KXNFL1HSPREAD-26OCT04LACSEA-SEA4,3.5,active,0.5574,0.4975
2026-10-03T15:44:40.994435+00:00,2026-10-03,2026-10-04,1H SPREAD,KXNFL1HSPREAD-26OCT04LACSEA,KXNFL1HSPREAD-26OCT04LACSEA-SEA3,2.5,active,0.6267,0.4168
2026-10-03T15:44:40.994435+00:00,2026-10-03,2026-10-04,1H SPREAD,KXNFL1HSPREAD-26OCT04LACSEA,KXNFL1HSPREAD-26OCT04LACSEA-SEA14,13.5,active,0.1903,0.8399
2026-10-03T15:44:40.994435+00:00,2026-10-03,2026-10-04,1H SPREAD,KXNFL1HSPREAD-26OCT04LACSEA,KXNFL1HSPREAD-26OCT04LACSEA-SEA11,10.5,active,0.2735,0.7631
2026-10-03T15:44:40.994435+00:00,2026-10-03,2026-10-04,1H SPREAD,KXNFL1HSPREAD-26OCT04LACSEA,KXNFL1HSPREAD-26OCT04LACSEA-SEA10,9.5,active,0.3352,0.7147
2026-10-03T15:44:40.994435+00:00,2026-10-03,2026-10-04,1H SPREAD,KXNFL1HSPREAD-26OCT04LACSEA,KXNFL1HSPREAD-26OCT04LACSEA-LAC8,7.5,active,0.0957,0.9252
2026-10-03T15:44:40.994435+00:00,2026-10-03,2026-10-04,1H SPREAD,KXNFL1HSPREAD-26OCT04LACSEA,KXNFL1HSPREAD-26OCT04LACSEA-LAC7,6.5,active,0.1484,0.8874
2026-10-03T15:44:40.994435+00:00,2026-10-03,2026-10-04,1H SPREAD,KXNFL1HSPREAD-26OCT04LACSEA,KXNFL1HSPREAD-26OCT04LACSEA-LAC5,4.5,active,0.1799,0.8589
2026-10-03T15:44:40.994435+00:00,2026-10-03,2026-10-04,1H SPREAD,KXNFL1HSPREAD-26OCT04LACSEA,KXNFL1HSPREAD-26OCT04LACSEA-LAC4,3.5,active,0.2216,0.8303
2026-10-03T15:44:40.994435+00:00,2026-10-03,2026-10-04,1H SPREAD,KXNFL1HSPREAD-26OCT04LACSEA,KXNFL1HSPREAD-26OCT04LACSEA-LAC3,2.5,active,0.2735,0.7824
2026-10-03T15:44:40.994435+00:00,2026-10-03,2026-10-04,1H SPREAD,KXNFL1HSPREAD-26OCT04LACSEA,KXNFL1HSPREAD-26OCT04LACSEA-LAC11,10.5,active,0.0852,0.9627
2026-10-03T15:44:40.994435+00:00,2026-10-03,2026-10-04,1H SPREAD,KXNFL1HSPREAD-26OCT04LACSEA,KXNFL1HSPREAD-26OCT04LACSEA-LAC10,9.5,active,0.0957,0.9252
2026-10-03T15:44:40.994435+00:00,2026-10-03,2026-10-04,1H SPREAD,KXNFL1HSPREAD-26OCT04KCLV,KXNFL1HSPREAD-26OCT04KCLV-LV8,7.5,active,0.1379,0.8874
2026-10-03T15:44:40.994435+00:00,2026-10-03,2026-10-04,1H SPREAD,KXNFL1HSPREAD-26OCT04KCLV,KXNFL1HSPREAD-26OCT04KCLV-LV7,6.5,active,0.1903,0.8399
2026-10-03T15:44:40.994435+00:00,2026-10-03,2026-10-04,1H SPREAD,KXNFL1HSPREAD-26OCT04KCLV,KXNFL1HSPREAD-26OCT04KCLV-LV5,4.5,active,0.2216,0.8112
2026-10-03T15:44:40.994435+00:00,2026-10-03,2026-10-04,1H SPREAD,KXNFL1HSPREAD-26OCT04KCLV,KXNFL1HSPREAD-26OCT04KCLV-LV4,3.5,active,0.2735,0.7631
2026-10-03T15:44:40.994435+00:00,2026-10-03,2026-10-04,1H SPREAD,KXNFL1HSPREAD-26OCT04KCLV,KXNFL1HSPREAD-26OCT04KCLV-LV3,2.5,active,0.325,0.7147
2026-10-03T15:44:40.994435+00:00,2026-10-03,2026-10-04,1H SPREAD,KXNFL1HSPREAD-26OCT04KCLV,KXNFL1HSPREAD-26OCT04KCLV-LV11,10.5,active,0.0957,0.9252
2026-10-03T15:44:40.994435+00:00,2026-10-03,2026-10-04,1H SPREAD,KXNFL1HSPREAD-26OCT04KCLV,KXNFL1HSPREAD-26OCT04KCLV-LV10,9.5,active,0.1484,0.8874
2026-10-03T15:44:40.994435+00:00,2026-10-03,2026-10-04,1H SPREAD,KXNFL1HSPREAD-26OCT04KCLV,KXNFL1HSPREAD-26OCT04KCLV-KC8,7.5,active,0.3147,0.7341
2026-10-03T15:44:40.994435+00:00,2026-10-03,2026-10-04,1H SPREAD,KXNFL1HSPREAD-26OCT04KCLV,KXNFL1HSPREAD-26OCT04KCLV-KC7,6.5,active,0.3761,0.6659
2026-10-03T15:44:40.994435+00:00,2026-10-03,2026-10-04,1H SPREAD,KXNFL1HSPREAD-26OCT04KCLV,KXNFL1HSPREAD-26OCT04KCLV-KC5,4.5,active,0.4472,0.6069
2026-10-03T15:44:40.994435+00:00,2026-10-03,2026-10-04,1H SPREAD,KXNFL1HSPREAD-26OCT04KCLV,KXNFL1HSPREAD-26OCT04KCLV-KC4,3.5,active,0.4975,0.5574
2026-10-03T15:44:40.994435+00:00,2026-10-03,2026-10-04,1H SPREAD,KXNFL1HSPREAD-26OCT04KCLV,KXNFL1HSPREAD-26OCT04KCLV-KC3,2.5,active,0.5673,0.4774
2026-10-03T15:44:40.994435+00:00,2026-10-03,2026-10-04,1H SPREAD,KXNFL1HSPREAD-26OCT04KCLV,KXNFL1HSPREAD-26OCT04KCLV-KC14,13.5,active,0.1694,0.8684
2026-10-03T15:44:40.994435+00:00,2026-10-03,2026-10-04,1H SPREAD,KXNFL1HSPREAD-26OCT04KCLV,KXNFL1HSPREAD-26OCT04KCLV-KC11,10.5,active,0.2424,0.8112
2026-10-03T15:44:40.994435+00:00,2026-10-03,2026-10-04,1H SPREAD,KXNFL1HSPREAD-26OCT04KCLV,KXNFL1HSPREAD-26OCT04KCLV-KC10,9.5,active,0.2735,0.7631
2026-10-03T15:44:40.994435+00:00,2026-10-03,2026-10-04,1H SPREAD,KXNFL1HSPREAD-26OCT04DENSF,KXNFL1HSPREAD-26OCT04DENSF-SF8,7.5,active,0.2735,0.7824
2026-10-03T15:44:40.994435+00:00,2026-10-03,2026-10-04,1H SPREAD,KXNFL1HSPREAD-26OCT04DENSF,KXNFL1HSPREAD-26OCT04DENSF-SF7,6.5,active,0.3352,0.705
2026-10-03T15:44:40.994435+00:00,2026-10-03,2026-10-04,1H SPREAD,KXNFL1HSPREAD-26OCT04DENSF,KXNFL1HSPREAD-26OCT04DENSF-SF5,4.5,active,0.3761,0.6855
2026-10-03T15:44:40.994435+00:00,2026-10-03,2026-10-04,1H SPREAD,KXNFL1HSPREAD-26OCT04DENSF,KXNFL1HSPREAD-26OCT04DENSF-SF4,3.5,active,0.4269,0.6267
2026-10-03T15:44:40.994435+00:00,2026-10-03,2026-10-04,1H SPREAD,KXNFL1HSPREAD-26OCT04DENSF,KXNFL1HSPREAD-26OCT04DENSF-SF3,2.5,active,0.4975,0.5574
2026-10-03T15:44:40.994435+00:00,2026-10-03,2026-10-04,1H SPREAD,KXNFL1HSPREAD-26OCT04DENSF,KXNFL1HSPREAD-26OCT04DENSF-SF2,1.5,active,0.5275,0.5175
2026-10-03T15:44:40.994435+00:00,2026-10-03,2026-10-04,1H SPREAD,KXNFL1HSPREAD-26OCT04DENSF,KXNFL1HSPREAD-26OCT04DENSF-SF14,13.5,active,0.1274,0.8969
2026-10-03T15:44:40.994435+00:00,2026-10-03,2026-10-04,1H SPREAD,KXNFL1HSPREAD-26OCT04DENSF,KXNFL1HSPREAD-26OCT04DENSF-SF11,10.5,active,0.1799,0.8494
2026-10-03T15:44:40.994435+00:00,2026-10-03,2026-10-04,1H SPREAD,KXNFL1HSPREAD-26OCT04DENSF,KXNFL1HSPREAD-26OCT04DENSF-SF10,9.5,active,0.232,0.8016
2026-10-03T15:44:40.994435+00:00,2026-10-03,2026-10-04,1H SPREAD,KXNFL1HSPREAD-26OCT04DENSF,KXNFL1HSPREAD-26OCT04DENSF-DEN8,7.5,active,0.1903,0.8399
2026-10-03T15:44:40.994435+00:00,2026-10-03,2026-10-04,1H SPREAD,KXNFL1HSPREAD-26OCT04DENSF,KXNFL1HSPREAD-26OCT04DENSF-DEN7,6.5,active,0.2631,0.792
2026-10-03T15:44:40.994435+00:00,2026-10-03,2026-10-04,1H SPREAD,KXNFL1HSPREAD-26OCT04DENSF,KXNFL1HSPREAD-26OCT04DENSF-DEN5,4.5,active,0.2735,0.7631
2026-10-03T15:44:40.994435+00:00,2026-10-03,2026-10-04,1H SPREAD,KXNFL1HSPREAD-26OCT04DENSF,KXNFL1HSPREAD-26OCT04DENSF-DEN4,3.5,active,0.325,0.7244
2026-10-03T15:44:40.994435+00:00,2026-10-03,2026-10-04,1H SPREAD,KXNFL1HSPREAD-26OCT04DENSF,KXNFL1HSPREAD-26OCT04DENSF-DEN3,2.5,active,0.3965,0.6561
2026-10-03T15:44:40.994435+00:00,2026-10-03,2026-10-04,1H SPREAD,KXNFL1HSPREAD-26OCT04DENSF,KXNFL1HSPREAD-26OCT04DENSF-DEN11,10.5,active,0.1274,0.8969
2026-10-03T15:44:40.994435+00:00,2026-10-03,2026-10-04,1H SPREAD,KXNFL1HSPREAD-26OCT04DENSF,KXNFL1HSPREAD-26OCT04DENSF-DEN10,9.5,active,0.1694,0.8684
2026-10-03T15:44:40.994435+00:00,2026-10-03,2026-10-04,1H SPREAD,KXNFL1HSPREAD-26OCT04MIAMIN,KXNFL1HSPREAD-26OCT04MIAMIN-MIN8,7.5,active,0.4472,0.5971
2026-10-03T15:44:40.994435+00:00,2026-10-03,2026-10-04,1H SPREAD,KXNFL1HSPREAD-26OCT04MIAMIN,KXNFL1HSPREAD-26OCT04MIAMIN-MIN7,6.5,active,0.5474,0.4975
2026-10-03T15:44:40.994435+00:00,2026-10-03,2026-10-04,1H SPREAD,KXNFL1HSPREAD-26OCT04MIAMIN,KXNFL1HSPREAD-26OCT04MIAMIN-MIN5,4.5,active,0.5872,0.4572
2026-10-03T15:44:40.994435+00:00,2026-10-03,2026-10-04,1H SPREAD,KXNFL1HSPREAD-26OCT04MIAMIN,KXNFL1HSPREAD-26OCT04MIAMIN-MIN4,3.5,active,0.6365,0.4168
2026-10-03T15:44:40.994435+00:00,2026-10-03,2026-10-04,1H SPREAD,KXNFL1HSPREAD-26OCT04MIAMIN,KXNFL1HSPREAD-26OCT04MIAMIN-MIN3,2.5,active,0.705,0.3352
2026-10-03T15:44:40.994435+00:00,2026-10-03,2026-10-04,1H SPREAD,KXNFL1HSPREAD-26OCT04MIAMIN,KXNFL1HSPREAD-26OCT04MIAMIN-MIN21,20.5,active,0.0957,0.9346
2026-10-03T15:44:40.994435+00:00,2026-10-03,2026-10-04,1H SPREAD,KXNFL1HSPREAD-26OCT04MIAMIN,KXNFL1HSPREAD-26OCT04MIAMIN-MIN18,17.5,active,0.1484,0.8969
2026-10-03T15:44:40.994435+00:00,2026-10-03,2026-10-04,1H SPREAD,KXNFL1HSPREAD-26OCT04MIAMIN,KXNFL1HSPREAD-26OCT04MIAMIN-MIN15,14.5,active,0.1799,0.8494
2026-10-03T15:44:40.994435+00:00,2026-10-03,2026-10-04,1H SPREAD,KXNFL1HSPREAD-26OCT04MIAMIN,KXNFL1HSPREAD-26OCT04MIAMIN-MIN14,13.5,active,0.2424,0.8016
2026-10-03T15:44:40.994435+00:00,2026-10-03,2026-10-04,1H SPREAD,KXNFL1HSPREAD-26OCT04MIAMIN,KXNFL1HSPREAD-26OCT04MIAMIN-MIN11,10.5,active,0.3352,0.705
2026-10-03T15:44:40.994435+00:00,2026-10-03,2026-10-04,1H SPREAD,KXNFL1HSPREAD-26OCT04MIAMIN,KXNFL1HSPREAD-26OCT04MIAMIN-MIN10,9.5,active,0.4067,0.6365
2026-10-03T15:44:40.994435+00:00,2026-10-03,2026-10-04,1H SPREAD,KXNFL1HSPREAD-26OCT04MIAMIN,KXNFL1HSPREAD-26OCT04MIAMIN-MIA8,7.5,active,0.0639,0.9533
2026-10-03T15:44:40.994435+00:00,2026-10-03,2026-10-04,1H SPREAD,KXNFL1HSPREAD-26OCT04MIAMIN,KXNFL1HSPREAD-26OCT04MIAMIN-MIA7,6.5,active,0.1063,0.9252
2026-10-03T15:44:40.994435+00:00,2026-10-03,2026-10-04,1H SPREAD,KXNFL1HSPREAD-26OCT04MIAMIN,KXNFL1HSPREAD-26OCT04MIAMIN-MIA5,4.5,active,0.1063,0.9157
2026-10-03T15:44:40.994435+00:00,2026-10-03,2026-10-04,1H SPREAD,KXNFL1HSPREAD-26OCT04MIAMIN,KXNFL1HSPREAD-26OCT04MIAMIN-MIA4,3.5,active,0.1379,0.8874
2026-10-03T15:44:40.994435+00:00,2026-10-03,2026-10-04,1H SPREAD,KXNFL1HSPREAD-26OCT04MIAMIN,KXNFL1HSPREAD-26OCT04MIAMIN-MIA3,2.5,active,0.2008,0.8399
2026-10-03T15:44:40.994435+00:00,2026-10-03,2026-10-04,1H SPREAD,KXNFL1HSPREAD-26OCT04MIAMIN,KXNFL1HSPREAD-26OCT04MIAMIN-MIA11,10.5,active,0.0533,0.9814
2026-10-03T15:44:40.994435+00:00,2026-10-03,2026-10-04,1H SPREAD,KXNFL1HSPREAD-26OCT04MIAMIN,KXNFL1HSPREAD-26OCT04MIAMIN-MIA10,9.5,active,0.0639,0.9533
2026-10-03T15:44:40.994435+00:00,2026-10-03,2026-10-04,1H SPREAD,KXNFL1HSPREAD-26OCT04ARINYG,KXNFL1HSPREAD-26OCT04ARINYG-NYG8,7.5,active,0.1903,0.8494
2026-10-03T15:44:40.994435+00:00,2026-10-03,2026-10-04,1H SPREAD,KXNFL1HSPREAD-26OCT04ARINYG,KXNFL1HSPREAD-26OCT04ARINYG-NYG7,6.5,active,0.2528,0.8016
2026-10-03T15:44:40.994435+00:00,2026-10-03,2026-10-04,1H SPREAD,KXNFL1HSPREAD-26OCT04ARINYG,KXNFL1HSPREAD-26OCT04ARINYG-NYG5,4.5,active,0.2941,0.7631
2026-10-03T15:44:40.994435+00:00,2026-10-03,2026-10-04,1H SPREAD,KXNFL1HSPREAD-26OCT04ARINYG,KXNFL1HSPREAD-26OCT04ARINYG-NYG4,3.5,active,0.3352,0.7147
2026-10-03T15:44:40.994435+00:00,2026-10-03,2026-10-04,1H SPREAD,KXNFL1HSPREAD-26OCT04ARINYG,KXNFL1HSPREAD-26OCT04ARINYG-NYG3,2.5,active,0.3965,0.6561
2026-10-03T15:44:40.994435+00:00,2026-10-03,2026-10-04,1H SPREAD,KXNFL1HSPREAD-26OCT04ARINYG,KXNFL1HSPREAD-26OCT04ARINYG-NYG11,10.5,active,0.1274,0.9063
2026-10-03T15:44:40.994435+00:00,2026-10-03,2026-10-04,1H SPREAD,KXNFL1HSPREAD-26OCT04ARINYG,KXNFL1HSPREAD-26OCT04ARINYG-NYG10,9.5,active,0.1694,0.8779
2026-10-03T15:44:40.994435+00:00,2026-10-03,2026-10-04,1H SPREAD,KXNFL1HSPREAD-26OCT04ARINYG,KXNFL1HSPREAD-26OCT04ARINYG-ARI8,7.5,active,0.2528,0.792
2026-10-03T15:44:40.994435+00:00,2026-10-03,2026-10-04,1H SPREAD,KXNFL1HSPREAD-26OCT04ARINYG,KXNFL1HSPREAD-26OCT04ARINYG-ARI7,6.5,active,0.3044,0.7341
2026-10-03T15:44:40.994435+00:00,2026-10-03,2026-10-04,1H SPREAD,KXNFL1HSPREAD-26OCT04ARINYG,KXNFL1HSPREAD-26OCT04ARINYG-ARI5,4.5,active,0.3659,0.6952
2026-10-03T15:44:40.994435+00:00,2026-10-03,2026-10-04,1H SPREAD,KXNFL1HSPREAD-26OCT04ARINYG,KXNFL1HSPREAD-26OCT04ARINYG-ARI4,3.5,active,0.4269,0.6365
2026-10-03T15:44:40.994435+00:00,2026-10-03,2026-10-04,1H SPREAD,KXNFL1HSPREAD-26OCT04ARINYG,KXNFL1HSPREAD-26OCT04ARINYG-ARI3,2.5,active,0.4874,0.5574
2026-10-03T15:44:40.994435+00:00,2026-10-03,2026-10-04,1H SPREAD,KXNFL1HSPREAD-26OCT04ARINYG,KXNFL1HSPREAD-26OCT04ARINYG-ARI11,10.5,active,0.1694,0.8589
2026-10-03T15:44:40.994435+00:00,2026-10-03,2026-10-04,1H SPREAD,KXNFL1HSPREAD-26OCT04ARINYG,KXNFL1HSPREAD-26OCT04ARINYG-ARI10,9.5,active,0.2216,0.8208
2026-10-03T15:44:40.994435+00:00,2026-10-03,2026-10-04,1H SPREAD,KXNFL1HSPREAD-26OCT04LARPHI,KXNFL1HSPREAD-26OCT04LARPHI-PHI8,7.5,active,0.1484,0.8779
2026-10-03T15:44:40.994435+00:00,2026-10-03,2026-10-04,1H SPREAD,KXNFL1HSPREAD-26OCT04LARPHI,KXNFL1HSPREAD-26OCT04LARPHI-PHI7,6.5,active,0.2008,0.8303
2026-10-03T15:44:40.994435+00:00,2026-10-03,2026-10-04,1H SPREAD,KXNFL1HSPREAD-26OCT04LARPHI,KXNFL1HSPREAD-26OCT04LARPHI-PHI5,4.5,active,0.2424,0.8016
2026-10-03T15:44:40.994435+00:00,2026-10-03,2026-10-04,1H SPREAD,KXNFL1HSPREAD-26OCT04LARPHI,KXNFL1HSPREAD-26OCT04LARPHI-PHI4,3.5,active,0.2941,0.7535
2026-10-03T15:44:40.994435+00:00,2026-10-03,2026-10-04,1H SPREAD,KXNFL1HSPREAD-26OCT04LARPHI,KXNFL1HSPREAD-26OCT04LARPHI-PHI3,2.5,active,0.3455,0.705
2026-10-03T15:44:40.994435+00:00,2026-10-03,2026-10-04,1H SPREAD,KXNFL1HSPREAD-26OCT04LARPHI,KXNFL1HSPREAD-26OCT04LARPHI-PHI11,10.5,active,0.1169,0.9252
2026-10-03T15:44:40.994435+00:00,2026-10-03,2026-10-04,1H SPREAD,KXNFL1HSPREAD-26OCT04LARPHI,KXNFL1HSPREAD-26OCT04LARPHI-PHI10,9.5,active,0.1274,0.8969
2026-10-03T15:44:40.994435+00:00,2026-10-03,2026-10-04,1H SPREAD,KXNFL1HSPREAD-26OCT04LARPHI,KXNFL1HSPREAD-26OCT04LARPHI-LAR8,7.5,active,0.2941,0.7535
2026-10-03T15:44:40.994435+00:00,2026-10-03,2026-10-04,1H SPREAD,KXNFL1HSPREAD-26OCT04LARPHI,KXNFL1HSPREAD-26OCT04LARPHI-LAR7,6.5,active,0.3659,0.6855
2026-10-03T15:44:40.994435+00:00,2026-10-03,2026-10-04,1H SPREAD,KXNFL1HSPREAD-26OCT04LARPHI,KXNFL1HSPREAD-26OCT04LARPHI-LAR5,4.5,active,0.4168,0.6463
2026-10-03T15:44:40.994435+00:00,2026-10-03,2026-10-04,1H SPREAD,KXNFL1HSPREAD-26OCT04LARPHI,KXNFL1HSPREAD-26OCT04LARPHI-LAR4,3.5,active,0.4673,0.5872
2026-10-03T15:44:40.994435+00:00,2026-10-03,2026-10-04,1H SPREAD,KXNFL1HSPREAD-26OCT04LARPHI,KXNFL1HSPREAD-26OCT04LARPHI-LAR3,2.5,active,0.5375,0.5075
2026-10-03T15:44:40.994435+00:00,2026-10-03,2026-10-04,1H SPREAD,KXNFL1HSPREAD-26OCT04LARPHI,KXNFL1HSPREAD-26OCT04LARPHI-LAR2,1.5,active,0.5474,0.4975
2026-10-03T15:44:40.994435+00:00,2026-10-03,2026-10-04,1H SPREAD,KXNFL1HSPREAD-26OCT04LARPHI,KXNFL1HSPREAD-26OCT04LARPHI-LAR14,13.5,active,0.1379,0.8874
2026-10-03T15:44:40.994435+00:00,2026-10-03,2026-10-04,1H SPREAD,KXNFL1HSPREAD-26OCT04LARPHI,KXNFL1HSPREAD-26OCT04LARPHI-LAR11,10.5,active,0.2008,0.8303
2026-10-03T15:44:40.994435+00:00,2026-10-03,2026-10-04,1H SPREAD,KXNFL1HSPREAD-26OCT04LARPHI,KXNFL1HSPREAD-26OCT04LARPHI-LAR10,9.5,active,0.2631,0.7824
2026-10-03T15:44:40.994435+00:00,2026-10-03,2026-10-04,1H SPREAD,KXNFL1HSPREAD-26OCT04TENBAL,KXNFL1HSPREAD-26OCT04TENBAL-TEN8,7.5,active,0.0639,0.9533
2026-10-03T15:44:40.994435+00:00,2026-10-03,2026-10-04,1H SPREAD,KXNFL1HSPREAD-26OCT04TENBAL,KXNFL1HSPREAD-26OCT04TENBAL-TEN7,6.5,active,0.1063,0.9252
2026-10-03T15:44:40.994435+00:00,2026-10-03,2026-10-04,1H SPREAD,KXNFL1HSPREAD-26OCT04TENBAL,KXNFL1HSPREAD-26OCT04TENBAL-TEN5,4.5,active,0.1063,0.9157
2026-10-03T15:44:40.994435+00:00,2026-10-03,2026-10-04,1H SPREAD,KXNFL1HSPREAD-26OCT04TENBAL,KXNFL1HSPREAD-26OCT04TENBAL-TEN4,3.5,active,0.1484,0.8874
2026-10-03T15:44:40.994435+00:00,2026-10-03,2026-10-04,1H SPREAD,KXNFL1HSPREAD-26OCT04TENBAL,KXNFL1HSPREAD-26OCT04TENBAL-TEN3,2.5,active,0.1903,0.8494
2026-10-03T15:44:40.994435+00:00,2026-10-03,2026-10-04,1H SPREAD,KXNFL1HSPREAD-26OCT04TENBAL,KXNFL1HSPREAD-26OCT04TENBAL-TEN11,10.5,active,0.0427,0.9814
2026-10-03T15:44:40.994435+00:00,2026-10-03,2026-10-04,1H SPREAD,KXNFL1HSPREAD-26OCT04TENBAL,KXNFL1HSPREAD-26OCT04TENBAL-TEN10,9.5,active,0.0639,0.9627
2026-10-03T15:44:40.994435+00:00,2026-10-03,2026-10-04,1H SPREAD,KXNFL1HSPREAD-26OCT04TENBAL,KXNFL1HSPREAD-26OCT04TENBAL-BAL8,7.5,active,0.4874,0.5574
2026-10-03T15:44:40.994435+00:00,2026-10-03,2026-10-04,1H SPREAD,KXNFL1HSPREAD-26OCT04TENBAL,KXNFL1HSPREAD-26OCT04TENBAL-BAL7,6.5,active,0.5772,0.4673
2026-10-03T15:44:40.994435+00:00,2026-10-03,2026-10-04,1H SPREAD,KXNFL1HSPREAD-26OCT04TENBAL,KXNFL1HSPREAD-26OCT04TENBAL-BAL5,4.5,active,0.5971,0.4472
2026-10-03T15:44:40.994435+00:00,2026-10-03,2026-10-04,1H SPREAD,KXNFL1HSPREAD-26OCT04TENBAL,KXNFL1HSPREAD-26OCT04TENBAL-BAL4,3.5,active,0.6561,0.3863
2026-10-03T15:44:40.994435+00:00,2026-10-03,2026-10-04,1H SPREAD,KXNFL1HSPREAD-26OCT04TENBAL,KXNFL1HSPREAD-26OCT04TENBAL-BAL3,2.5,active,0.7147,0.325
2026-10-03T15:44:40.994435+00:00,2026-10-03,2026-10-04,1H SPREAD,KXNFL1HSPREAD-26OCT04TENBAL,KXNFL1HSPREAD-26OCT04TENBAL-BAL21,20.5,active,0.1274,0.9157
2026-10-03T15:44:40.994435+00:00,2026-10-03,2026-10-04,1H SPREAD,KXNFL1HSPREAD-26OCT04TENBAL,KXNFL1HSPREAD-26OCT04TENBAL-BAL18,17.5,active,0.1694,0.8779
2026-10-03T15:44:40.994435+00:00,2026-10-03,2026-10-04,1H SPREAD,KXNFL1HSPREAD-26OCT04TENBAL,KXNFL1HSPREAD-26OCT04TENBAL-BAL15,14.5,active,0.232,0.8016
2026-10-03T15:44:40.994435+00:00,2026-10-03,2026-10-04,1H SPREAD,KXNFL1HSPREAD-26OCT04TENBAL,KXNFL1HSPREAD-26OCT04TENBAL-BAL14,13.5,active,0.2838,0.7535
2026-10-03T15:44:40.994435+00:00,2026-10-03,2026-10-04,1H SPREAD,KXNFL1HSPREAD-26OCT04TENBAL,KXNFL1HSPREAD-26OCT04TENBAL-BAL11,10.5,active,0.3863,0.6757
2026-10-03T15:44:40.994435+00:00,2026-10-03,2026-10-04,1H SPREAD,KXNFL1HSPREAD-26OCT04TENBAL,KXNFL1HSPREAD-26OCT04TENBAL-BAL10,9.5,active,0.4572,0.5872
2026-10-03T15:44:40.994435+00:00,2026-10-03,2026-10-04,1H SPREAD,KXNFL1HSPREAD-26OCT04GBTB,KXNFL1HSPREAD-26OCT04GBTB-TB8,7.5,active,0.1589,0.8779
2026-10-03T15:44:40.994435+00:00,2026-10-03,2026-10-04,1H SPREAD,KXNFL1HSPREAD-26OCT04GBTB,KXNFL1HSPREAD-26OCT04GBTB-TB7,6.5,active,0.2216,0.8303
2026-10-03T15:44:40.994435+00:00,2026-10-03,2026-10-04,1H SPREAD,KXNFL1HSPREAD-26OCT04GBTB,KXNFL1HSPREAD-26OCT04GBTB-TB5,4.5,active,0.2528,0.792
2026-10-03T15:44:40.994435+00:00,2026-10-03,2026-10-04,1H SPREAD,KXNFL1HSPREAD-26OCT04GBTB,KXNFL1HSPREAD-26OCT04GBTB-TB4,3.5,active,0.3044,0.7535
2026-10-03T15:44:40.994435+00:00,2026-10-03,2026-10-04,1H SPREAD,KXNFL1HSPREAD-26OCT04GBTB,KXNFL1HSPREAD-26OCT04GBTB-TB3,2.5,active,0.3761,0.6855
2026-10-03T15:44:40.994435+00:00,2026-10-03,2026-10-04,1H SPREAD,KXNFL1HSPREAD-26OCT04GBTB,KXNFL1HSPREAD-26OCT04GBTB-TB11,10.5,active,0.0957,0.9346
2026-10-03T15:44:40.994435+00:00,2026-10-03,2026-10-04,1H SPREAD,KXNFL1HSPREAD-26OCT04GBTB,KXNFL1HSPREAD-26OCT04GBTB-TB10,9.5,active,0.1169,0.9063
2026-10-03T15:44:40.994435+00:00,2026-10-03,2026-10-04,1H SPREAD,KXNFL1HSPREAD-26OCT04GBTB,KXNFL1HSPREAD-26OCT04GBTB-GB8,7.5,active,0.2735,0.7824
2026-10-03T15:44:40.994435+00:00,2026-10-03,2026-10-04,1H SPREAD,KXNFL1HSPREAD-26OCT04GBTB,KXNFL1HSPREAD-26OCT04GBTB-GB7,6.5,active,0.3455,0.6952
2026-10-03T15:44:40.994435+00:00,2026-10-03,2026-10-04,1H SPREAD,KXNFL1HSPREAD-26OCT04GBTB,KXNFL1HSPREAD-26OCT04GBTB-GB5,4.5,active,0.3863,0.6561
2026-10-03T15:44:40.994435+00:00,2026-10-03,2026-10-04,1H SPREAD,KXNFL1HSPREAD-26OCT04GBTB,KXNFL1HSPREAD-26OCT04GBTB-GB4,3.5,active,0.4472,0.6069
2026-10-03T15:44:40.994435+00:00,2026-10-03,2026-10-04,1H SPREAD,KXNFL1HSPREAD-26OCT04GBTB,KXNFL1HSPREAD-26OCT04GBTB-GB3,2.5,active,0.5275,0.5175
2026-10-03T15:44:40.994435+00:00,2026-10-03,2026-10-04,1H SPREAD,KXNFL1HSPREAD-26OCT04GBTB,KXNFL1HSPREAD-26OCT04GBTB-GB14,13.5,active,0.1379,0.8969
2026-10-03T15:44:40.994435+00:00,2026-10-03,2026-10-04,1H SPREAD,KXNFL1HSPREAD-26OCT04GBTB,KXNFL1HSPREAD-26OCT04GBTB-GB11,10.5,active,0.1903,0.8494
2026-10-03T15:44:40.994435+00:00,2026-10-03,2026-10-04,1H SPREAD,KXNFL1HSPREAD-26OCT04GBTB,KXNFL1HSPREAD-26OCT04GBTB-GB10,9.5,active,0.2424,0.8112
2026-10-03T15:44:40.994435+00:00,2026-10-03,2026-10-04,1H SPREAD,KXNFL1HSPREAD-26OCT04JACCIN,KXNFL1HSPREAD-26OCT04JACCIN-JAC8,7.5,active,0.2008,0.8399
2026-10-03T15:44:40.994435+00:00,2026-10-03,2026-10-04,1H SPREAD,KXNFL1HSPREAD-26OCT04JACCIN,KXNFL1HSPREAD-26OCT04JACCIN-JAC7,6.5,active,0.2631,0.792
2026-10-03T15:44:40.994435+00:00,2026-10-03,2026-10-04,1H SPREAD,KXNFL1HSPREAD-26OCT04JACCIN,KXNFL1HSPREAD-26OCT04JACCIN-JAC5,4.5,active,0.2941,0.7631
2026-10-03T15:44:40.994435+00:00,2026-10-03,2026-10-04,1H SPREAD,KXNFL1HSPREAD-26OCT04JACCIN,KXNFL1HSPREAD-26OCT04JACCIN-JAC4,3.5,active,0.3455,0.705
2026-10-03T15:44:40.994435+00:00,2026-10-03,2026-10-04,1H SPREAD,KXNFL1HSPREAD-26OCT04JACCIN,KXNFL1HSPREAD-26OCT04JACCIN-JAC3,2.5,active,0.3965,0.6463
2026-10-03T15:44:40.994435+00:00,2026-10-03,2026-10-04,1H SPREAD,KXNFL1HSPREAD-26OCT04JACCIN,KXNFL1HSPREAD-26OCT04JACCIN-JAC11,10.5,active,0.1589,0.8969
2026-10-03T15:44:40.994435+00:00,2026-10-03,2026-10-04,1H SPREAD,KXNFL1HSPREAD-26OCT04JACCIN,KXNFL1HSPREAD-26OCT04JACCIN-JAC10,9.5,active,0.1799,0.8589
2026-10-03T15:44:40.994435+00:00,2026-10-03,2026-10-04,1H SPREAD,KXNFL1HSPREAD-26OCT04JACCIN,KXNFL1HSPREAD-26OCT04JACCIN-CIN8,7.5,active,0.2631,0.7728
2026-10-03T15:44:40.994435+00:00,2026-10-03,2026-10-04,1H SPREAD,KXNFL1HSPREAD-26OCT04JACCIN,KXNFL1HSPREAD-26OCT04JACCIN-CIN7,6.5,active,0.325,0.7147
2026-10-03T15:44:40.994435+00:00,2026-10-03,2026-10-04,1H SPREAD,KXNFL1HSPREAD-26OCT04JACCIN,KXNFL1HSPREAD-26OCT04JACCIN-CIN5,4.5,active,0.3659,0.6757
2026-10-03T15:44:40.994435+00:00,2026-10-03,2026-10-04,1H SPREAD,KXNFL1HSPREAD-26OCT04JACCIN,KXNFL1HSPREAD-26OCT04JACCIN-CIN4,3.5,active,0.4168,0.6267
2026-10-03T15:44:40.994435+00:00,2026-10-03,2026-10-04,1H SPREAD,KXNFL1HSPREAD-26OCT04JACCIN,KXNFL1HSPREAD-26OCT04JACCIN-CIN3,2.5,active,0.4874,0.5574
2026-10-03T15:44:40.994435+00:00,2026-10-03,2026-10-04,1H SPREAD,KXNFL1HSPREAD-26OCT04JACCIN,KXNFL1HSPREAD-26OCT04JACCIN-CIN11,10.5,active,0.1799,0.8494
2026-10-03T15:44:40.994435+00:00,2026-10-03,2026-10-04,1H SPREAD,KXNFL1HSPREAD-26OCT04JACCIN,KXNFL1HSPREAD-26OCT04JACCIN-CIN10,9.5,active,0.2216,0.8112
2026-10-03T15:44:40.994435+00:00,2026-10-03,2026-10-04,1H SPREAD,KXNFL1HSPREAD-26OCT04NEBUF,KXNFL1HSPREAD-26OCT04NEBUF-NE8,7.5,active,0.1169,0.9063
2026-10-03T15:44:40.994435+00:00,2026-10-03,2026-10-04,1H SPREAD,KXNFL1HSPREAD-26OCT04NEBUF,KXNFL1HSPREAD-26OCT04NEBUF-NE7,6.5,active,0.1694,0.8779
2026-10-03T15:44:40.994435+00:00,2026-10-03,2026-10-04,1H SPREAD,KXNFL1HSPREAD-26OCT04NEBUF,KXNFL1HSPREAD-26OCT04NEBUF-NE5,4.5,active,0.1903,0.8494
2026-10-03T15:44:40.994435+00:00,2026-10-03,2026-10-04,1H SPREAD,KXNFL1HSPREAD-26OCT04NEBUF,KXNFL1HSPREAD-26OCT04NEBUF-NE4,3.5,active,0.2216,0.8208
2026-10-03T15:44:40.994435+00:00,2026-10-03,2026-10-04,1H SPREAD,KXNFL1HSPREAD-26OCT04NEBUF,KXNFL1HSPREAD-26OCT04NEBUF-NE3,2.5,active,0.2631,0.7728
2026-10-03T15:44:40.994435+00:00,2026-10-03,2026-10-04,1H SPREAD,KXNFL1HSPREAD-26OCT04NEBUF,KXNFL1HSPREAD-26OCT04NEBUF-NE11,10.5,active,0.0852,0.9439
2026-10-03T15:44:40.994435+00:00,2026-10-03,2026-10-04,1H SPREAD,KXNFL1HSPREAD-26OCT04NEBUF,KXNFL1HSPREAD-26OCT04NEBUF-NE10,9.5,active,0.0957,0.9252
2026-10-03T15:44:40.994435+00:00,2026-10-03,2026-10-04,1H SPREAD,KXNFL1HSPREAD-26OCT04NEBUF,KXNFL1HSPREAD-26OCT04NEBUF-BUF8,7.5,active,0.3863,0.6659
2026-10-03T15:44:40.994435+00:00,2026-10-03,2026-10-04,1H SPREAD,KXNFL1HSPREAD-26OCT04NEBUF,KXNFL1HSPREAD-26OCT04NEBUF-BUF7,6.5,active,0.4572,0.5872
2026-10-03T15:44:40.994435+00:00,2026-10-03,2026-10-04,1H SPREAD,KXNFL1HSPREAD-26OCT04NEBUF,KXNFL1HSPREAD-26OCT04NEBUF-BUF5,4.5,active,0.5075,0.5375
2026-10-03T15:44:40.994435+00:00,2026-10-03,2026-10-04,1H SPREAD,KXNFL1HSPREAD-26OCT04NEBUF,KXNFL1HSPREAD-26OCT04NEBUF-BUF4,3.5,active,0.5673,0.4774
2026-10-03T15:44:40.994435+00:00,2026-10-03,2026-10-04,1H SPREAD,KXNFL1HSPREAD-26OCT04NEBUF,KXNFL1HSPREAD-26OCT04NEBUF-BUF3,2.5,active,0.6365,0.4168
2026-10-03T15:44:40.994435+00:00,2026-10-03,2026-10-04,1H SPREAD,KXNFL1HSPREAD-26OCT04NEBUF,KXNFL1HSPREAD-26OCT04NEBUF-BUF14,13.5,active,0.2112,0.8208
2026-10-03T15:44:40.994435+00:00,2026-10-03,2026-10-04,1H SPREAD,KXNFL1HSPREAD-26OCT04NEBUF,KXNFL1HSPREAD-26OCT04NEBUF-BUF11,10.5,active,0.2838,0.7535
2026-10-03T15:44:40.994435+00:00,2026-10-03,2026-10-04,1H SPREAD,KXNFL1HSPREAD-26OCT04NEBUF,KXNFL1HSPREAD-26OCT04NEBUF-BUF10,9.5,active,0.3455,0.6952
2026-10-03T15:44:40.994435+00:00,2026-10-03,2026-10-04,1H SPREAD,KXNFL1HSPREAD-26OCT04DALHOU,KXNFL1HSPREAD-26OCT04DALHOU-HOU8,7.5,active,0.2838,0.7728
2026-10-03T15:44:40.994435+00:00,2026-10-03,2026-10-04,1H SPREAD,KXNFL1HSPREAD-26OCT04DALHOU,KXNFL1HSPREAD-26OCT04DALHOU-HOU7,6.5,active,0.3455,0.705
2026-10-03T15:44:40.994435+00:00,2026-10-03,2026-10-04,1H SPREAD,KXNFL1HSPREAD-26OCT04DALHOU,KXNFL1HSPREAD-26OCT04DALHOU-HOU5,4.5,active,0.3965,0.6659
2026-10-03T15:44:40.994435+00:00,2026-10-03,2026-10-04,1H SPREAD,KXNFL1HSPREAD-26OCT04DALHOU,KXNFL1HSPREAD-26OCT04DALHOU-HOU4,3.5,active,0.4472,0.6069
2026-10-03T15:44:40.994435+00:00,2026-10-03,2026-10-04,1H SPREAD,KXNFL1HSPREAD-26OCT04DALHOU,KXNFL1HSPREAD-26OCT04DALHOU-HOU3,2.5,active,0.5075,0.5375
2026-10-03T15:44:40.994435+00:00,2026-10-03,2026-10-04,1H SPREAD,KXNFL1HSPREAD-26OCT04DALHOU,KXNFL1HSPREAD-26OCT04DALHOU-HOU11,10.5,active,0.2008,0.8399
2026-10-03T15:44:40.994435+00:00,2026-10-03,2026-10-04,1H SPREAD,KXNFL1HSPREAD-26OCT04DALHOU,KXNFL1HSPREAD-26OCT04DALHOU-HOU10,9.5,active,0.2528,0.8016
2026-10-03T15:44:40.994435+00:00,2026-10-03,2026-10-04,1H SPREAD,KXNFL1HSPREAD-26OCT04DALHOU,KXNFL1HSPREAD-26OCT04DALHOU-DAL8,7.5,active,0.1903,0.8494
2026-10-03T15:44:40.994435+00:00,2026-10-03,2026-10-04,1H SPREAD,KXNFL1HSPREAD-26OCT04DALHOU,KXNFL1HSPREAD-26OCT04DALHOU-DAL7,6.5,active,0.232,0.8112
2026-10-03T15:44:40.994435+00:00,2026-10-03,2026-10-04,1H SPREAD,KXNFL1HSPREAD-26OCT04DALHOU,KXNFL1HSPREAD-26OCT04DALHOU-DAL5,4.5,active,0.2631,0.7728
2026-10-03T15:44:40.994435+00:00,2026-10-03,2026-10-04,1H SPREAD,KXNFL1HSPREAD-26OCT04DALHOU,KXNFL1HSPREAD-26OCT04DALHOU-DAL4,3.5,active,0.3147,0.7341
2026-10-03T15:44:40.994435+00:00,2026-10-03,2026-10-04,1H SPREAD,KXNFL1HSPREAD-26OCT04DALHOU,KXNFL1HSPREAD-26OCT04DALHOU-DAL3,2.5,active,0.3863,0.6659
2026-10-03T15:44:40.994435+00:00,2026-10-03,2026-10-04,1H SPREAD,KXNFL1HSPREAD-26OCT04DALHOU,KXNFL1HSPREAD-26OCT04DALHOU-DAL11,10.5,active,0.1274,0.9063
2026-10-03T15:44:40.994435+00:00,2026-10-03,2026-10-04,1H SPREAD,KXNFL1HSPREAD-26OCT04DALHOU,KXNFL1HSPREAD-26OCT04DALHOU-DAL10,9.5,active,0.1589,0.8779
2026-10-03T15:44:40.994435+00:00,2026-10-03,2026-10-04,1H SPREAD,KXNFL1HSPREAD-26OCT04NYJCHI,KXNFL1HSPREAD-26OCT04NYJCHI-NYJ8,7.5,active,0.1484,0.8779
2026-10-03T15:44:40.994435+00:00,2026-10-03,2026-10-04,1H SPREAD,KXNFL1HSPREAD-26OCT04NYJCHI,KXNFL1HSPREAD-26OCT04NYJCHI-NYJ7,6.5,active,0.2216,0.8303
2026-10-03T15:44:40.994435+00:00,2026-10-03,2026-10-04,1H SPREAD,KXNFL1HSPREAD-26OCT04NYJCHI,KXNFL1HSPREAD-26OCT04NYJCHI-NYJ5,4.5,active,0.2528,0.8016
2026-10-03T15:44:40.994435+00:00,2026-10-03,2026-10-04,1H SPREAD,KXNFL1HSPREAD-26OCT04NYJCHI,KXNFL1HSPREAD-26OCT04NYJCHI-NYJ4,3.5,active,0.2941,0.7535
2026-10-03T15:44:40.994435+00:00,2026-10-03,2026-10-04,1H SPREAD,KXNFL1HSPREAD-26OCT04NYJCHI,KXNFL1HSPREAD-26OCT04NYJCHI-NYJ3,2.5,active,0.3557,0.705
2026-10-03T15:44:40.994435+00:00,2026-10-03,2026-10-04,1H SPREAD,KXNFL1HSPREAD-26OCT04NYJCHI,KXNFL1HSPREAD-26OCT04NYJCHI-NYJ11,10.5,active,0.1169,0.9252
2026-10-03T15:44:40.994435+00:00,2026-10-03,2026-10-04,1H SPREAD,KXNFL1HSPREAD-26OCT04NYJCHI,KXNFL1HSPREAD-26OCT04NYJCHI-NYJ10,9.5,active,0.1484,0.8874
2026-10-03T15:44:40.994435+00:00,2026-10-03,2026-10-04,1H SPREAD,KXNFL1HSPREAD-26OCT04NYJCHI,KXNFL1HSPREAD-26OCT04NYJCHI-CHI8,7.5,active,0.2838,0.7535
2026-10-03T15:44:40.994435+00:00,2026-10-03,2026-10-04,1H SPREAD,KXNFL1HSPREAD-26OCT04NYJCHI,KXNFL1HSPREAD-26OCT04NYJCHI-CHI7,6.5,active,0.3761,0.6757
2026-10-03T15:44:40.994435+00:00,2026-10-03,2026-10-04,1H SPREAD,KXNFL1HSPREAD-26OCT04NYJCHI,KXNFL1HSPREAD-26OCT04NYJCHI-CHI5,4.5,active,0.4168,0.6267
2026-10-03T15:44:40.994435+00:00,2026-10-03,2026-10-04,1H SPREAD,KXNFL1HSPREAD-26OCT04NYJCHI,KXNFL1HSPREAD-26OCT04NYJCHI-CHI4,3.5,active,0.4673,0.5872
2026-10-03T15:44:40.994435+00:00,2026-10-03,2026-10-04,1H SPREAD,KXNFL1HSPREAD-26OCT04NYJCHI,KXNFL1HSPREAD-26OCT04NYJCHI-CHI3,2.5,active,0.5375,0.5075
2026-10-03T15:44:40.994435+00:00,2026-10-03,2026-10-04,1H SPREAD,KXNFL1HSPREAD-26OCT04NYJCHI,KXNFL1HSPREAD-26OCT04NYJCHI-CHI14,13.5,active,0.1589,0.8779
2026-10-03T15:44:40.994435+00:00,2026-10-03,2026-10-04,1H SPREAD,KXNFL1HSPREAD-26OCT04NYJCHI,KXNFL1HSPREAD-26OCT04NYJCHI-CHI11,10.5,active,0.2008,0.8303
2026-10-03T15:44:40.994435+00:00,2026-10-03,2026-10-04,1H SPREAD,KXNFL1HSPREAD-26OCT04NYJCHI,KXNFL1HSPREAD-26OCT04NYJCHI-CHI10,9.5,active,0.2631,0.7728
2026-10-03T15:44:40.994435+00:00,2026-10-03,2026-10-04,1H SPREAD,KXNFL1HSPREAD-26OCT04INDWAS,KXNFL1HSPREAD-26OCT04INDWAS-WAS8,7.5,active,0.1379,0.8874
2026-10-03T15:44:40.994435+00:00,2026-10-03,2026-10-04,1H SPREAD,KXNFL1HSPREAD-26OCT04INDWAS,KXNFL1HSPREAD-26OCT04INDWAS-WAS7,6.5,active,0.1903,0.8399
2026-10-03T15:44:40.994435+00:00,2026-10-03,2026-10-04,1H SPREAD,KXNFL1HSPREAD-26OCT04INDWAS,KXNFL1HSPREAD-26OCT04INDWAS-WAS5,4.5,active,0.2424,0.8016
2026-10-03T15:44:40.994435+00:00,2026-10-03,2026-10-04,1H SPREAD,KXNFL1HSPREAD-26OCT04INDWAS,KXNFL1HSPREAD-26OCT04INDWAS-WAS4,3.5,active,0.2631,0.7728
2026-10-03T15:44:40.994435+00:00,2026-10-03,2026-10-04,1H SPREAD,KXNFL1HSPREAD-26OCT04INDWAS,KXNFL1HSPREAD-26OCT04INDWAS-WAS3,2.5,active,0.3352,0.705
2026-10-03T15:44:40.994435+00:00,2026-10-03,2026-10-04,1H SPREAD,KXNFL1HSPREAD-26OCT04INDWAS,KXNFL1HSPREAD-26OCT04INDWAS-WAS11,10.5,active,0.1063,0.9252
2026-10-03T15:44:40.994435+00:00,2026-10-03,2026-10-04,1H SPREAD,KXNFL1HSPREAD-26OCT04INDWAS,KXNFL1HSPREAD-26OCT04INDWAS-WAS10,9.5,active,0.1379,0.8969
2026-10-03T15:44:40.994435+00:00,2026-10-03,2026-10-04,1H SPREAD,KXNFL1HSPREAD-26OCT04INDWAS,KXNFL1HSPREAD-26OCT04INDWAS-IND8,7.5,active,0.3044,0.7341
2026-10-03T15:44:40.994435+00:00,2026-10-03,2026-10-04,1H SPREAD,KXNFL1HSPREAD-26OCT04INDWAS,KXNFL1HSPREAD-26OCT04INDWAS-IND7,6.5,active,0.3761,0.6659
2026-10-03T15:44:40.994435+00:00,2026-10-03,2026-10-04,1H SPREAD,KXNFL1HSPREAD-26OCT04INDWAS,KXNFL1HSPREAD-26OCT04INDWAS-IND5,4.5,active,0.4168,0.6267
2026-10-03T15:44:40.994435+00:00,2026-10-03,2026-10-04,1H SPREAD,KXNFL1HSPREAD-26OCT04INDWAS,KXNFL1HSPREAD-26OCT04INDWAS-IND4,3.5,active,0.4572,0.5872
2026-10-03T15:44:40.994435+00:00,2026-10-03,2026-10-04,1H SPREAD,KXNFL1HSPREAD-26OCT04INDWAS,KXNFL1HSPREAD-26OCT04INDWAS-IND3,2.5,active,0.5375,0.5075
2026-10-03T15:44:40.994435+00:00,2026-10-03,2026-10-04,1H SPREAD,KXNFL1HSPREAD-26OCT04INDWAS,KXNFL1HSPREAD-26OCT04INDWAS-IND14,13.5,active,0.1589,0.8684
2026-10-03T15:44:40.994435+00:00,2026-10-03,2026-10-04,1H SPREAD,KXNFL1HSPREAD-26OCT04INDWAS,KXNFL1HSPREAD-26OCT04INDWAS-IND11,10.5,active,0.232,0.8112
2026-10-03T15:44:40.994435+00:00,2026-10-03,2026-10-04,1H SPREAD,KXNFL1HSPREAD-26OCT04INDWAS,KXNFL1HSPREAD-26OCT04INDWAS-IND10,9.5,active,0.2838,0.7631
2026-10-03T15:44:40.994435+00:00,2026-10-03,2026-10-04,TOTAL,KXNFLTOTAL-26OCT04DENSF,KXNFLTOTAL-26OCT04DENSF-68,67.5,active,0.0957,0.9252
2026-10-03T15:44:40.994435+00:00,2026-10-03,2026-10-04,TOTAL,KXNFLTOTAL-26OCT04DENSF,KXNFLTOTAL-26OCT04DENSF-65,64.5,active,0.1274,0.8969
2026-10-03T15:44:40.994435+00:00,2026-10-03,2026-10-04,TOTAL,KXNFLTOTAL-26OCT04DENSF,KXNFLTOTAL-26OCT04DENSF-62,61.5,active,0.1799,0.8494
2026-10-03T15:44:40.994435+00:00,2026-10-03,2026-10-04,TOTAL,KXNFLTOTAL-26OCT04DENSF,KXNFLTOTAL-26OCT04DENSF-59,58.5,active,0.232,0.8016
2026-10-03T15:44:40.994435+00:00,2026-10-03,2026-10-04,TOTAL,KXNFLTOTAL-26OCT04DENSF,KXNFLTOTAL-26OCT04DENSF-56,55.5,active,0.3044,0.7341
2026-10-03T15:44:40.994435+00:00,2026-10-03,2026-10-04,TOTAL,KXNFLTOTAL-26OCT04DENSF,KXNFLTOTAL-26OCT04DENSF-53,52.5,active,0.3863,0.6561
2026-10-03T15:44:40.994435+00:00,2026-10-03,2026-10-04,TOTAL,KXNFLTOTAL-26OCT04DENSF,KXNFLTOTAL-26OCT04DENSF-50,49.5,active,0.4774,0.5673
2026-10-03T15:44:40.994435+00:00,2026-10-03,2026-10-04,TOTAL,KXNFLTOTAL-26OCT04DENSF,KXNFLTOTAL-26OCT04DENSF-49,48.5,active,0.5075,0.5375
2026-10-03T15:44:40.994435+00:00,2026-10-03,2026-10-04,TOTAL,KXNFLTOTAL-26OCT04DENSF,KXNFLTOTAL-26OCT04DENSF-48,47.5,active,0.5474,0.4975
2026-10-03T15:44:40.994435+00:00,2026-10-03,2026-10-04,TOTAL,KXNFLTOTAL-26OCT04DENSF,KXNFLTOTAL-26OCT04DENSF-47,46.5,active,0.5772,0.4673
2026-10-03T15:44:40.994435+00:00,2026-10-03,2026-10-04,TOTAL,KXNFLTOTAL-26OCT04DENSF,KXNFLTOTAL-26OCT04DENSF-46,45.5,active,0.5971,0.4472
2026-10-03T15:44:40.994435+00:00,2026-10-03,2026-10-04,TOTAL,KXNFLTOTAL-26OCT04DENSF,KXNFLTOTAL-26OCT04DENSF-45,44.5,active,0.6267,0.4168
2026-10-03T15:44:40.994435+00:00,2026-10-03,2026-10-04,TOTAL,KXNFLTOTAL-26OCT04DENSF,KXNFLTOTAL-26OCT04DENSF-44,43.5,active,0.6561,0.3863
2026-10-03T15:44:40.994435+00:00,2026-10-03,2026-10-04,TOTAL,KXNFLTOTAL-26OCT04DENSF,KXNFLTOTAL-26OCT04DENSF-41,40.5,active,0.7438,0.2941
2026-10-03T15:44:40.994435+00:00,2026-10-03,2026-10-04,TOTAL,KXNFLTOTAL-26OCT04DENSF,KXNFLTOTAL-26OCT04DENSF-38,37.5,active,0.8112,0.2216
2026-10-03T15:44:40.994435+00:00,2026-10-03,2026-10-04,TOTAL,KXNFLTOTAL-26OCT04DENSF,KXNFLTOTAL-26OCT04DENSF-35,34.5,active,0.8779,0.1484
2026-10-03T15:44:40.994435+00:00,2026-10-03,2026-10-04,TOTAL,KXNFLTOTAL-26OCT04DENSF,KXNFLTOTAL-26OCT04DENSF-32,31.5,active,0.9157,0.1063
2026-10-03T15:44:40.994435+00:00,2026-10-03,2026-10-04,TOTAL,KXNFLTOTAL-26OCT04DENSF,KXNFLTOTAL-26OCT04DENSF-29,28.5,active,0.9533,0.0639
2026-10-03T15:44:40.994435+00:00,2026-10-03,2026-10-04,TOTAL,KXNFLTOTAL-26OCT04DENSF,KXNFLTOTAL-26OCT04DENSF-26,25.5,active,0.972,0.0427
2026-10-03T15:44:40.994435+00:00,2026-10-03,2026-10-04,TOTAL,KXNFLTOTAL-26OCT04DETCAR,KXNFLTOTAL-26OCT04DETCAR-71,70.5,active,0.0852,0.9346
2026-10-03T15:44:40.994435+00:00,2026-10-03,2026-10-04,TOTAL,KXNFLTOTAL-26OCT04DETCAR,KXNFLTOTAL-26OCT04DETCAR-68,67.5,active,0.1274,0.8969
2026-10-03T15:44:40.994435+00:00,2026-10-03,2026-10-04,TOTAL,KXNFLTOTAL-26OCT04DETCAR,KXNFLTOTAL-26OCT04DETCAR-65,64.5,active,0.1799,0.8494
2026-10-03T15:44:40.994435+00:00,2026-10-03,2026-10-04,TOTAL,KXNFLTOTAL-26OCT04DETCAR,KXNFLTOTAL-26OCT04DETCAR-62,61.5,active,0.232,0.8016
2026-10-03T15:44:40.994435+00:00,2026-10-03,2026-10-04,TOTAL,KXNFLTOTAL-26OCT04DETCAR,KXNFLTOTAL-26OCT04DETCAR-59,58.5,active,0.3044,0.7341
2026-10-03T15:44:40.994435+00:00,2026-10-03,2026-10-04,TOTAL,KXNFLTOTAL-26OCT04DETCAR,KXNFLTOTAL-26OCT04DETCAR-56,55.5,active,0.3863,0.6561
2026-10-03T15:44:40.994435+00:00,2026-10-03,2026-10-04,TOTAL,KXNFLTOTAL-26OCT04DETCAR,KXNFLTOTAL-26OCT04DETCAR-53,52.5,active,0.4774,0.5673
2026-10-03T15:44:40.994435+00:00,2026-10-03,2026-10-04,TOTAL,KXNFLTOTAL-26OCT04DETCAR,KXNFLTOTAL-26OCT04DETCAR-52,51.5,active,0.4975,0.5474
2026-10-03T15:44:40.994435+00:00,2026-10-03,2026-10-04,TOTAL,KXNFLTOTAL-26OCT04DETCAR,KXNFLTOTAL-26OCT04DETCAR-51,50.5,active,0.5375,0.5075
2026-10-03T15:44:40.994435+00:00,2026-10-03,2026-10-04,TOTAL,KXNFLTOTAL-26OCT04DETCAR,KXNFLTOTAL-26OCT04DETCAR-50,49.5,active,0.5772,0.4673
2026-10-03T15:44:40.994435+00:00,2026-10-03,2026-10-04,TOTAL,KXNFLTOTAL-26OCT04DETCAR,KXNFLTOTAL-26OCT04DETCAR-49,48.5,active,0.5971,0.4472
2026-10-03T15:44:40.994435+00:00,2026-10-03,2026-10-04,TOTAL,KXNFLTOTAL-26OCT04DETCAR,KXNFLTOTAL-26OCT04DETCAR-48,47.5,active,0.6267,0.4168
2026-10-03T15:44:40.994435+00:00,2026-10-03,2026-10-04,TOTAL,KXNFLTOTAL-26OCT04DETCAR,KXNFLTOTAL-26OCT04DETCAR-47,46.5,active,0.6659,0.3863
2026-10-03T15:44:40.994435+00:00,2026-10-03,2026-10-04,TOTAL,KXNFLTOTAL-26OCT04DETCAR,KXNFLTOTAL-26OCT04DETCAR-44,43.5,active,0.7341,0.3044
2026-10-03T15:44:40.994435+00:00,2026-10-03,2026-10-04,TOTAL,KXNFLTOTAL-26OCT04DETCAR,KXNFLTOTAL-26OCT04DETCAR-41,40.5,active,0.8016,0.232
2026-10-03T15:44:40.994435+00:00,2026-10-03,2026-10-04,TOTAL,KXNFLTOTAL-26OCT04DETCAR,KXNFLTOTAL-26OCT04DETCAR-38,37.5,active,0.8589,0.1694
2026-10-03T15:44:40.994435+00:00,2026-10-03,2026-10-04,TOTAL,KXNFLTOTAL-26OCT04DETCAR,KXNFLTOTAL-26OCT04DETCAR-35,34.5,active,0.8969,0.1274
2026-10-03T15:44:40.994435+00:00,2026-10-03,2026-10-04,TOTAL,KXNFLTOTAL-26OCT04DETCAR,KXNFLTOTAL-26OCT04DETCAR-32,31.5,active,0.9346,0.0852
2026-10-03T15:44:40.994435+00:00,2026-10-03,2026-10-04,TOTAL,KXNFLTOTAL-26OCT04DETCAR,KXNFLTOTAL-26OCT04DETCAR-29,28.5,active,0.9627,0.0639
2026-10-03T15:44:40.994435+00:00,2026-10-03,2026-10-04,TOTAL,KXNFLTOTAL-26OCT04KCLV,KXNFLTOTAL-26OCT04KCLV-68,67.5,active,0.0852,0.9346
2026-10-03T15:44:40.994435+00:00,2026-10-03,2026-10-04,TOTAL,KXNFLTOTAL-26OCT04KCLV,KXNFLTOTAL-26OCT04KCLV-65,64.5,active,0.1274,0.8969
2026-10-03T15:44:40.994435+00:00,2026-10-03,2026-10-04,TOTAL,KXNFLTOTAL-26OCT04KCLV,KXNFLTOTAL-26OCT04KCLV-62,61.5,active,0.1694,0.8589
2026-10-03T15:44:40.994435+00:00,2026-10-03,2026-10-04,TOTAL,KXNFLTOTAL-26OCT04KCLV,KXNFLTOTAL-26OCT04KCLV-59,58.5,active,0.2216,0.8112
2026-10-03T15:44:40.994435+00:00,2026-10-03,2026-10-04,TOTAL,KXNFLTOTAL-26OCT04KCLV,KXNFLTOTAL-26OCT04KCLV-56,55.5,active,0.2941,0.7438
2026-10-03T15:44:40.994435+00:00,2026-10-03,2026-10-04,TOTAL,KXNFLTOTAL-26OCT04KCLV,KXNFLTOTAL-26OCT04KCLV-53,52.5,active,0.3761,0.6659
2026-10-03T15:44:40.994435+00:00,2026-10-03,2026-10-04,TOTAL,KXNFLTOTAL-26OCT04KCLV,KXNFLTOTAL-26OCT04KCLV-50,49.5,active,0.4673,0.5772
2026-10-03T15:44:40.994435+00:00,2026-10-03,2026-10-04,TOTAL,KXNFLTOTAL-26OCT04KCLV,KXNFLTOTAL-26OCT04KCLV-49,48.5,active,0.4874,0.5574
2026-10-03T15:44:40.994435+00:00,2026-10-03,2026-10-04,TOTAL,KXNFLTOTAL-26OCT04KCLV,KXNFLTOTAL-26OCT04KCLV-48,47.5,active,0.5175,0.5275
2026-10-03T15:44:40.994435+00:00,2026-10-03,2026-10-04,TOTAL,KXNFLTOTAL-26OCT04KCLV,KXNFLTOTAL-26OCT04KCLV-47,46.5,active,0.5673,0.4774
2026-10-03T15:44:40.994435+00:00,2026-10-03,2026-10-04,TOTAL,KXNFLTOTAL-26OCT04KCLV,KXNFLTOTAL-26OCT04KCLV-46,45.5,active,0.5971,0.4472
2026-10-03T15:44:40.994435+00:00,2026-10-03,2026-10-04,TOTAL,KXNFLTOTAL-26OCT04KCLV,KXNFLTOTAL-26OCT04KCLV-45,44.5,active,0.6168,0.4269
2026-10-03T15:44:40.994435+00:00,2026-10-03,2026-10-04,TOTAL,KXNFLTOTAL-26OCT04KCLV,KXNFLTOTAL-26OCT04KCLV-44,43.5,active,0.6561,0.3965
2026-10-03T15:44:40.994435+00:00,2026-10-03,2026-10-04,TOTAL,KXNFLTOTAL-26OCT04KCLV,KXNFLTOTAL-26OCT04KCLV-41,40.5,active,0.7438,0.2941
2026-10-03T15:44:40.994435+00:00,2026-10-03,2026-10-04,TOTAL,KXNFLTOTAL-26OCT04KCLV,KXNFLTOTAL-26OCT04KCLV-38,37.5,active,0.8016,0.232
2026-10-03T15:44:40.994435+00:00,2026-10-03,2026-10-04,TOTAL,KXNFLTOTAL-26OCT04KCLV,KXNFLTOTAL-26OCT04KCLV-35,34.5,active,0.8684,0.1589
2026-10-03T15:44:40.994435+00:00,2026-10-03,2026-10-04,TOTAL,KXNFLTOTAL-26OCT04KCLV,KXNFLTOTAL-26OCT04KCLV-32,31.5,active,0.9157,0.1063
2026-10-03T15:44:40.994435+00:00,2026-10-03,2026-10-04,TOTAL,KXNFLTOTAL-26OCT04KCLV,KXNFLTOTAL-26OCT04KCLV-29,28.5,active,0.9439,0.0746
2026-10-03T15:44:40.994435+00:00,2026-10-03,2026-10-04,TOTAL,KXNFLTOTAL-26OCT04KCLV,KXNFLTOTAL-26OCT04KCLV-26,25.5,active,0.972,0.0427
2026-10-03T15:44:40.994435+00:00,2026-10-03,2026-10-04,TOTAL,KXNFLTOTAL-26OCT04MIAMIN,KXNFLTOTAL-26OCT04MIAMIN-63,62.5,active,0.0533,0.9627
2026-10-03T15:44:40.994435+00:00,2026-10-03,2026-10-04,TOTAL,KXNFLTOTAL-26OCT04MIAMIN,KXNFLTOTAL-26OCT04MIAMIN-60,59.5,active,0.0639,0.9533
2026-10-03T15:44:40.994435+00:00,2026-10-03,2026-10-04,TOTAL,KXNFLTOTAL-26OCT04MIAMIN,KXNFLTOTAL-26OCT04MIAMIN-57,56.5,active,0.0957,0.9252
2026-10-03T15:44:40.994435+00:00,2026-10-03,2026-10-04,TOTAL,KXNFLTOTAL-26OCT04MIAMIN,KXNFLTOTAL-26OCT04MIAMIN-54,53.5,active,0.1274,0.8969
2026-10-03T15:44:40.994435+00:00,2026-10-03,2026-10-04,TOTAL,KXNFLTOTAL-26OCT04MIAMIN,KXNFLTOTAL-26OCT04MIAMIN-51,50.5,active,0.1903,0.8399
2026-10-03T15:44:40.994435+00:00,2026-10-03,2026-10-04,TOTAL,KXNFLTOTAL-26OCT04MIAMIN,KXNFLTOTAL-26OCT04MIAMIN-48,47.5,active,0.2528,0.7824
2026-10-03T15:44:40.994435+00:00,2026-10-03,2026-10-04,TOTAL,KXNFLTOTAL-26OCT04MIAMIN,KXNFLTOTAL-26OCT04MIAMIN-45,44.5,active,0.325,0.7147
2026-10-03T15:44:40.994435+00:00,2026-10-03,2026-10-04,TOTAL,KXNFLTOTAL-26OCT04MIAMIN,KXNFLTOTAL-26OCT04MIAMIN-44,43.5,active,0.3557,0.6855
2026-10-03T15:44:40.994435+00:00,2026-10-03,2026-10-04,TOTAL,KXNFLTOTAL-26OCT04MIAMIN,KXNFLTOTAL-26OCT04MIAMIN-43,42.5,active,0.3965,0.6463
2026-10-03T15:44:40.994435+00:00,2026-10-03,2026-10-04,TOTAL,KXNFLTOTAL-26OCT04MIAMIN,KXNFLTOTAL-26OCT04MIAMIN-42,41.5,active,0.4168,0.6267
2026-10-03T15:44:40.994435+00:00,2026-10-03,2026-10-04,TOTAL,KXNFLTOTAL-26OCT04MIAMIN,KXNFLTOTAL-26OCT04MIAMIN-41,40.5,active,0.4572,0.5872
2026-10-03T15:44:40.994435+00:00,2026-10-03,2026-10-04,TOTAL,KXNFLTOTAL-26OCT04MIAMIN,KXNFLTOTAL-26OCT04MIAMIN-40,39.5,active,0.4874,0.5574
2026-10-03T15:44:40.994435+00:00,2026-10-03,2026-10-04,TOTAL,KXNFLTOTAL-26OCT04MIAMIN,KXNFLTOTAL-26OCT04MIAMIN-39,38.5,active,0.5275,0.5175
2026-10-03T15:44:40.994435+00:00,2026-10-03,2026-10-04,TOTAL,KXNFLTOTAL-26OCT04MIAMIN,KXNFLTOTAL-26OCT04MIAMIN-36,35.5,active,0.6267,0.4168
2026-10-03T15:44:40.994435+00:00,2026-10-03,2026-10-04,TOTAL,KXNFLTOTAL-26OCT04MIAMIN,KXNFLTOTAL-26OCT04MIAMIN-33,32.5,active,0.7244,0.3147
2026-10-03T15:44:40.994435+00:00,2026-10-03,2026-10-04,TOTAL,KXNFLTOTAL-26OCT04MIAMIN,KXNFLTOTAL-26OCT04MIAMIN-30,29.5,active,0.8016,0.232
2026-10-03T15:44:40.994435+00:00,2026-10-03,2026-10-04,TOTAL,KXNFLTOTAL-26OCT04MIAMIN,KXNFLTOTAL-26OCT04MIAMIN-27,26.5,active,0.8684,0.1589
2026-10-03T15:44:40.994435+00:00,2026-10-03,2026-10-04,TOTAL,KXNFLTOTAL-26OCT04MIAMIN,KXNFLTOTAL-26OCT04MIAMIN-24,23.5,active,0.9157,0.1063
2026-10-03T15:44:40.994435+00:00,2026-10-03,2026-10-04,TOTAL,KXNFLTOTAL-26OCT04MIAMIN,KXNFLTOTAL-26OCT04MIAMIN-21,20.5,active,0.9439,0.0746
2026-10-03T15:44:40.994435+00:00,2026-10-03,2026-10-04,TOTAL,KXNFLTOTAL-26OCT04TENBAL,KXNFLTOTAL-26OCT04TENBAL-65,64.5,active,0.0746,0.9439
2026-10-03T15:44:40.994435+00:00,2026-10-03,2026-10-04,TOTAL,KXNFLTOTAL-26OCT04TENBAL,KXNFLTOTAL-26OCT04TENBAL-62,61.5,active,0.0957,0.9252
2026-10-03T15:44:40.994435+00:00,2026-10-03,2026-10-04,TOTAL,KXNFLTOTAL-26OCT04TENBAL,KXNFLTOTAL-26OCT04TENBAL-59,58.5,active,0.1379,0.8874
2026-10-03T15:44:40.994435+00:00,2026-10-03,2026-10-04,TOTAL,KXNFLTOTAL-26OCT04TENBAL,KXNFLTOTAL-26OCT04TENBAL-56,55.5,active,0.1799,0.8494
2026-10-03T15:44:40.994435+00:00,2026-10-03,2026-10-04,TOTAL,KXNFLTOTAL-26OCT04TENBAL,KXNFLTOTAL-26OCT04TENBAL-53,52.5,active,0.2528,0.7824
2026-10-03T15:44:40.994435+00:00,2026-10-03,2026-10-04,TOTAL,KXNFLTOTAL-26OCT04TENBAL,KXNFLTOTAL-26OCT04TENBAL-50,49.5,active,0.325,0.7244
2026-10-03T15:44:40.994435+00:00,2026-10-03,2026-10-04,TOTAL,KXNFLTOTAL-26OCT04TENBAL,KXNFLTOTAL-26OCT04TENBAL-47,46.5,active,0.4067,0.6463
2026-10-03T15:44:40.994435+00:00,2026-10-03,2026-10-04,TOTAL,KXNFLTOTAL-26OCT04TENBAL,KXNFLTOTAL-26OCT04TENBAL-46,45.5,active,0.4269,0.6168
2026-10-03T15:44:40.994435+00:00,2026-10-03,2026-10-04,TOTAL,KXNFLTOTAL-26OCT04TENBAL,KXNFLTOTAL-26OCT04TENBAL-45,44.5,active,0.4472,0.5971
2026-10-03T15:44:40.994435+00:00,2026-10-03,2026-10-04,TOTAL,KXNFLTOTAL-26OCT04TENBAL,KXNFLTOTAL-26OCT04TENBAL-44,43.5,active,0.4874,0.5574
2026-10-03T15:44:40.994435+00:00,2026-10-03,2026-10-04,TOTAL,KXNFLTOTAL-26OCT04TENBAL,KXNFLTOTAL-26OCT04TENBAL-43,42.5,active,0.5175,0.5275
2026-10-03T15:44:40.994435+00:00,2026-10-03,2026-10-04,TOTAL,KXNFLTOTAL-26OCT04TENBAL,KXNFLTOTAL-26OCT04TENBAL-42,41.5,active,0.5574,0.4874
2026-10-03T15:44:40.994435+00:00,2026-10-03,2026-10-04,TOTAL,KXNFLTOTAL-26OCT04TENBAL,KXNFLTOTAL-26OCT04TENBAL-41,40.5,active,0.5872,0.4572
2026-10-03T15:44:40.994435+00:00,2026-10-03,2026-10-04,TOTAL,KXNFLTOTAL-26OCT04TENBAL,KXNFLTOTAL-26OCT04TENBAL-38,37.5,active,0.6757,0.3659
2026-10-03T15:44:40.994435+00:00,2026-10-03,2026-10-04,TOTAL,KXNFLTOTAL-26OCT04TENBAL,KXNFLTOTAL-26OCT04TENBAL-35,34.5,active,0.7631,0.2838
2026-10-03T15:44:40.994435+00:00,2026-10-03,2026-10-04,TOTAL,KXNFLTOTAL-26OCT04TENBAL,KXNFLTOTAL-26OCT04TENBAL-32,31.5,active,0.8399,0.1903
2026-10-03T15:44:40.994435+00:00,2026-10-03,2026-10-04,TOTAL,KXNFLTOTAL-26OCT04TENBAL,KXNFLTOTAL-26OCT04TENBAL-29,28.5,active,0.8874,0.1379
2026-10-03T15:44:40.994435+00:00,2026-10-03,2026-10-04,TOTAL,KXNFLTOTAL-26OCT04TENBAL,KXNFLTOTAL-26OCT04TENBAL-26,25.5,active,0.9439,0.0852
2026-10-03T15:44:40.994435+00:00,2026-10-03,2026-10-04,TOTAL,KXNFLTOTAL-26OCT04TENBAL,KXNFLTOTAL-26OCT04TENBAL-23,22.5,active,0.9627,0.0533
2026-10-03T15:44:40.994435+00:00,2026-10-03,2026-10-04,TOTAL,KXNFLTOTAL-26OCT04DALHOU,KXNFLTOTAL-26OCT04DALHOU-69,68.5,active,0.0957,0.9252
2026-10-03T15:44:40.994435+00:00,2026-10-03,2026-10-04,TOTAL,KXNFLTOTAL-26OCT04DALHOU,KXNFLTOTAL-26OCT04DALHOU-66,65.5,active,0.1169,0.9063
2026-10-03T15:44:40.994435+00:00,2026-10-03,2026-10-04,TOTAL,KXNFLTOTAL-26OCT04DALHOU,KXNFLTOTAL-26OCT04DALHOU-63,62.5,active,0.1589,0.8684
2026-10-03T15:44:40.994435+00:00,2026-10-03,2026-10-04,TOTAL,KXNFLTOTAL-26OCT04DALHOU,KXNFLTOTAL-26OCT04DALHOU-60,59.5,active,0.2216,0.8112
2026-10-03T15:44:40.994435+00:00,2026-10-03,2026-10-04,TOTAL,KXNFLTOTAL-26OCT04DALHOU,KXNFLTOTAL-26OCT04DALHOU-57,56.5,active,0.3044,0.7341
2026-10-03T15:44:40.994435+00:00,2026-10-03,2026-10-04,TOTAL,KXNFLTOTAL-26OCT04DALHOU,KXNFLTOTAL-26OCT04DALHOU-54,53.5,active,0.3761,0.6659
2026-10-03T15:44:40.994435+00:00,2026-10-03,2026-10-04,TOTAL,KXNFLTOTAL-26OCT04DALHOU,KXNFLTOTAL-26OCT04DALHOU-51,50.5,active,0.4472,0.5971
2026-10-03T15:44:40.994435+00:00,2026-10-03,2026-10-04,TOTAL,KXNFLTOTAL-26OCT04DALHOU,KXNFLTOTAL-26OCT04DALHOU-50,49.5,active,0.4874,0.5574
2026-10-03T15:44:40.994435+00:00,2026-10-03,2026-10-04,TOTAL,KXNFLTOTAL-26OCT04DALHOU,KXNFLTOTAL-26OCT04DALHOU-49,48.5,active,0.5175,0.5275
2026-10-03T15:44:40.994435+00:00,2026-10-03,2026-10-04,TOTAL,KXNFLTOTAL-26OCT04DALHOU,KXNFLTOTAL-26OCT04DALHOU-48,47.5,active,0.5673,0.4774
2026-10-03T15:44:40.994435+00:00,2026-10-03,2026-10-04,TOTAL,KXNFLTOTAL-26OCT04DALHOU,KXNFLTOTAL-26OCT04DALHOU-47,46.5,active,0.5872,0.4572
2026-10-03T15:44:40.994435+00:00,2026-10-03,2026-10-04,TOTAL,KXNFLTOTAL-26OCT04DALHOU,KXNFLTOTAL-26OCT04DALHOU-46,45.5,active,0.6069,0.4371
2026-10-03T15:44:40.994435+00:00,2026-10-03,2026-10-04,TOTAL,KXNFLTOTAL-26OCT04DALHOU,KXNFLTOTAL-26OCT04DALHOU-45,44.5,active,0.6267,0.4168
2026-10-03T15:44:40.994435+00:00,2026-10-03,2026-10-04,TOTAL,KXNFLTOTAL-26OCT04DALHOU,KXNFLTOTAL-26OCT04DALHOU-42,41.5,active,0.7147,0.325
2026-10-03T15:44:40.994435+00:00,2026-10-03,2026-10-04,TOTAL,KXNFLTOTAL-26OCT04DALHOU,KXNFLTOTAL-26OCT04DALHOU-39,38.5,active,0.792,0.2528
2026-10-03T15:44:40.994435+00:00,2026-10-03,2026-10-04,TOTAL,KXNFLTOTAL-26OCT04DALHOU,KXNFLTOTAL-26OCT04DALHOU-36,35.5,active,0.8494,0.1799
2026-10-03T15:44:40.994435+00:00,2026-10-03,2026-10-04,TOTAL,KXNFLTOTAL-26OCT04DALHOU,KXNFLTOTAL-26OCT04DALHOU-33,32.5,active,0.9063,0.1169
2026-10-03T15:44:40.994435+00:00,2026-10-03,2026-10-04,TOTAL,KXNFLTOTAL-26OCT04DALHOU,KXNFLTOTAL-26OCT04DALHOU-30,29.5,active,0.9346,0.0852
2026-10-03T15:44:40.994435+00:00,2026-10-03,2026-10-04,TOTAL,KXNFLTOTAL-26OCT04DALHOU,KXNFLTOTAL-26OCT04DALHOU-27,26.5,active,0.9627,0.0533
2026-10-03T15:44:40.994435+00:00,2026-10-03,2026-10-04,TOTAL,KXNFLTOTAL-26OCT04LACSEA,KXNFLTOTAL-26OCT04LACSEA-65,64.5,active,0.0639,0.9533
2026-10-03T15:44:40.994435+00:00,2026-10-03,2026-10-04,TOTAL,KXNFLTOTAL-26OCT04LACSEA,KXNFLTOTAL-26OCT04LACSEA-62,61.5,active,0.0957,0.9252
2026-10-03T15:44:40.994435+00:00,2026-10-03,2026-10-04,TOTAL,KXNFLTOTAL-26OCT04LACSEA,KXNFLTOTAL-26OCT04LACSEA-59,58.5,active,0.1379,0.8874
2026-10-03T15:44:40.994435+00:00,2026-10-03,2026-10-04,TOTAL,KXNFLTOTAL-26OCT04LACSEA,KXNFLTOTAL-26OCT04LACSEA-56,55.5,active,0.1903,0.8399
2026-10-03T15:44:40.994435+00:00,2026-10-03,2026-10-04,TOTAL,KXNFLTOTAL-26OCT04LACSEA,KXNFLTOTAL-26OCT04LACSEA-53,52.5,active,0.2631,0.7728
2026-10-03T15:44:40.994435+00:00,2026-10-03,2026-10-04,TOTAL,KXNFLTOTAL-26OCT04LACSEA,KXNFLTOTAL-26OCT04LACSEA-50,49.5,active,0.3352,0.705
2026-10-03T15:44:40.994435+00:00,2026-10-03,2026-10-04,TOTAL,KXNFLTOTAL-26OCT04LACSEA,KXNFLTOTAL-26OCT04LACSEA-47,46.5,active,0.4168,0.6267
2026-10-03T15:44:40.994435+00:00,2026-10-03,2026-10-04,TOTAL,KXNFLTOTAL-26OCT04LACSEA,KXNFLTOTAL-26OCT04LACSEA-46,45.5,active,0.4472,0.5971
2026-10-03T15:44:40.994435+00:00,2026-10-03,2026-10-04,TOTAL,KXNFLTOTAL-26OCT04LACSEA,KXNFLTOTAL-26OCT04LACSEA-45,44.5,active,0.4673,0.5872
2026-10-03T15:44:40.994435+00:00,2026-10-03,2026-10-04,TOTAL,KXNFLTOTAL-26OCT04LACSEA,KXNFLTOTAL-26OCT04LACSEA-44,43.5,active,0.4975,0.5474
2026-10-03T15:44:40.994435+00:00,2026-10-03,2026-10-04,TOTAL,KXNFLTOTAL-26OCT04LACSEA,KXNFLTOTAL-26OCT04LACSEA-43,42.5,active,0.5375,0.5075
2026-10-03T15:44:40.994435+00:00,2026-10-03,2026-10-04,TOTAL,KXNFLTOTAL-26OCT04LACSEA,KXNFLTOTAL-26OCT04LACSEA-42,41.5,active,0.5673,0.4774
2026-10-03T15:44:40.994435+00:00,2026-10-03,2026-10-04,TOTAL,KXNFLTOTAL-26OCT04LACSEA,KXNFLTOTAL-26OCT04LACSEA-41,40.5,active,0.6069,0.4371
2026-10-03T15:44:40.994435+00:00,2026-10-03,2026-10-04,TOTAL,KXNFLTOTAL-26OCT04LACSEA,KXNFLTOTAL-26OCT04LACSEA-38,37.5,active,0.6855,0.3557
2026-10-03T15:44:40.994435+00:00,2026-10-03,2026-10-04,TOTAL,KXNFLTOTAL-26OCT04LACSEA,KXNFLTOTAL-26OCT04LACSEA-35,34.5,active,0.7728,0.2631
2026-10-03T15:44:40.994435+00:00,2026-10-03,2026-10-04,TOTAL,KXNFLTOTAL-26OCT04LACSEA,KXNFLTOTAL-26OCT04LACSEA-32,31.5,active,0.8399,0.1903
2026-10-03T15:44:40.994435+00:00,2026-10-03,2026-10-04,TOTAL,KXNFLTOTAL-26OCT04LACSEA,KXNFLTOTAL-26OCT04LACSEA-29,28.5,active,0.9063,0.1274
2026-10-03T15:44:40.994435+00:00,2026-10-03,2026-10-04,TOTAL,KXNFLTOTAL-26OCT04LACSEA,KXNFLTOTAL-26OCT04LACSEA-26,25.5,active,0.9439,0.0852
2026-10-03T15:44:40.994435+00:00,2026-10-03,2026-10-04,TOTAL,KXNFLTOTAL-26OCT04LACSEA,KXNFLTOTAL-26OCT04LACSEA-23,22.5,active,0.972,0.0427
2026-10-03T15:44:40.994435+00:00,2026-10-03,2026-10-04,TOTAL,KXNFLTOTAL-26OCT04ARINYG,KXNFLTOTAL-26OCT04ARINYG-65,64.5,active,0.0852,0.9346
2026-10-03T15:44:40.994435+00:00,2026-10-03,2026-10-04,TOTAL,KXNFLTOTAL-26OCT04ARINYG,KXNFLTOTAL-26OCT04ARINYG-62,61.5,active,0.1169,0.9063
2026-10-03T15:44:40.994435+00:00,2026-10-03,2026-10-04,TOTAL,KXNFLTOTAL-26OCT04ARINYG,KXNFLTOTAL-26OCT04ARINYG-59,58.5,active,0.1589,0.8684
2026-10-03T15:44:40.994435+00:00,2026-10-03,2026-10-04,TOTAL,KXNFLTOTAL-26OCT04ARINYG,KXNFLTOTAL-26OCT04ARINYG-56,55.5,active,0.2112,0.8208
2026-10-03T15:44:40.994435+00:00,2026-10-03,2026-10-04,TOTAL,KXNFLTOTAL-26OCT04ARINYG,KXNFLTOTAL-26OCT04ARINYG-53,52.5,active,0.2941,0.7535
2026-10-03T15:44:40.994435+00:00,2026-10-03,2026-10-04,TOTAL,KXNFLTOTAL-26OCT04ARINYG,KXNFLTOTAL-26OCT04ARINYG-50,49.5,active,0.3761,0.6659
2026-10-03T15:44:40.994435+00:00,2026-10-03,2026-10-04,TOTAL,KXNFLTOTAL-26OCT04ARINYG,KXNFLTOTAL-26OCT04ARINYG-47,46.5,active,0.4572,0.5872
2026-10-03T15:44:40.994435+00:00,2026-10-03,2026-10-04,TOTAL,KXNFLTOTAL-26OCT04ARINYG,KXNFLTOTAL-26OCT04ARINYG-46,45.5,active,0.4874,0.5574
2026-10-03T15:44:40.994435+00:00,2026-10-03,2026-10-04,TOTAL,KXNFLTOTAL-26OCT04ARINYG,KXNFLTOTAL-26OCT04ARINYG-45,44.5,active,0.5075,0.5375
2026-10-03T15:44:40.994435+00:00,2026-10-03,2026-10-04,TOTAL,KXNFLTOTAL-26OCT04ARINYG,KXNFLTOTAL-26OCT04ARINYG-44,43.5,active,0.5474,0.4975
2026-10-03T15:44:40.994435+00:00,2026-10-03,2026-10-04,TOTAL,KXNFLTOTAL-26OCT04ARINYG,KXNFLTOTAL-26OCT04ARINYG-43,42.5,active,0.5872,0.4572
2026-10-03T15:44:40.994435+00:00,2026-10-03,2026-10-04,TOTAL,KXNFLTOTAL-26OCT04ARINYG,KXNFLTOTAL-26OCT04ARINYG-42,41.5,active,0.6168,0.4269
2026-10-03T15:44:40.994435+00:00,2026-10-03,2026-10-04,TOTAL,KXNFLTOTAL-26OCT04ARINYG,KXNFLTOTAL-26OCT04ARINYG-41,40.5,active,0.6365,0.4067
2026-10-03T15:44:40.994435+00:00,2026-10-03,2026-10-04,TOTAL,KXNFLTOTAL-26OCT04ARINYG,KXNFLTOTAL-26OCT04ARINYG-38,37.5,active,0.7244,0.3147
2026-10-03T15:44:40.994435+00:00,2026-10-03,2026-10-04,TOTAL,KXNFLTOTAL-26OCT04ARINYG,KXNFLTOTAL-26OCT04ARINYG-35,34.5,active,0.8016,0.232
2026-10-03T15:44:40.994435+00:00,2026-10-03,2026-10-04,TOTAL,KXNFLTOTAL-26OCT04ARINYG,KXNFLTOTAL-26OCT04ARINYG-32,31.5,active,0.8589,0.1694
2026-10-03T15:44:40.994435+00:00,2026-10-03,2026-10-04,TOTAL,KXNFLTOTAL-26OCT04ARINYG,KXNFLTOTAL-26OCT04ARINYG-29,28.5,active,0.8969,0.1274
2026-10-03T15:44:40.994435+00:00,2026-10-03,2026-10-04,TOTAL,KXNFLTOTAL-26OCT04ARINYG,KXNFLTOTAL-26OCT04ARINYG-26,25.5,active,0.9439,0.0746
2026-10-03T15:44:40.994435+00:00,2026-10-03,2026-10-04,TOTAL,KXNFLTOTAL-26OCT04ARINYG,KXNFLTOTAL-26OCT04ARINYG-23,22.5,active,0.9627,0.0533
2026-10-03T15:44:40.994435+00:00,2026-10-03,2026-10-04,TOTAL,KXNFLTOTAL-26OCT04LARPHI,KXNFLTOTAL-26OCT04LARPHI-67,66.5,active,0.0533,0.9627
2026-10-03T15:44:40.994435+00:00,2026-10-03,2026-10-04,TOTAL,KXNFLTOTAL-26OCT04LARPHI,KXNFLTOTAL-26OCT04LARPHI-64,63.5,active,0.0746,0.9439
2026-10-03T15:44:40.994435+00:00,2026-10-03,2026-10-04,TOTAL,KXNFLTOTAL-26OCT04LARPHI,KXNFLTOTAL-26OCT04LARPHI-61,60.5,active,0.0957,0.9252
2026-10-03T15:44:40.994435+00:00,2026-10-03,2026-10-04,TOTAL,KXNFLTOTAL-26OCT04LARPHI,KXNFLTOTAL-26OCT04LARPHI-58,57.5,active,0.1484,0.8779
2026-10-03T15:44:40.994435+00:00,2026-10-03,2026-10-04,TOTAL,KXNFLTOTAL-26OCT04LARPHI,KXNFLTOTAL-26OCT04LARPHI-55,54.5,active,0.2008,0.8303
2026-10-03T15:44:40.994435+00:00,2026-10-03,2026-10-04,TOTAL,KXNFLTOTAL-26OCT04LARPHI,KXNFLTOTAL-26OCT04LARPHI-52,51.5,active,0.2631,0.7728
2026-10-03T15:44:40.994435+00:00,2026-10-03,2026-10-04,TOTAL,KXNFLTOTAL-26OCT04LARPHI,KXNFLTOTAL-26OCT04LARPHI-49,48.5,active,0.3557,0.6855
2026-10-03T15:44:40.994435+00:00,2026-10-03,2026-10-04,TOTAL,KXNFLTOTAL-26OCT04LARPHI,KXNFLTOTAL-26OCT04LARPHI-48,47.5,active,0.3761,0.6659
2026-10-03T15:44:40.994435+00:00,2026-10-03,2026-10-04,TOTAL,KXNFLTOTAL-26OCT04LARPHI,KXNFLTOTAL-26OCT04LARPHI-47,46.5,active,0.4067,0.6365
2026-10-03T15:44:40.994435+00:00,2026-10-03,2026-10-04,TOTAL,KXNFLTOTAL-26OCT04LARPHI,KXNFLTOTAL-26OCT04LARPHI-46,45.5,active,0.4371,0.6069
2026-10-03T15:44:40.994435+00:00,2026-10-03,2026-10-04,TOTAL,KXNFLTOTAL-26OCT04LARPHI,KXNFLTOTAL-26OCT04LARPHI-45,44.5,active,0.4572,0.5872
2026-10-03T15:44:40.994435+00:00,2026-10-03,2026-10-04,TOTAL,KXNFLTOTAL-26OCT04LARPHI,KXNFLTOTAL-26OCT04LARPHI-44,43.5,active,0.4874,0.5574
2026-10-03T15:44:40.994435+00:00,2026-10-03,2026-10-04,TOTAL,KXNFLTOTAL-26OCT04LARPHI,KXNFLTOTAL-26OCT04LARPHI-43,42.5,active,0.5375,0.5075
2026-10-03T15:44:40.994435+00:00,2026-10-03,2026-10-04,TOTAL,KXNFLTOTAL-26OCT04LARPHI,KXNFLTOTAL-26OCT04LARPHI-40,39.5,active,0.6365,0.4067
2026-10-03T15:44:40.994435+00:00,2026-10-03,2026-10-04,TOTAL,KXNFLTOTAL-26OCT04LARPHI,KXNFLTOTAL-26OCT04LARPHI-37,36.5,active,0.7341,0.3044
2026-10-03T15:44:40.994435+00:00,2026-10-03,2026-10-04,TOTAL,KXNFLTOTAL-26OCT04LARPHI,KXNFLTOTAL-26OCT04LARPHI-34,33.5,active,0.792,0.2424
2026-10-03T15:44:40.994435+00:00,2026-10-03,2026-10-04,TOTAL,KXNFLTOTAL-26OCT04LARPHI,KXNFLTOTAL-26OCT04LARPHI-31,30.5,active,0.8589,0.1694
2026-10-03T15:44:40.994435+00:00,2026-10-03,2026-10-04,TOTAL,KXNFLTOTAL-26OCT04LARPHI,KXNFLTOTAL-26OCT04LARPHI-28,27.5,active,0.9157,0.1169
2026-10-03T15:44:40.994435+00:00,2026-10-03,2026-10-04,TOTAL,KXNFLTOTAL-26OCT04LARPHI,KXNFLTOTAL-26OCT04LARPHI-25,24.5,active,0.9439,0.0852
2026-10-03T15:44:40.994435+00:00,2026-10-03,2026-10-04,TOTAL,KXNFLTOTAL-26OCT04GBTB,KXNFLTOTAL-26OCT04GBTB-68,67.5,active,0.032,0.9814
2026-10-03T15:44:40.994435+00:00,2026-10-03,2026-10-04,TOTAL,KXNFLTOTAL-26OCT04GBTB,KXNFLTOTAL-26OCT04GBTB-65,64.5,active,0.0533,0.9627
2026-10-03T15:44:40.994435+00:00,2026-10-03,2026-10-04,TOTAL,KXNFLTOTAL-26OCT04GBTB,KXNFLTOTAL-26OCT04GBTB-62,61.5,active,0.0533,0.9627
2026-10-03T15:44:40.994435+00:00,2026-10-03,2026-10-04,TOTAL,KXNFLTOTAL-26OCT04GBTB,KXNFLTOTAL-26OCT04GBTB-59,58.5,active,0.0957,0.9346
2026-10-03T15:44:40.994435+00:00,2026-10-03,2026-10-04,TOTAL,KXNFLTOTAL-26OCT04GBTB,KXNFLTOTAL-26OCT04GBTB-56,55.5,active,0.1274,0.8969
2026-10-03T15:44:40.994435+00:00,2026-10-03,2026-10-04,TOTAL,KXNFLTOTAL-26OCT04GBTB,KXNFLTOTAL-26OCT04GBTB-53,52.5,active,0.1589,0.8684
2026-10-03T15:44:40.994435+00:00,2026-10-03,2026-10-04,TOTAL,KXNFLTOTAL-26OCT04GBTB,KXNFLTOTAL-26OCT04GBTB-50,49.5,active,0.2216,0.8112
2026-10-03T15:44:40.994435+00:00,2026-10-03,2026-10-04,TOTAL,KXNFLTOTAL-26OCT04GBTB,KXNFLTOTAL-26OCT04GBTB-49,48.5,active,0.2424,0.792
2026-10-03T15:44:40.994435+00:00,2026-10-03,2026-10-04,TOTAL,KXNFLTOTAL-26OCT04GBTB,KXNFLTOTAL-26OCT04GBTB-48,47.5,active,0.2631,0.7728
2026-10-03T15:44:40.994435+00:00,2026-10-03,2026-10-04,TOTAL,KXNFLTOTAL-26OCT04GBTB,KXNFLTOTAL-26OCT04GBTB-47,46.5,active,0.2941,0.7438
2026-10-03T15:44:40.994435+00:00,2026-10-03,2026-10-04,TOTAL,KXNFLTOTAL-26OCT04GBTB,KXNFLTOTAL-26OCT04GBTB-46,45.5,active,0.3147,0.7244
2026-10-03T15:44:40.994435+00:00,2026-10-03,2026-10-04,TOTAL,KXNFLTOTAL-26OCT04GBTB,KXNFLTOTAL-26OCT04GBTB-45,44.5,active,0.3557,0.6855
2026-10-03T15:44:40.994435+00:00,2026-10-03,2026-10-04,TOTAL,KXNFLTOTAL-26OCT04GBTB,KXNFLTOTAL-26OCT04GBTB-44,43.5,active,0.3761,0.6659
2026-10-03T15:44:40.994435+00:00,2026-10-03,2026-10-04,TOTAL,KXNFLTOTAL-26OCT04GBTB,KXNFLTOTAL-26OCT04GBTB-41,40.5,active,0.4673,0.5772
2026-10-03T15:44:40.994435+00:00,2026-10-03,2026-10-04,TOTAL,KXNFLTOTAL-26OCT04GBTB,KXNFLTOTAL-26OCT04GBTB-38,37.5,active,0.5772,0.4673
2026-10-03T15:44:40.994435+00:00,2026-10-03,2026-10-04,TOTAL,KXNFLTOTAL-26OCT04GBTB,KXNFLTOTAL-26OCT04GBTB-35,34.5,active,0.6659,0.3761
2026-10-03T15:44:40.994435+00:00,2026-10-03,2026-10-04,TOTAL,KXNFLTOTAL-26OCT04GBTB,KXNFLTOTAL-26OCT04GBTB-32,31.5,active,0.7535,0.2838
2026-10-03T15:44:40.994435+00:00,2026-10-03,2026-10-04,TOTAL,KXNFLTOTAL-26OCT04GBTB,KXNFLTOTAL-26OCT04GBTB-29,28.5,active,0.8303,0.2008
2026-10-03T15:44:40.994435+00:00,2026-10-03,2026-10-04,TOTAL,KXNFLTOTAL-26OCT04GBTB,KXNFLTOTAL-26OCT04GBTB-26,25.5,active,0.8969,0.1379
2026-10-03T15:44:40.994435+00:00,2026-10-03,2026-10-04,TOTAL,KXNFLTOTAL-26OCT04JACCIN,KXNFLTOTAL-26OCT04JACCIN-71,70.5,active,0.1063,0.9157
2026-10-03T15:44:40.994435+00:00,2026-10-03,2026-10-04,TOTAL,KXNFLTOTAL-26OCT04JACCIN,KXNFLTOTAL-26OCT04JACCIN-68,67.5,active,0.1379,0.8874
2026-10-03T15:44:40.994435+00:00,2026-10-03,2026-10-04,TOTAL,KXNFLTOTAL-26OCT04JACCIN,KXNFLTOTAL-26OCT04JACCIN-65,64.5,active,0.2008,0.8303
2026-10-03T15:44:40.994435+00:00,2026-10-03,2026-10-04,TOTAL,KXNFLTOTAL-26OCT04JACCIN,KXNFLTOTAL-26OCT04JACCIN-62,61.5,active,0.2631,0.7728
2026-10-03T15:44:40.994435+00:00,2026-10-03,2026-10-04,TOTAL,KXNFLTOTAL-26OCT04JACCIN,KXNFLTOTAL-26OCT04JACCIN-59,58.5,active,0.3147,0.7244
2026-10-03T15:44:40.994435+00:00,2026-10-03,2026-10-04,TOTAL,KXNFLTOTAL-26OCT04JACCIN,KXNFLTOTAL-26OCT04JACCIN-56,55.5,active,0.3965,0.6463
2026-10-03T15:44:40.994435+00:00,2026-10-03,2026-10-04,TOTAL,KXNFLTOTAL-26OCT04JACCIN,KXNFLTOTAL-26OCT04JACCIN-53,52.5,active,0.4975,0.5474
2026-10-03T15:44:40.994435+00:00,2026-10-03,2026-10-04,TOTAL,KXNFLTOTAL-26OCT04JACCIN,KXNFLTOTAL-26OCT04JACCIN-52,51.5,active,0.5275,0.5175
2026-10-03T15:44:40.994435+00:00,2026-10-03,2026-10-04,TOTAL,KXNFLTOTAL-26OCT04JACCIN,KXNFLTOTAL-26OCT04JACCIN-51,50.5,active,0.5673,0.4774
2026-10-03T15:44:40.994435+00:00,2026-10-03,2026-10-04,TOTAL,KXNFLTOTAL-26OCT04JACCIN,KXNFLTOTAL-26OCT04JACCIN-50,49.5,active,0.5971,0.4472
2026-10-03T15:44:40.994435+00:00,2026-10-03,2026-10-04,TOTAL,KXNFLTOTAL-26OCT04JACCIN,KXNFLTOTAL-26OCT04JACCIN-49,48.5,active,0.6267,0.4168
2026-10-03T15:44:40.994435+00:00,2026-10-03,2026-10-04,TOTAL,KXNFLTOTAL-26OCT04JACCIN,KXNFLTOTAL-26OCT04JACCIN-48,47.5,active,0.6365,0.4067
2026-10-03T15:44:40.994435+00:00,2026-10-03,2026-10-04,TOTAL,KXNFLTOTAL-26OCT04JACCIN,KXNFLTOTAL-26OCT04JACCIN-47,46.5,active,0.6757,0.3659
2026-10-03T15:44:40.994435+00:00,2026-10-03,2026-10-04,TOTAL,KXNFLTOTAL-26OCT04JACCIN,KXNFLTOTAL-26OCT04JACCIN-44,43.5,active,0.7535,0.2838
2026-10-03T15:44:40.994435+00:00,2026-10-03,2026-10-04,TOTAL,KXNFLTOTAL-26OCT04JACCIN,KXNFLTOTAL-26OCT04JACCIN-41,40.5,active,0.8112,0.2216
2026-10-03T15:44:40.994435+00:00,2026-10-03,2026-10-04,TOTAL,KXNFLTOTAL-26OCT04JACCIN,KXNFLTOTAL-26OCT04JACCIN-38,37.5,active,0.8684,0.1694
2026-10-03T15:44:40.994435+00:00,2026-10-03,2026-10-04,TOTAL,KXNFLTOTAL-26OCT04JACCIN,KXNFLTOTAL-26OCT04JACCIN-35,34.5,active,0.9063,0.1169
2026-10-03T15:44:40.994435+00:00,2026-10-03,2026-10-04,TOTAL,KXNFLTOTAL-26OCT04JACCIN,KXNFLTOTAL-26OCT04JACCIN-32,31.5,active,0.9439,0.0746
2026-10-03T15:44:40.994435+00:00,2026-10-03,2026-10-04,TOTAL,KXNFLTOTAL-26OCT04JACCIN,KXNFLTOTAL-26OCT04JACCIN-29,28.5,active,0.9627,0.0533
2026-10-03T15:44:40.994435+00:00,2026-10-03,2026-10-04,TOTAL,KXNFLTOTAL-26OCT04NEBUF,KXNFLTOTAL-26OCT04NEBUF-70,69.5,active,0.0852,0.9346
2026-10-03T15:44:40.994435+00:00,2026-10-03,2026-10-04,TOTAL,KXNFLTOTAL-26OCT04NEBUF,KXNFLTOTAL-26OCT04NEBUF-67,66.5,active,0.1274,0.8969
2026-10-03T15:44:40.994435+00:00,2026-10-03,2026-10-04,TOTAL,KXNFLTOTAL-26OCT04NEBUF,KXNFLTOTAL-26OCT04NEBUF-64,63.5,active,0.1694,0.8589
2026-10-03T15:44:40.994435+00:00,2026-10-03,2026-10-04,TOTAL,KXNFLTOTAL-26OCT04NEBUF,KXNFLTOTAL-26OCT04NEBUF-61,60.5,active,0.232,0.8016
2026-10-03T15:44:40.994435+00:00,2026-10-03,2026-10-04,TOTAL,KXNFLTOTAL-26OCT04NEBUF,KXNFLTOTAL-26OCT04NEBUF-58,57.5,active,0.3147,0.7341
2026-10-03T15:44:40.994435+00:00,2026-10-03,2026-10-04,TOTAL,KXNFLTOTAL-26OCT04NEBUF,KXNFLTOTAL-26OCT04NEBUF-55,54.5,active,0.3863,0.6561
2026-10-03T15:44:40.994435+00:00,2026-10-03,2026-10-04,TOTAL,KXNFLTOTAL-26OCT04NEBUF,KXNFLTOTAL-26OCT04NEBUF-52,51.5,active,0.4673,0.5772
2026-10-03T15:44:40.994435+00:00,2026-10-03,2026-10-04,TOTAL,KXNFLTOTAL-26OCT04NEBUF,KXNFLTOTAL-26OCT04NEBUF-51,50.5,active,0.5075,0.5375
2026-10-03T15:44:40.994435+00:00,2026-10-03,2026-10-04,TOTAL,KXNFLTOTAL-26OCT04NEBUF,KXNFLTOTAL-26OCT04NEBUF-50,49.5,active,0.5375,0.5075
2026-10-03T15:44:40.994435+00:00,2026-10-03,2026-10-04,TOTAL,KXNFLTOTAL-26OCT04NEBUF,KXNFLTOTAL-26OCT04NEBUF-49,48.5,active,0.5673,0.4774
2026-10-03T15:44:40.994435+00:00,2026-10-03,2026-10-04,TOTAL,KXNFLTOTAL-26OCT04NEBUF,KXNFLTOTAL-26OCT04NEBUF-48,47.5,active,0.5971,0.4472
2026-10-03T15:44:40.994435+00:00,2026-10-03,2026-10-04,TOTAL,KXNFLTOTAL-26OCT04NEBUF,KXNFLTOTAL-26OCT04NEBUF-47,46.5,active,0.6365,0.4067
2026-10-03T15:44:40.994435+00:00,2026-10-03,2026-10-04,TOTAL,KXNFLTOTAL-26OCT04NEBUF,KXNFLTOTAL-26OCT04NEBUF-46,45.5,active,0.6463,0.3965
2026-10-03T15:44:40.994435+00:00,2026-10-03,2026-10-04,TOTAL,KXNFLTOTAL-26OCT04NEBUF,KXNFLTOTAL-26OCT04NEBUF-43,42.5,active,0.7341,0.3044
2026-10-03T15:44:40.994435+00:00,2026-10-03,2026-10-04,TOTAL,KXNFLTOTAL-26OCT04NEBUF,KXNFLTOTAL-26OCT04NEBUF-40,39.5,active,0.8112,0.2216
2026-10-03T15:44:40.994435+00:00,2026-10-03,2026-10-04,TOTAL,KXNFLTOTAL-26OCT04NEBUF,KXNFLTOTAL-26OCT04NEBUF-37,36.5,active,0.8684,0.1589
2026-10-03T15:44:40.994435+00:00,2026-10-03,2026-10-04,TOTAL,KXNFLTOTAL-26OCT04NEBUF,KXNFLTOTAL-26OCT04NEBUF-34,33.5,active,0.9157,0.1169
2026-10-03T15:44:40.994435+00:00,2026-10-03,2026-10-04,TOTAL,KXNFLTOTAL-26OCT04NEBUF,KXNFLTOTAL-26OCT04NEBUF-31,30.5,active,0.9533,0.0746
2026-10-03T15:44:40.994435+00:00,2026-10-03,2026-10-04,TOTAL,KXNFLTOTAL-26OCT04NEBUF,KXNFLTOTAL-26OCT04NEBUF-28,27.5,active,0.972,0.0533
2026-10-03T15:44:40.994435+00:00,2026-10-03,2026-10-04,TOTAL,KXNFLTOTAL-26OCT04NYJCHI,KXNFLTOTAL-26OCT04NYJCHI-64,63.5,active,0.0639,0.9533
2026-10-03T15:44:40.994435+00:00,2026-10-03,2026-10-04,TOTAL,KXNFLTOTAL-26OCT04NYJCHI,KXNFLTOTAL-26OCT04NYJCHI-61,60.5,active,0.0957,0.9252
2026-10-03T15:44:40.994435+00:00,2026-10-03,2026-10-04,TOTAL,KXNFLTOTAL-26OCT04NYJCHI,KXNFLTOTAL-26OCT04NYJCHI-58,57.5,active,0.1274,0.8969
2026-10-03T15:44:40.994435+00:00,2026-10-03,2026-10-04,TOTAL,KXNFLTOTAL-26OCT04NYJCHI,KXNFLTOTAL-26OCT04NYJCHI-55,54.5,active,0.1903,0.8399
2026-10-03T15:44:40.994435+00:00,2026-10-03,2026-10-04,TOTAL,KXNFLTOTAL-26OCT04NYJCHI,KXNFLTOTAL-26OCT04NYJCHI-52,51.5,active,0.2528,0.7824
2026-10-03T15:44:40.994435+00:00,2026-10-03,2026-10-04,TOTAL,KXNFLTOTAL-26OCT04NYJCHI,KXNFLTOTAL-26OCT04NYJCHI-49,48.5,active,0.3455,0.6952
2026-10-03T15:44:40.994435+00:00,2026-10-03,2026-10-04,TOTAL,KXNFLTOTAL-26OCT04NYJCHI,KXNFLTOTAL-26OCT04NYJCHI-46,45.5,active,0.4371,0.6069
2026-10-03T15:44:40.994435+00:00,2026-10-03,2026-10-04,TOTAL,KXNFLTOTAL-26OCT04NYJCHI,KXNFLTOTAL-26OCT04NYJCHI-45,44.5,active,0.4673,0.5772
2026-10-03T15:44:40.994435+00:00,2026-10-03,2026-10-04,TOTAL,KXNFLTOTAL-26OCT04NYJCHI,KXNFLTOTAL-26OCT04NYJCHI-44,43.5,active,0.5175,0.5275
2026-10-03T15:44:40.994435+00:00,2026-10-03,2026-10-04,TOTAL,KXNFLTOTAL-26OCT04NYJCHI,KXNFLTOTAL-26OCT04NYJCHI-43,42.5,active,0.5474,0.4975
2026-10-03T15:44:40.994435+00:00,2026-10-03,2026-10-04,TOTAL,KXNFLTOTAL-26OCT04NYJCHI,KXNFLTOTAL-26OCT04NYJCHI-42,41.5,active,0.5772,0.4673
2026-10-03T15:44:40.994435+00:00,2026-10-03,2026-10-04,TOTAL,KXNFLTOTAL-26OCT04NYJCHI,KXNFLTOTAL-26OCT04NYJCHI-41,40.5,active,0.6069,0.4371
2026-10-03T15:44:40.994435+00:00,2026-10-03,2026-10-04,TOTAL,KXNFLTOTAL-26OCT04NYJCHI,KXNFLTOTAL-26OCT04NYJCHI-40,39.5,active,0.6267,0.4168
2026-10-03T15:44:40.994435+00:00,2026-10-03,2026-10-04,TOTAL,KXNFLTOTAL-26OCT04NYJCHI,KXNFLTOTAL-26OCT04NYJCHI-37,36.5,active,0.7147,0.325
2026-10-03T15:44:40.994435+00:00,2026-10-03,2026-10-04,TOTAL,KXNFLTOTAL-26OCT04NYJCHI,KXNFLTOTAL-26OCT04NYJCHI-34,33.5,active,0.792,0.2424
2026-10-03T15:44:40.994435+00:00,2026-10-03,2026-10-04,TOTAL,KXNFLTOTAL-26OCT04NYJCHI,KXNFLTOTAL-26OCT04NYJCHI-31,30.5,active,0.8494,0.1799
2026-10-03T15:44:40.994435+00:00,2026-10-03,2026-10-04,TOTAL,KXNFLTOTAL-26OCT04NYJCHI,KXNFLTOTAL-26OCT04NYJCHI-28,27.5,active,0.9063,0.1169
2026-10-03T15:44:40.994435+00:00,2026-10-03,2026-10-04,TOTAL,KXNFLTOTAL-26OCT04NYJCHI,KXNFLTOTAL-26OCT04NYJCHI-25,24.5,active,0.9346,0.0852
2026-10-03T15:44:40.994435+00:00,2026-10-03,2026-10-04,TOTAL,KXNFLTOTAL-26OCT04NYJCHI,KXNFLTOTAL-26OCT04NYJCHI-22,21.5,active,0.9627,0.0533
2026-10-03T15:44:40.994435+00:00,2026-10-03,2026-10-04,TOTAL,KXNFLTOTAL-26OCT04INDWAS,KXNFLTOTAL-26OCT04INDWAS-68,67.5,active,0.0852,0.9346
2026-10-03T15:44:40.994435+00:00,2026-10-03,2026-10-04,TOTAL,KXNFLTOTAL-26OCT04INDWAS,KXNFLTOTAL-26OCT04INDWAS-65,64.5,active,0.1169,0.9063
2026-10-03T15:44:40.994435+00:00,2026-10-03,2026-10-04,TOTAL,KXNFLTOTAL-26OCT04INDWAS,KXNFLTOTAL-26OCT04INDWAS-62,61.5,active,0.1694,0.8589
2026-10-03T15:44:40.994435+00:00,2026-10-03,2026-10-04,TOTAL,KXNFLTOTAL-26OCT04INDWAS,KXNFLTOTAL-26OCT04INDWAS-59,58.5,active,0.2112,0.8208
2026-10-03T15:44:40.994435+00:00,2026-10-03,2026-10-04,TOTAL,KXNFLTOTAL-26OCT04INDWAS,KXNFLTOTAL-26OCT04INDWAS-56,55.5,active,0.2735,0.7631
2026-10-03T15:44:40.994435+00:00,2026-10-03,2026-10-04,TOTAL,KXNFLTOTAL-26OCT04INDWAS,KXNFLTOTAL-26OCT04INDWAS-53,52.5,active,0.3455,0.6952
2026-10-03T15:44:40.994435+00:00,2026-10-03,2026-10-04,TOTAL,KXNFLTOTAL-26OCT04INDWAS,KXNFLTOTAL-26OCT04INDWAS-50,49.5,active,0.4371,0.6069
2026-10-03T15:44:40.994435+00:00,2026-10-03,2026-10-04,TOTAL,KXNFLTOTAL-26OCT04INDWAS,KXNFLTOTAL-26OCT04INDWAS-49,48.5,active,0.4673,0.5772
2026-10-03T15:44:40.994435+00:00,2026-10-03,2026-10-04,TOTAL,KXNFLTOTAL-26OCT04INDWAS,KXNFLTOTAL-26OCT04INDWAS-48,47.5,active,0.5075,0.5375
2026-10-03T15:44:40.994435+00:00,2026-10-03,2026-10-04,TOTAL,KXNFLTOTAL-26OCT04INDWAS,KXNFLTOTAL-26OCT04INDWAS-47,46.5,active,0.5574,0.4874
2026-10-03T15:44:40.994435+00:00,2026-10-03,2026-10-04,TOTAL,KXNFLTOTAL-26OCT04INDWAS,KXNFLTOTAL-26OCT04INDWAS-46,45.5,active,0.5772,0.4673
2026-10-03T15:44:40.994435+00:00,2026-10-03,2026-10-04,TOTAL,KXNFLTOTAL-26OCT04INDWAS,KXNFLTOTAL-26OCT04INDWAS-45,44.5,active,0.5971,0.4472
2026-10-03T15:44:40.994435+00:00,2026-10-03,2026-10-04,TOTAL,KXNFLTOTAL-26OCT04INDWAS,KXNFLTOTAL-26OCT04INDWAS-44,43.5,active,0.6267,0.4168
2026-10-03T15:44:40.994435+00:00,2026-10-03,2026-10-04,TOTAL,KXNFLTOTAL-26OCT04INDWAS,KXNFLTOTAL-26OCT04INDWAS-41,40.5,active,0.7244,0.3147
2026-10-03T15:44:40.994435+00:00,2026-10-03,2026-10-04,TOTAL,KXNFLTOTAL-26OCT04INDWAS,KXNFLTOTAL-26OCT04INDWAS-38,37.5,active,0.792,0.2424
2026-10-03T15:44:40.994435+00:00,2026-10-03,2026-10-04,TOTAL,KXNFLTOTAL-26OCT04INDWAS,KXNFLTOTAL-26OCT04INDWAS-35,34.5,active,0.8589,0.1799
2026-10-03T15:44:40.994435+00:00,2026-10-03,2026-10-04,TOTAL,KXNFLTOTAL-26OCT04INDWAS,KXNFLTOTAL-26OCT04INDWAS-32,31.5,active,0.9063,0.1169
2026-10-03T15:44:40.994435+00:00,2026-10-03,2026-10-04,TOTAL,KXNFLTOTAL-26OCT04INDWAS,KXNFLTOTAL-26OCT04INDWAS-29,28.5,active,0.9439,0.0746
2026-10-03T15:44:40.994435+00:00,2026-10-03,2026-10-04,TOTAL,KXNFLTOTAL-26OCT04INDWAS,KXNFLTOTAL-26OCT04INDWAS-26,25.5,active,0.9627,0.0533
2026-10-03T15:44:40.994435+00:00,2026-10-03,2026-10-04,1H TOTAL,KXNFL1HTOTAL-26OCT04DETCAR,KXNFL1HTOTAL-26OCT04DETCAR-8,7.5,active,0.9814,0.0427
2026-10-03T15:44:40.994435+00:00,2026-10-03,2026-10-04,1H TOTAL,KXNFL1HTOTAL-26OCT04DETCAR,KXNFL1HTOTAL-26OCT04DETCAR-43,42.5,active,0.0639,0.972
2026-10-03T15:44:40.994435+00:00,2026-10-03,2026-10-04,1H TOTAL,KXNFL1HTOTAL-26OCT04DETCAR,KXNFL1HTOTAL-26OCT04DETCAR-4,3.5,active,0.9907,0.032
2026-10-03T15:44:40.994435+00:00,2026-10-03,2026-10-04,1H TOTAL,KXNFL1HTOTAL-26OCT04DETCAR,KXNFL1HTOTAL-26OCT04DETCAR-39,38.5,active,0.1063,0.9346
2026-10-03T15:44:40.994435+00:00,2026-10-03,2026-10-04,1H TOTAL,KXNFL1HTOTAL-26OCT04DETCAR,KXNFL1HTOTAL-26OCT04DETCAR-36,35.5,active,0.1589,0.8684
2026-10-03T15:44:40.994435+00:00,2026-10-03,2026-10-04,1H TOTAL,KXNFL1HTOTAL-26OCT04DETCAR,KXNFL1HTOTAL-26OCT04DETCAR-32,31.5,active,0.2631,0.7824
2026-10-03T15:44:40.994435+00:00,2026-10-03,2026-10-04,1H TOTAL,KXNFL1HTOTAL-26OCT04DETCAR,KXNFL1HTOTAL-26OCT04DETCAR-29,28.5,active,0.3863,0.6561
2026-10-03T15:44:40.994435+00:00,2026-10-03,2026-10-04,1H TOTAL,KXNFL1HTOTAL-26OCT04DETCAR,KXNFL1HTOTAL-26OCT04DETCAR-25,24.5,active,0.5175,0.5275
2026-10-03T15:44:40.994435+00:00,2026-10-03,2026-10-04,1H TOTAL,KXNFL1HTOTAL-26OCT04DETCAR,KXNFL1HTOTAL-26OCT04DETCAR-22,21.5,active,0.6757,0.3659
2026-10-03T15:44:40.994435+00:00,2026-10-03,2026-10-04,1H TOTAL,KXNFL1HTOTAL-26OCT04DETCAR,KXNFL1HTOTAL-26OCT04DETCAR-21,20.5,active,0.6952,0.3455
2026-10-03T15:44:40.994435+00:00,2026-10-03,2026-10-04,1H TOTAL,KXNFL1HTOTAL-26OCT04DETCAR,KXNFL1HTOTAL-26OCT04DETCAR-18,17.5,active,0.8112,0.232
2026-10-03T15:44:40.994435+00:00,2026-10-03,2026-10-04,1H TOTAL,KXNFL1HTOTAL-26OCT04DETCAR,KXNFL1HTOTAL-26OCT04DETCAR-15,14.5,active,0.8969,0.1274
2026-10-03T15:44:40.994435+00:00,2026-10-03,2026-10-04,1H TOTAL,KXNFL1HTOTAL-26OCT04DETCAR,KXNFL1HTOTAL-26OCT04DETCAR-11,10.5,active,0.9533,0.0852
2026-10-03T15:44:40.994435+00:00,2026-10-03,2026-10-04,1H TOTAL,KXNFL1HTOTAL-26OCT04LACSEA,KXNFL1HTOTAL-26OCT04LACSEA-8,7.5,active,0.9533,0.0746
2026-10-03T15:44:40.994435+00:00,2026-10-03,2026-10-04,1H TOTAL,KXNFL1HTOTAL-26OCT04LACSEA,KXNFL1HTOTAL-26OCT04LACSEA-43,42.5,active,0.0427,0.9907
2026-10-03T15:44:40.994435+00:00,2026-10-03,2026-10-04,1H TOTAL,KXNFL1HTOTAL-26OCT04LACSEA,KXNFL1HTOTAL-26OCT04LACSEA-4,3.5,active,0.9907,0.032
2026-10-03T15:44:40.994435+00:00,2026-10-03,2026-10-04,1H TOTAL,KXNFL1HTOTAL-26OCT04LACSEA,KXNFL1HTOTAL-26OCT04LACSEA-39,38.5,active,0.0639,0.9814
2026-10-03T15:44:40.994435+00:00,2026-10-03,2026-10-04,1H TOTAL,KXNFL1HTOTAL-26OCT04LACSEA,KXNFL1HTOTAL-26OCT04LACSEA-36,35.5,active,0.0852,0.9439
2026-10-03T15:44:40.994435+00:00,2026-10-03,2026-10-04,1H TOTAL,KXNFL1HTOTAL-26OCT04LACSEA,KXNFL1HTOTAL-26OCT04LACSEA-32,31.5,active,0.1484,0.8874
2026-10-03T15:44:40.994435+00:00,2026-10-03,2026-10-04,1H TOTAL,KXNFL1HTOTAL-26OCT04LACSEA,KXNFL1HTOTAL-26OCT04LACSEA-29,28.5,active,0.232,0.8016
2026-10-03T15:44:40.994435+00:00,2026-10-03,2026-10-04,1H TOTAL,KXNFL1HTOTAL-26OCT04LACSEA,KXNFL1HTOTAL-26OCT04LACSEA-25,24.5,active,0.3659,0.6855
2026-10-03T15:44:40.994435+00:00,2026-10-03,2026-10-04,1H TOTAL,KXNFL1HTOTAL-26OCT04LACSEA,KXNFL1HTOTAL-26OCT04LACSEA-22,21.5,active,0.5075,0.5375
2026-10-03T15:44:40.994435+00:00,2026-10-03,2026-10-04,1H TOTAL,KXNFL1HTOTAL-26OCT04LACSEA,KXNFL1HTOTAL-26OCT04LACSEA-21,20.5,active,0.5673,0.4774
2026-10-03T15:44:40.994435+00:00,2026-10-03,2026-10-04,1H TOTAL,KXNFL1HTOTAL-26OCT04LACSEA,KXNFL1HTOTAL-26OCT04LACSEA-18,17.5,active,0.6757,0.3659
2026-10-03T15:44:40.994435+00:00,2026-10-03,2026-10-04,1H TOTAL,KXNFL1HTOTAL-26OCT04LACSEA,KXNFL1HTOTAL-26OCT04LACSEA-15,14.5,active,0.8112,0.232
2026-10-03T15:44:40.994435+00:00,2026-10-03,2026-10-04,1H TOTAL,KXNFL1HTOTAL-26OCT04LACSEA,KXNFL1HTOTAL-26OCT04LACSEA-11,10.5,active,0.9063,0.1169
2026-10-03T15:44:40.994435+00:00,2026-10-03,2026-10-04,1H TOTAL,KXNFL1HTOTAL-26OCT04KCLV,KXNFL1HTOTAL-26OCT04KCLV-8,7.5,active,0.972,0.0533
2026-10-03T15:44:40.994435+00:00,2026-10-03,2026-10-04,1H TOTAL,KXNFL1HTOTAL-26OCT04KCLV,KXNFL1HTOTAL-26OCT04KCLV-43,42.5,active,0.0533,0.9814
2026-10-03T15:44:40.994435+00:00,2026-10-03,2026-10-04,1H TOTAL,KXNFL1HTOTAL-26OCT04KCLV,KXNFL1HTOTAL-26OCT04KCLV-4,3.5,active,0.9907,0.032
2026-10-03T15:44:40.994435+00:00,2026-10-03,2026-10-04,1H TOTAL,KXNFL1HTOTAL-26OCT04KCLV,KXNFL1HTOTAL-26OCT04KCLV-39,38.5,active,0.0746,0.9627
2026-10-03T15:44:40.994435+00:00,2026-10-03,2026-10-04,1H TOTAL,KXNFL1HTOTAL-26OCT04KCLV,KXNFL1HTOTAL-26OCT04KCLV-36,35.5,active,0.1274,0.9063
2026-10-03T15:44:40.994435+00:00,2026-10-03,2026-10-04,1H TOTAL,KXNFL1HTOTAL-26OCT04KCLV,KXNFL1HTOTAL-26OCT04KCLV-32,31.5,active,0.2216,0.8208
2026-10-03T15:44:40.994435+00:00,2026-10-03,2026-10-04,1H TOTAL,KXNFL1HTOTAL-26OCT04KCLV,KXNFL1HTOTAL-26OCT04KCLV-29,28.5,active,0.325,0.7147
2026-10-03T15:44:40.994435+00:00,2026-10-03,2026-10-04,1H TOTAL,KXNFL1HTOTAL-26OCT04KCLV,KXNFL1HTOTAL-26OCT04KCLV-25,24.5,active,0.4673,0.5772
2026-10-03T15:44:40.994435+00:00,2026-10-03,2026-10-04,1H TOTAL,KXNFL1HTOTAL-26OCT04KCLV,KXNFL1HTOTAL-26OCT04KCLV-24,23.5,active,0.5574,0.4874
2026-10-03T15:44:40.994435+00:00,2026-10-03,2026-10-04,1H TOTAL,KXNFL1HTOTAL-26OCT04KCLV,KXNFL1HTOTAL-26OCT04KCLV-22,21.5,active,0.6365,0.4168
2026-10-03T15:44:40.994435+00:00,2026-10-03,2026-10-04,1H TOTAL,KXNFL1HTOTAL-26OCT04KCLV,KXNFL1HTOTAL-26OCT04KCLV-21,20.5,active,0.6561,0.3863
2026-10-03T15:44:40.994435+00:00,2026-10-03,2026-10-04,1H TOTAL,KXNFL1HTOTAL-26OCT04KCLV,KXNFL1HTOTAL-26OCT04KCLV-18,17.5,active,0.7824,0.2735
2026-10-03T15:44:40.994435+00:00,2026-10-03,2026-10-04,1H TOTAL,KXNFL1HTOTAL-26OCT04KCLV,KXNFL1HTOTAL-26OCT04KCLV-15,14.5,active,0.8779,0.1589
2026-10-03T15:44:40.994435+00:00,2026-10-03,2026-10-04,1H TOTAL,KXNFL1HTOTAL-26OCT04KCLV,KXNFL1HTOTAL-26OCT04KCLV-11,10.5,active,0.9439,0.0852
2026-10-03T15:44:40.994435+00:00,2026-10-03,2026-10-04,1H TOTAL,KXNFL1HTOTAL-26OCT04DENSF,KXNFL1HTOTAL-26OCT04DENSF-8,7.5,active,0.972,0.0533
2026-10-03T15:44:40.994435+00:00,2026-10-03,2026-10-04,1H TOTAL,KXNFL1HTOTAL-26OCT04DENSF,KXNFL1HTOTAL-26OCT04DENSF-43,42.5,active,0.0533,0.9814
2026-10-03T15:44:40.994435+00:00,2026-10-03,2026-10-04,1H TOTAL,KXNFL1HTOTAL-26OCT04DENSF,KXNFL1HTOTAL-26OCT04DENSF-4,3.5,active,0.9907,0.0427
2026-10-03T15:44:40.994435+00:00,2026-10-03,2026-10-04,1H TOTAL,KXNFL1HTOTAL-26OCT04DENSF,KXNFL1HTOTAL-26OCT04DENSF-39,38.5,active,0.0639,0.9533
2026-10-03T15:44:40.994435+00:00,2026-10-03,2026-10-04,1H TOTAL,KXNFL1HTOTAL-26OCT04DENSF,KXNFL1HTOTAL-26OCT04DENSF-36,35.5,active,0.1274,0.8969
2026-10-03T15:44:40.994435+00:00,2026-10-03,2026-10-04,1H TOTAL,KXNFL1HTOTAL-26OCT04DENSF,KXNFL1HTOTAL-26OCT04DENSF-32,31.5,active,0.2216,0.8303
2026-10-03T15:44:40.994435+00:00,2026-10-03,2026-10-04,1H TOTAL,KXNFL1HTOTAL-26OCT04DENSF,KXNFL1HTOTAL-26OCT04DENSF-29,28.5,active,0.3147,0.7244
2026-10-03T15:44:40.994435+00:00,2026-10-03,2026-10-04,1H TOTAL,KXNFL1HTOTAL-26OCT04DENSF,KXNFL1HTOTAL-26OCT04DENSF-25,24.5,active,0.4371,0.6069
2026-10-03T15:44:40.994435+00:00,2026-10-03,2026-10-04,1H TOTAL,KXNFL1HTOTAL-26OCT04DENSF,KXNFL1HTOTAL-26OCT04DENSF-24,23.5,active,0.5375,0.5075
2026-10-03T15:44:40.994435+00:00,2026-10-03,2026-10-04,1H TOTAL,KXNFL1HTOTAL-26OCT04DENSF,KXNFL1HTOTAL-26OCT04DENSF-22,21.5,active,0.6069,0.4371
2026-10-03T15:44:40.994435+00:00,2026-10-03,2026-10-04,1H TOTAL,KXNFL1HTOTAL-26OCT04DENSF,KXNFL1HTOTAL-26OCT04DENSF-21,20.5,active,0.6463,0.3965
2026-10-03T15:44:40.994435+00:00,2026-10-03,2026-10-04,1H TOTAL,KXNFL1HTOTAL-26OCT04DENSF,KXNFL1HTOTAL-26OCT04DENSF-18,17.5,active,0.7631,0.2838
2026-10-03T15:44:40.994435+00:00,2026-10-03,2026-10-04,1H TOTAL,KXNFL1HTOTAL-26OCT04DENSF,KXNFL1HTOTAL-26OCT04DENSF-15,14.5,active,0.8684,0.1694
2026-10-03T15:44:40.994435+00:00,2026-10-03,2026-10-04,1H TOTAL,KXNFL1HTOTAL-26OCT04DENSF,KXNFL1HTOTAL-26OCT04DENSF-11,10.5,active,0.9439,0.0852
2026-10-03T15:44:40.994435+00:00,2026-10-03,2026-10-04,1H TOTAL,KXNFL1HTOTAL-26OCT04MIAMIN,KXNFL1HTOTAL-26OCT04MIAMIN-8,7.5,active,0.9439,0.0852
2026-10-03T15:44:40.994435+00:00,2026-10-03,2026-10-04,1H TOTAL,KXNFL1HTOTAL-26OCT04MIAMIN,KXNFL1HTOTAL-26OCT04MIAMIN-43,42.5,active,0.032,0.9907
2026-10-03T15:44:40.994435+00:00,2026-10-03,2026-10-04,1H TOTAL,KXNFL1HTOTAL-26OCT04MIAMIN,KXNFL1HTOTAL-26OCT04MIAMIN-4,3.5,active,0.9814,0.0427
2026-10-03T15:44:40.994435+00:00,2026-10-03,2026-10-04,1H TOTAL,KXNFL1HTOTAL-26OCT04MIAMIN,KXNFL1HTOTAL-26OCT04MIAMIN-39,38.5,active,0.0427,0.9907
2026-10-03T15:44:40.994435+00:00,2026-10-03,2026-10-04,1H TOTAL,KXNFL1HTOTAL-26OCT04MIAMIN,KXNFL1HTOTAL-26OCT04MIAMIN-36,35.5,active,0.0746,0.9533
2026-10-03T15:44:40.994435+00:00,2026-10-03,2026-10-04,1H TOTAL,KXNFL1HTOTAL-26OCT04MIAMIN,KXNFL1HTOTAL-26OCT04MIAMIN-32,31.5,active,0.0957,0.9252
2026-10-03T15:44:40.994435+00:00,2026-10-03,2026-10-04,1H TOTAL,KXNFL1HTOTAL-26OCT04MIAMIN,KXNFL1HTOTAL-26OCT04MIAMIN-29,28.5,active,0.1694,0.8589
2026-10-03T15:44:40.994435+00:00,2026-10-03,2026-10-04,1H TOTAL,KXNFL1HTOTAL-26OCT04MIAMIN,KXNFL1HTOTAL-26OCT04MIAMIN-25,24.5,active,0.2941,0.7535
2026-10-03T15:44:40.994435+00:00,2026-10-03,2026-10-04,1H TOTAL,KXNFL1HTOTAL-26OCT04MIAMIN,KXNFL1HTOTAL-26OCT04MIAMIN-22,21.5,active,0.4269,0.6168
2026-10-03T15:44:40.994435+00:00,2026-10-03,2026-10-04,1H TOTAL,KXNFL1HTOTAL-26OCT04MIAMIN,KXNFL1HTOTAL-26OCT04MIAMIN-21,20.5,active,0.4774,0.5772
2026-10-03T15:44:40.994435+00:00,2026-10-03,2026-10-04,1H TOTAL,KXNFL1HTOTAL-26OCT04MIAMIN,KXNFL1HTOTAL-26OCT04MIAMIN-20,19.5,active,0.5574,0.4874
2026-10-03T15:44:40.994435+00:00,2026-10-03,2026-10-04,1H TOTAL,KXNFL1HTOTAL-26OCT04MIAMIN,KXNFL1HTOTAL-26OCT04MIAMIN-18,17.5,active,0.5872,0.4572
2026-10-03T15:44:40.994435+00:00,2026-10-03,2026-10-04,1H TOTAL,KXNFL1HTOTAL-26OCT04MIAMIN,KXNFL1HTOTAL-26OCT04MIAMIN-15,14.5,active,0.7438,0.3044
2026-10-03T15:44:40.994435+00:00,2026-10-03,2026-10-04,1H TOTAL,KXNFL1HTOTAL-26OCT04MIAMIN,KXNFL1HTOTAL-26OCT04MIAMIN-11,10.5,active,0.8589,0.1799
2026-10-03T15:44:40.994435+00:00,2026-10-03,2026-10-04,1H TOTAL,KXNFL1HTOTAL-26OCT04ARINYG,KXNFL1HTOTAL-26OCT04ARINYG-8,7.5,active,0.9627,0.0639
2026-10-03T15:44:40.994435+00:00,2026-10-03,2026-10-04,1H TOTAL,KXNFL1HTOTAL-26OCT04ARINYG,KXNFL1HTOTAL-26OCT04ARINYG-43,42.5,active,0.0427,0.9907
2026-10-03T15:44:40.994435+00:00,2026-10-03,2026-10-04,1H TOTAL,KXNFL1HTOTAL-26OCT04ARINYG,KXNFL1HTOTAL-26OCT04ARINYG-4,3.5,active,0.9907,0.032
2026-10-03T15:44:40.994435+00:00,2026-10-03,2026-10-04,1H TOTAL,KXNFL1HTOTAL-26OCT04ARINYG,KXNFL1HTOTAL-26OCT04ARINYG-39,38.5,active,0.0639,0.972
2026-10-03T15:44:40.994435+00:00,2026-10-03,2026-10-04,1H TOTAL,KXNFL1HTOTAL-26OCT04ARINYG,KXNFL1HTOTAL-26OCT04ARINYG-36,35.5,active,0.0957,0.9346
2026-10-03T15:44:40.994435+00:00,2026-10-03,2026-10-04,1H TOTAL,KXNFL1HTOTAL-26OCT04ARINYG,KXNFL1HTOTAL-26OCT04ARINYG-32,31.5,active,0.1694,0.8779
2026-10-03T15:44:40.994435+00:00,2026-10-03,2026-10-04,1H TOTAL,KXNFL1HTOTAL-26OCT04ARINYG,KXNFL1HTOTAL-26OCT04ARINYG-29,28.5,active,0.2528,0.792
2026-10-03T15:44:40.994435+00:00,2026-10-03,2026-10-04,1H TOTAL,KXNFL1HTOTAL-26OCT04ARINYG,KXNFL1HTOTAL-26OCT04ARINYG-25,24.5,active,0.3761,0.6659
2026-10-03T15:44:40.994435+00:00,2026-10-03,2026-10-04,1H TOTAL,KXNFL1HTOTAL-26OCT04ARINYG,KXNFL1HTOTAL-26OCT04ARINYG-22,21.5,active,0.5375,0.5075
2026-10-03T15:44:40.994435+00:00,2026-10-03,2026-10-04,1H TOTAL,KXNFL1HTOTAL-26OCT04ARINYG,KXNFL1HTOTAL-26OCT04ARINYG-21,20.5,active,0.5772,0.4774
2026-10-03T15:44:40.994435+00:00,2026-10-03,2026-10-04,1H TOTAL,KXNFL1HTOTAL-26OCT04ARINYG,KXNFL1HTOTAL-26OCT04ARINYG-18,17.5,active,0.6952,0.3455
2026-10-03T15:44:40.994435+00:00,2026-10-03,2026-10-04,1H TOTAL,KXNFL1HTOTAL-26OCT04ARINYG,KXNFL1HTOTAL-26OCT04ARINYG-15,14.5,active,0.8208,0.2112
2026-10-03T15:44:40.994435+00:00,2026-10-03,2026-10-04,1H TOTAL,KXNFL1HTOTAL-26OCT04ARINYG,KXNFL1HTOTAL-26OCT04ARINYG-11,10.5,active,0.9063,0.1169
2026-10-03T15:44:40.994435+00:00,2026-10-03,2026-10-04,1H TOTAL,KXNFL1HTOTAL-26OCT04LARPHI,KXNFL1HTOTAL-26OCT04LARPHI-8,7.5,active,0.9533,0.0746
2026-10-03T15:44:40.994435+00:00,2026-10-03,2026-10-04,1H TOTAL,KXNFL1HTOTAL-26OCT04LARPHI,KXNFL1HTOTAL-26OCT04LARPHI-43,42.5,active,0.0427,0.9907
2026-10-03T15:44:40.994435+00:00,2026-10-03,2026-10-04,1H TOTAL,KXNFL1HTOTAL-26OCT04LARPHI,KXNFL1HTOTAL-26OCT04LARPHI-4,3.5,active,0.9907,0.032
2026-10-03T15:44:40.994435+00:00,2026-10-03,2026-10-04,1H TOTAL,KXNFL1HTOTAL-26OCT04LARPHI,KXNFL1HTOTAL-26OCT04LARPHI-39,38.5,active,0.0639,0.972
2026-10-03T15:44:40.994435+00:00,2026-10-03,2026-10-04,1H TOTAL,KXNFL1HTOTAL-26OCT04LARPHI,KXNFL1HTOTAL-26OCT04LARPHI-36,35.5,active,0.0852,0.9533
2026-10-03T15:44:40.994435+00:00,2026-10-03,2026-10-04,1H TOTAL,KXNFL1HTOTAL-26OCT04LARPHI,KXNFL1HTOTAL-26OCT04LARPHI-32,31.5,active,0.1589,0.8779
2026-10-03T15:44:40.994435+00:00,2026-10-03,2026-10-04,1H TOTAL,KXNFL1HTOTAL-26OCT04LARPHI,KXNFL1HTOTAL-26OCT04LARPHI-29,28.5,active,0.2528,0.792
2026-10-03T15:44:40.994435+00:00,2026-10-03,2026-10-04,1H TOTAL,KXNFL1HTOTAL-26OCT04LARPHI,KXNFL1HTOTAL-26OCT04LARPHI-25,24.5,active,0.3659,0.6757
2026-10-03T15:44:40.994435+00:00,2026-10-03,2026-10-04,1H TOTAL,KXNFL1HTOTAL-26OCT04LARPHI,KXNFL1HTOTAL-26OCT04LARPHI-23,22.5,active,0.5075,0.5474
2026-10-03T15:44:40.994435+00:00,2026-10-03,2026-10-04,1H TOTAL,KXNFL1HTOTAL-26OCT04LARPHI,KXNFL1HTOTAL-26OCT04LARPHI-22,21.5,active,0.5375,0.5275
2026-10-03T15:44:40.994435+00:00,2026-10-03,2026-10-04,1H TOTAL,KXNFL1HTOTAL-26OCT04LARPHI,KXNFL1HTOTAL-26OCT04LARPHI-21,20.5,active,0.5673,0.4774
2026-10-03T15:44:40.994435+00:00,2026-10-03,2026-10-04,1H TOTAL,KXNFL1HTOTAL-26OCT04LARPHI,KXNFL1HTOTAL-26OCT04LARPHI-18,17.5,active,0.6757,0.3761
2026-10-03T15:44:40.994435+00:00,2026-10-03,2026-10-04,1H TOTAL,KXNFL1HTOTAL-26OCT04LARPHI,KXNFL1HTOTAL-26OCT04LARPHI-15,14.5,active,0.8112,0.232
2026-10-03T15:44:40.994435+00:00,2026-10-03,2026-10-04,1H TOTAL,KXNFL1HTOTAL-26OCT04LARPHI,KXNFL1HTOTAL-26OCT04LARPHI-11,10.5,active,0.9063,0.1274
2026-10-03T15:44:40.994435+00:00,2026-10-03,2026-10-04,1H TOTAL,KXNFL1HTOTAL-26OCT04TENBAL,KXNFL1HTOTAL-26OCT04TENBAL-8,7.5,active,0.9533,0.0746
2026-10-03T15:44:40.994435+00:00,2026-10-03,2026-10-04,1H TOTAL,KXNFL1HTOTAL-26OCT04TENBAL,KXNFL1HTOTAL-26OCT04TENBAL-43,42.5,active,0.0427,0.9907
2026-10-03T15:44:40.994435+00:00,2026-10-03,2026-10-04,1H TOTAL,KXNFL1HTOTAL-26OCT04TENBAL,KXNFL1HTOTAL-26OCT04TENBAL-4,3.5,active,0.9907,0.032
2026-10-03T15:44:40.994435+00:00,2026-10-03,2026-10-04,1H TOTAL,KXNFL1HTOTAL-26OCT04TENBAL,KXNFL1HTOTAL-26OCT04TENBAL-39,38.5,active,0.0639,0.972
2026-10-03T15:44:40.994435+00:00,2026-10-03,2026-10-04,1H TOTAL,KXNFL1HTOTAL-26OCT04TENBAL,KXNFL1HTOTAL-26OCT04TENBAL-36,35.5,active,0.0957,0.9439
2026-10-03T15:44:40.994435+00:00,2026-10-03,2026-10-04,1H TOTAL,KXNFL1HTOTAL-26OCT04TENBAL,KXNFL1HTOTAL-26OCT04TENBAL-32,31.5,active,0.1694,0.8779
2026-10-03T15:44:40.994435+00:00,2026-10-03,2026-10-04,1H TOTAL,KXNFL1HTOTAL-26OCT04TENBAL,KXNFL1HTOTAL-26OCT04TENBAL-29,28.5,active,0.232,0.8016
2026-10-03T15:44:40.994435+00:00,2026-10-03,2026-10-04,1H TOTAL,KXNFL1HTOTAL-26OCT04TENBAL,KXNFL1HTOTAL-26OCT04TENBAL-25,24.5,active,0.3761,0.6659
2026-10-03T15:44:40.994435+00:00,2026-10-03,2026-10-04,1H TOTAL,KXNFL1HTOTAL-26OCT04TENBAL,KXNFL1HTOTAL-26OCT04TENBAL-23,22.5,active,0.5075,0.5375
2026-10-03T15:44:40.994435+00:00,2026-10-03,2026-10-04,1H TOTAL,KXNFL1HTOTAL-26OCT04TENBAL,KXNFL1HTOTAL-26OCT04TENBAL-22,21.5,active,0.5275,0.5175
2026-10-03T15:44:40.994435+00:00,2026-10-03,2026-10-04,1H TOTAL,KXNFL1HTOTAL-26OCT04TENBAL,KXNFL1HTOTAL-26OCT04TENBAL-21,20.5,active,0.5772,0.4774
2026-10-03T15:44:40.994435+00:00,2026-10-03,2026-10-04,1H TOTAL,KXNFL1HTOTAL-26OCT04TENBAL,KXNFL1HTOTAL-26OCT04TENBAL-18,17.5,active,0.705,0.3557
2026-10-03T15:44:40.994435+00:00,2026-10-03,2026-10-04,1H TOTAL,KXNFL1HTOTAL-26OCT04TENBAL,KXNFL1HTOTAL-26OCT04TENBAL-15,14.5,active,0.8303,0.2008
2026-10-03T15:44:40.994435+00:00,2026-10-03,2026-10-04,1H TOTAL,KXNFL1HTOTAL-26OCT04TENBAL,KXNFL1HTOTAL-26OCT04TENBAL-11,10.5,active,0.9157,0.1169
2026-10-03T15:44:40.994435+00:00,2026-10-03,2026-10-04,1H TOTAL,KXNFL1HTOTAL-26OCT04GBTB,KXNFL1HTOTAL-26OCT04GBTB-8,7.5,active,0.9346,0.0852
2026-10-03T15:44:40.994435+00:00,2026-10-03,2026-10-04,1H TOTAL,KXNFL1HTOTAL-26OCT04GBTB,KXNFL1HTOTAL-26OCT04GBTB-43,42.5,active,0.032,0.9907
2026-10-03T15:44:40.994435+00:00,2026-10-03,2026-10-04,1H TOTAL,KXNFL1HTOTAL-26OCT04GBTB,KXNFL1HTOTAL-26OCT04GBTB-4,3.5,active,0.972,0.0533
2026-10-03T15:44:40.994435+00:00,2026-10-03,2026-10-04,1H TOTAL,KXNFL1HTOTAL-26OCT04GBTB,KXNFL1HTOTAL-26OCT04GBTB-39,38.5,active,0.0533,0.9907
2026-10-03T15:44:40.994435+00:00,2026-10-03,2026-10-04,1H TOTAL,KXNFL1HTOTAL-26OCT04GBTB,KXNFL1HTOTAL-26OCT04GBTB-36,35.5,active,0.0746,0.9627
2026-10-03T15:44:40.994435+00:00,2026-10-03,2026-10-04,1H TOTAL,KXNFL1HTOTAL-26OCT04GBTB,KXNFL1HTOTAL-26OCT04GBTB-32,31.5,active,0.1063,0.9252
2026-10-03T15:44:40.994435+00:00,2026-10-03,2026-10-04,1H TOTAL,KXNFL1HTOTAL-26OCT04GBTB,KXNFL1HTOTAL-26OCT04GBTB-29,28.5,active,0.1694,0.8589
2026-10-03T15:44:40.994435+00:00,2026-10-03,2026-10-04,1H TOTAL,KXNFL1HTOTAL-26OCT04GBTB,KXNFL1HTOTAL-26OCT04GBTB-25,24.5,active,0.2941,0.7535
2026-10-03T15:44:40.994435+00:00,2026-10-03,2026-10-04,1H TOTAL,KXNFL1HTOTAL-26OCT04GBTB,KXNFL1HTOTAL-26OCT04GBTB-22,21.5,active,0.4269,0.6365
2026-10-03T15:44:40.994435+00:00,2026-10-03,2026-10-04,1H TOTAL,KXNFL1HTOTAL-26OCT04GBTB,KXNFL1HTOTAL-26OCT04GBTB-21,20.5,active,0.4673,0.5772
2026-10-03T15:44:40.994435+00:00,2026-10-03,2026-10-04,1H TOTAL,KXNFL1HTOTAL-26OCT04GBTB,KXNFL1HTOTAL-26OCT04GBTB-20,19.5,active,0.5375,0.5075
2026-10-03T15:44:40.994435+00:00,2026-10-03,2026-10-04,1H TOTAL,KXNFL1HTOTAL-26OCT04GBTB,KXNFL1HTOTAL-26OCT04GBTB-18,17.5,active,0.5772,0.4774
2026-10-03T15:44:40.994435+00:00,2026-10-03,2026-10-04,1H TOTAL,KXNFL1HTOTAL-26OCT04GBTB,KXNFL1HTOTAL-26OCT04GBTB-15,14.5,active,0.7438,0.3147
2026-10-03T15:44:40.994435+00:00,2026-10-03,2026-10-04,1H TOTAL,KXNFL1HTOTAL-26OCT04GBTB,KXNFL1HTOTAL-26OCT04GBTB-11,10.5,active,0.8494,0.1903
2026-10-03T15:44:40.994435+00:00,2026-10-03,2026-10-04,1H TOTAL,KXNFL1HTOTAL-26OCT04JACCIN,KXNFL1HTOTAL-26OCT04JACCIN-8,7.5,active,0.9814,0.0427
2026-10-03T15:44:40.994435+00:00,2026-10-03,2026-10-04,1H TOTAL,KXNFL1HTOTAL-26OCT04JACCIN,KXNFL1HTOTAL-26OCT04JACCIN-43,42.5,active,0.0639,0.972
2026-10-03T15:44:40.994435+00:00,2026-10-03,2026-10-04,1H TOTAL,KXNFL1HTOTAL-26OCT04JACCIN,KXNFL1HTOTAL-26OCT04JACCIN-4,3.5,active,0.9907,0.032
2026-10-03T15:44:40.994435+00:00,2026-10-03,2026-10-04,1H TOTAL,KXNFL1HTOTAL-26OCT04JACCIN,KXNFL1HTOTAL-26OCT04JACCIN-39,38.5,active,0.0957,0.9346
2026-10-03T15:44:40.994435+00:00,2026-10-03,2026-10-04,1H TOTAL,KXNFL1HTOTAL-26OCT04JACCIN,KXNFL1HTOTAL-26OCT04JACCIN-36,35.5,active,0.1589,0.8779
2026-10-03T15:44:40.994435+00:00,2026-10-03,2026-10-04,1H TOTAL,KXNFL1HTOTAL-26OCT04JACCIN,KXNFL1HTOTAL-26OCT04JACCIN-32,31.5,active,0.2528,0.7824
2026-10-03T15:44:40.994435+00:00,2026-10-03,2026-10-04,1H TOTAL,KXNFL1HTOTAL-26OCT04JACCIN,KXNFL1HTOTAL-26OCT04JACCIN-29,28.5,active,0.3659,0.6757
2026-10-03T15:44:40.994435+00:00,2026-10-03,2026-10-04,1H TOTAL,KXNFL1HTOTAL-26OCT04JACCIN,KXNFL1HTOTAL-26OCT04JACCIN-25,24.5,active,0.5275,0.5175
2026-10-03T15:44:40.994435+00:00,2026-10-03,2026-10-04,1H TOTAL,KXNFL1HTOTAL-26OCT04JACCIN,KXNFL1HTOTAL-26OCT04JACCIN-22,21.5,active,0.6855,0.3659
2026-10-03T15:44:40.994435+00:00,2026-10-03,2026-10-04,1H TOTAL,KXNFL1HTOTAL-26OCT04JACCIN,KXNFL1HTOTAL-26OCT04JACCIN-21,20.5,active,0.705,0.3352
2026-10-03T15:44:40.994435+00:00,2026-10-03,2026-10-04,1H TOTAL,KXNFL1HTOTAL-26OCT04JACCIN,KXNFL1HTOTAL-26OCT04JACCIN-18,17.5,active,0.8016,0.232
2026-10-03T15:44:40.994435+00:00,2026-10-03,2026-10-04,1H TOTAL,KXNFL1HTOTAL-26OCT04JACCIN,KXNFL1HTOTAL-26OCT04JACCIN-15,14.5,active,0.8969,0.1274
2026-10-03T15:44:40.994435+00:00,2026-10-03,2026-10-04,1H TOTAL,KXNFL1HTOTAL-26OCT04JACCIN,KXNFL1HTOTAL-26OCT04JACCIN-11,10.5,active,0.9533,0.0746
2026-10-03T15:44:40.994435+00:00,2026-10-03,2026-10-04,1H TOTAL,KXNFL1HTOTAL-26OCT04NEBUF,KXNFL1HTOTAL-26OCT04NEBUF-8,7.5,active,0.9814,0.0427
2026-10-03T15:44:40.994435+00:00,2026-10-03,2026-10-04,1H TOTAL,KXNFL1HTOTAL-26OCT04NEBUF,KXNFL1HTOTAL-26OCT04NEBUF-43,42.5,active,0.0639,0.972
2026-10-03T15:44:40.994435+00:00,2026-10-03,2026-10-04,1H TOTAL,KXNFL1HTOTAL-26OCT04NEBUF,KXNFL1HTOTAL-26OCT04NEBUF-4,3.5,active,0.9907,0.0214
2026-10-03T15:44:40.994435+00:00,2026-10-03,2026-10-04,1H TOTAL,KXNFL1HTOTAL-26OCT04NEBUF,KXNFL1HTOTAL-26OCT04NEBUF-39,38.5,active,0.0957,0.9346
2026-10-03T15:44:40.994435+00:00,2026-10-03,2026-10-04,1H TOTAL,KXNFL1HTOTAL-26OCT04NEBUF,KXNFL1HTOTAL-26OCT04NEBUF-36,35.5,active,0.1589,0.8874
2026-10-03T15:44:40.994435+00:00,2026-10-03,2026-10-04,1H TOTAL,KXNFL1HTOTAL-26OCT04NEBUF,KXNFL1HTOTAL-26OCT04NEBUF-32,31.5,active,0.2528,0.792
2026-10-03T15:44:40.994435+00:00,2026-10-03,2026-10-04,1H TOTAL,KXNFL1HTOTAL-26OCT04NEBUF,KXNFL1HTOTAL-26OCT04NEBUF-29,28.5,active,0.3761,0.6659
2026-10-03T15:44:40.994435+00:00,2026-10-03,2026-10-04,1H TOTAL,KXNFL1HTOTAL-26OCT04NEBUF,KXNFL1HTOTAL-26OCT04NEBUF-25,24.5,active,0.4975,0.5474
2026-10-03T15:44:40.994435+00:00,2026-10-03,2026-10-04,1H TOTAL,KXNFL1HTOTAL-26OCT04NEBUF,KXNFL1HTOTAL-26OCT04NEBUF-24,23.5,active,0.5872,0.4572
2026-10-03T15:44:40.994435+00:00,2026-10-03,2026-10-04,1H TOTAL,KXNFL1HTOTAL-26OCT04NEBUF,KXNFL1HTOTAL-26OCT04NEBUF-22,21.5,active,0.6757,0.3863
2026-10-03T15:44:40.994435+00:00,2026-10-03,2026-10-04,1H TOTAL,KXNFL1HTOTAL-26OCT04NEBUF,KXNFL1HTOTAL-26OCT04NEBUF-21,20.5,active,0.6855,0.3557
2026-10-03T15:44:40.994435+00:00,2026-10-03,2026-10-04,1H TOTAL,KXNFL1HTOTAL-26OCT04NEBUF,KXNFL1HTOTAL-26OCT04NEBUF-18,17.5,active,0.792,0.2424
2026-10-03T15:44:40.994435+00:00,2026-10-03,2026-10-04,1H TOTAL,KXNFL1HTOTAL-26OCT04NEBUF,KXNFL1HTOTAL-26OCT04NEBUF-15,14.5,active,0.8969,0.1379
2026-10-03T15:44:40.994435+00:00,2026-10-03,2026-10-04,1H TOTAL,KXNFL1HTOTAL-26OCT04NEBUF,KXNFL1HTOTAL-26OCT04NEBUF-11,10.5,active,0.9533,0.0746
2026-10-03T15:44:40.994435+00:00,2026-10-03,2026-10-04,1H TOTAL,KXNFL1HTOTAL-26OCT04DALHOU,KXNFL1HTOTAL-26OCT04DALHOU-8,7.5,active,0.9814,0.0427
2026-10-03T15:44:40.994435+00:00,2026-10-03,2026-10-04,1H TOTAL,KXNFL1HTOTAL-26OCT04DALHOU,KXNFL1HTOTAL-26OCT04DALHOU-43,42.5,active,0.0533,0.9814
2026-10-03T15:44:40.994435+00:00,2026-10-03,2026-10-04,1H TOTAL,KXNFL1HTOTAL-26OCT04DALHOU,KXNFL1HTOTAL-26OCT04DALHOU-4,3.5,active,0.9907,0.0214
2026-10-03T15:44:40.994435+00:00,2026-10-03,2026-10-04,1H TOTAL,KXNFL1HTOTAL-26OCT04DALHOU,KXNFL1HTOTAL-26OCT04DALHOU-39,38.5,active,0.0852,0.9533
2026-10-03T15:44:40.994435+00:00,2026-10-03,2026-10-04,1H TOTAL,KXNFL1HTOTAL-26OCT04DALHOU,KXNFL1HTOTAL-26OCT04DALHOU-36,35.5,active,0.1379,0.8969
2026-10-03T15:44:40.994435+00:00,2026-10-03,2026-10-04,1H TOTAL,KXNFL1HTOTAL-26OCT04DALHOU,KXNFL1HTOTAL-26OCT04DALHOU-32,31.5,active,0.2216,0.8208
2026-10-03T15:44:40.994435+00:00,2026-10-03,2026-10-04,1H TOTAL,KXNFL1HTOTAL-26OCT04DALHOU,KXNFL1HTOTAL-26OCT04DALHOU-29,28.5,active,0.3352,0.7147
2026-10-03T15:44:40.994435+00:00,2026-10-03,2026-10-04,1H TOTAL,KXNFL1HTOTAL-26OCT04DALHOU,KXNFL1HTOTAL-26OCT04DALHOU-25,24.5,active,0.4572,0.5872
2026-10-03T15:44:40.994435+00:00,2026-10-03,2026-10-04,1H TOTAL,KXNFL1HTOTAL-26OCT04DALHOU,KXNFL1HTOTAL-26OCT04DALHOU-24,23.5,active,0.5474,0.4975
2026-10-03T15:44:40.994435+00:00,2026-10-03,2026-10-04,1H TOTAL,KXNFL1HTOTAL-26OCT04DALHOU,KXNFL1HTOTAL-26OCT04DALHOU-22,21.5,active,0.6267,0.4269
2026-10-03T15:44:40.994435+00:00,2026-10-03,2026-10-04,1H TOTAL,KXNFL1HTOTAL-26OCT04DALHOU,KXNFL1HTOTAL-26OCT04DALHOU-21,20.5,active,0.6659,0.3965
2026-10-03T15:44:40.994435+00:00,2026-10-03,2026-10-04,1H TOTAL,KXNFL1HTOTAL-26OCT04DALHOU,KXNFL1HTOTAL-26OCT04DALHOU-18,17.5,active,0.7728,0.2735
2026-10-03T15:44:40.994435+00:00,2026-10-03,2026-10-04,1H TOTAL,KXNFL1HTOTAL-26OCT04DALHOU,KXNFL1HTOTAL-26OCT04DALHOU-15,14.5,active,0.8779,0.1589
2026-10-03T15:44:40.994435+00:00,2026-10-03,2026-10-04,1H TOTAL,KXNFL1HTOTAL-26OCT04DALHOU,KXNFL1HTOTAL-26OCT04DALHOU-11,10.5,active,0.9439,0.0852
2026-10-03T15:44:40.994435+00:00,2026-10-03,2026-10-04,1H TOTAL,KXNFL1HTOTAL-26OCT04NYJCHI,KXNFL1HTOTAL-26OCT04NYJCHI-8,7.5,active,0.9533,0.0639
2026-10-03T15:44:40.994435+00:00,2026-10-03,2026-10-04,1H TOTAL,KXNFL1HTOTAL-26OCT04NYJCHI,KXNFL1HTOTAL-26OCT04NYJCHI-43,42.5,active,0.0427,0.9907
2026-10-03T15:44:40.994435+00:00,2026-10-03,2026-10-04,1H TOTAL,KXNFL1HTOTAL-26OCT04NYJCHI,KXNFL1HTOTAL-26OCT04NYJCHI-4,3.5,active,0.9814,0.0427
2026-10-03T15:44:40.994435+00:00,2026-10-03,2026-10-04,1H TOTAL,KXNFL1HTOTAL-26OCT04NYJCHI,KXNFL1HTOTAL-26OCT04NYJCHI-39,38.5,active,0.0533,0.972
2026-10-03T15:44:40.994435+00:00,2026-10-03,2026-10-04,1H TOTAL,KXNFL1HTOTAL-26OCT04NYJCHI,KXNFL1HTOTAL-26OCT04NYJCHI-36,35.5,active,0.0852,0.9439
2026-10-03T15:44:40.994435+00:00,2026-10-03,2026-10-04,1H TOTAL,KXNFL1HTOTAL-26OCT04NYJCHI,KXNFL1HTOTAL-26OCT04NYJCHI-32,31.5,active,0.1589,0.8874
2026-10-03T15:44:40.994435+00:00,2026-10-03,2026-10-04,1H TOTAL,KXNFL1HTOTAL-26OCT04NYJCHI,KXNFL1HTOTAL-26OCT04NYJCHI-29,28.5,active,0.2216,0.8112
2026-10-03T15:44:40.994435+00:00,2026-10-03,2026-10-04,1H TOTAL,KXNFL1HTOTAL-26OCT04NYJCHI,KXNFL1HTOTAL-26OCT04NYJCHI-25,24.5,active,0.3761,0.6855
2026-10-03T15:44:40.994435+00:00,2026-10-03,2026-10-04,1H TOTAL,KXNFL1HTOTAL-26OCT04NYJCHI,KXNFL1HTOTAL-26OCT04NYJCHI-22,21.5,active,0.5175,0.5275
2026-10-03T15:44:40.994435+00:00,2026-10-03,2026-10-04,1H TOTAL,KXNFL1HTOTAL-26OCT04NYJCHI,KXNFL1HTOTAL-26OCT04NYJCHI-21,20.5,active,0.5574,0.4975
2026-10-03T15:44:40.994435+00:00,2026-10-03,2026-10-04,1H TOTAL,KXNFL1HTOTAL-26OCT04NYJCHI,KXNFL1HTOTAL-26OCT04NYJCHI-18,17.5,active,0.6757,0.3659
2026-10-03T15:44:40.994435+00:00,2026-10-03,2026-10-04,1H TOTAL,KXNFL1HTOTAL-26OCT04NYJCHI,KXNFL1HTOTAL-26OCT04NYJCHI-15,14.5,active,0.8112,0.232
2026-10-03T15:44:40.994435+00:00,2026-10-03,2026-10-04,1H TOTAL,KXNFL1HTOTAL-26OCT04NYJCHI,KXNFL1HTOTAL-26OCT04NYJCHI-11,10.5,active,0.9063,0.1274
2026-10-03T15:44:40.994435+00:00,2026-10-03,2026-10-04,1H TOTAL,KXNFL1HTOTAL-26OCT04INDWAS,KXNFL1HTOTAL-26OCT04INDWAS-8,7.5,active,0.972,0.0427
2026-10-03T15:44:40.994435+00:00,2026-10-03,2026-10-04,1H TOTAL,KXNFL1HTOTAL-26OCT04INDWAS,KXNFL1HTOTAL-26OCT04INDWAS-43,42.5,active,0.0533,0.9814
2026-10-03T15:44:40.994435+00:00,2026-10-03,2026-10-04,1H TOTAL,KXNFL1HTOTAL-26OCT04INDWAS,KXNFL1HTOTAL-26OCT04INDWAS-4,3.5,active,0.9907,0.032
2026-10-03T15:44:40.994435+00:00,2026-10-03,2026-10-04,1H TOTAL,KXNFL1HTOTAL-26OCT04INDWAS,KXNFL1HTOTAL-26OCT04INDWAS-39,38.5,active,0.0746,0.9533
2026-10-03T15:44:40.994435+00:00,2026-10-03,2026-10-04,1H TOTAL,KXNFL1HTOTAL-26OCT04INDWAS,KXNFL1HTOTAL-26OCT04INDWAS-36,35.5,active,0.1063,0.9157
2026-10-03T15:44:40.994435+00:00,2026-10-03,2026-10-04,1H TOTAL,KXNFL1HTOTAL-26OCT04INDWAS,KXNFL1HTOTAL-26OCT04INDWAS-32,31.5,active,0.1903,0.8399
2026-10-03T15:44:40.994435+00:00,2026-10-03,2026-10-04,1H TOTAL,KXNFL1HTOTAL-26OCT04INDWAS,KXNFL1HTOTAL-26OCT04INDWAS-29,28.5,active,0.3044,0.7341
2026-10-03T15:44:40.994435+00:00,2026-10-03,2026-10-04,1H TOTAL,KXNFL1HTOTAL-26OCT04INDWAS,KXNFL1HTOTAL-26OCT04INDWAS-25,24.5,active,0.4371,0.6069
2026-10-03T15:44:40.994435+00:00,2026-10-03,2026-10-04,1H TOTAL,KXNFL1HTOTAL-26OCT04INDWAS,KXNFL1HTOTAL-26OCT04INDWAS-24,23.5,active,0.5075,0.5375
2026-10-03T15:44:40.994435+00:00,2026-10-03,2026-10-04,1H TOTAL,KXNFL1HTOTAL-26OCT04INDWAS,KXNFL1HTOTAL-26OCT04INDWAS-22,21.5,active,0.5971,0.4472
2026-10-03T15:44:40.994435+00:00,2026-10-03,2026-10-04,1H TOTAL,KXNFL1HTOTAL-26OCT04INDWAS,KXNFL1HTOTAL-26OCT04INDWAS-21,20.5,active,0.6365,0.4168
2026-10-03T15:44:40.994435+00:00,2026-10-03,2026-10-04,1H TOTAL,KXNFL1HTOTAL-26OCT04INDWAS,KXNFL1HTOTAL-26OCT04INDWAS-18,17.5,active,0.7438,0.2941
2026-10-03T15:44:40.994435+00:00,2026-10-03,2026-10-04,1H TOTAL,KXNFL1HTOTAL-26OCT04INDWAS,KXNFL1HTOTAL-26OCT04INDWAS-15,14.5,active,0.8589,0.1694
2026-10-03T15:44:40.994435+00:00,2026-10-03,2026-10-04,1H TOTAL,KXNFL1HTOTAL-26OCT04INDWAS,KXNFL1HTOTAL-26OCT04INDWAS-11,10.5,active,0.9439,0.0852
2026-10-03T15:47:32.758566+00:00,2026-10-03,2026-10-04,ML,KXNFLGAME-26OCT04DETCAR,KXNFLGAME-26OCT04DETCAR-DET,,active,0.6659,0.3761
2026-10-03T15:47:32.758566+00:00,2026-10-03,2026-10-04,ML,KXNFLGAME-26OCT04DETCAR,KXNFLGAME-26OCT04DETCAR-CAR,,active,0.3761,0.6659
2026-10-03T15:47:32.758566+00:00,2026-10-03,2026-10-04,ML,KXNFLGAME-26OCT04DENSF,KXNFLGAME-26OCT04DENSF-SF,,active,0.5971,0.4472
2026-10-03T15:47:32.758566+00:00,2026-10-03,2026-10-04,ML,KXNFLGAME-26OCT04DENSF,KXNFLGAME-26OCT04DENSF-DEN,,active,0.4472,0.5971
2026-10-03T15:47:32.758566+00:00,2026-10-03,2026-10-04,ML,KXNFLGAME-26OCT04LACSEA,KXNFLGAME-26OCT04LACSEA-SEA,,active,0.7728,0.2631
2026-10-03T15:47:32.758566+00:00,2026-10-03,2026-10-04,ML,KXNFLGAME-26OCT04LACSEA,KXNFLGAME-26OCT04LACSEA-LAC,,active,0.2631,0.7728
2026-10-03T15:47:32.758566+00:00,2026-10-03,2026-10-04,ML,KXNFLGAME-26OCT04KCLV,KXNFLGAME-26OCT04KCLV-LV,,active,0.3557,0.6855
2026-10-03T15:47:32.758566+00:00,2026-10-03,2026-10-04,ML,KXNFLGAME-26OCT04KCLV,KXNFLGAME-26OCT04KCLV-KC,,active,0.6855,0.3557
2026-10-03T15:47:32.758566+00:00,2026-10-03,2026-10-04,ML,KXNFLGAME-26OCT04MIAMIN,KXNFLGAME-26OCT04MIAMIN-MIN,,active,0.8494,0.1799
2026-10-03T15:47:32.758566+00:00,2026-10-03,2026-10-04,ML,KXNFLGAME-26OCT04MIAMIN,KXNFLGAME-26OCT04MIAMIN-MIA,,active,0.1799,0.8494
2026-10-03T15:47:32.758566+00:00,2026-10-03,2026-10-04,ML,KXNFLGAME-26OCT04JACCIN,KXNFLGAME-26OCT04JACCIN-JAC,,active,0.4472,0.5971
2026-10-03T15:47:32.758566+00:00,2026-10-03,2026-10-04,ML,KXNFLGAME-26OCT04JACCIN,KXNFLGAME-26OCT04JACCIN-CIN,,active,0.5872,0.4572
2026-10-03T15:47:32.758566+00:00,2026-10-03,2026-10-04,ML,KXNFLGAME-26OCT04TENBAL,KXNFLGAME-26OCT04TENBAL-TEN,,active,0.1589,0.8684
2026-10-03T15:47:32.758566+00:00,2026-10-03,2026-10-04,ML,KXNFLGAME-26OCT04TENBAL,KXNFLGAME-26OCT04TENBAL-BAL,,active,0.8589,0.1694
2026-10-03T15:47:32.758566+00:00,2026-10-03,2026-10-04,ML,KXNFLGAME-26OCT04GBTB,KXNFLGAME-26OCT04GBTB-TB,,active,0.3965,0.6463
2026-10-03T15:47:32.758566+00:00,2026-10-03,2026-10-04,ML,KXNFLGAME-26OCT04GBTB,KXNFLGAME-26OCT04GBTB-GB,,active,0.6365,0.4067
2026-10-03T15:47:32.758566+00:00,2026-10-03,2026-10-04,ML,KXNFLGAME-26OCT04LARPHI,KXNFLGAME-26OCT04LARPHI-PHI,,active,0.3863,0.6561
2026-10-03T15:47:32.758566+00:00,2026-10-03,2026-10-04,ML,KXNFLGAME-26OCT04LARPHI,KXNFLGAME-26OCT04LARPHI-LAR,,active,0.6561,0.3863
2026-10-03T15:47:32.758566+00:00,2026-10-03,2026-10-04,ML,KXNFLGAME-26OCT04DALHOU,KXNFLGAME-26OCT04DALHOU-HOU,,active,0.6069,0.4371
2026-10-03T15:47:32.758566+00:00,2026-10-03,2026-10-04,ML,KXNFLGAME-26OCT04DALHOU,KXNFLGAME-26OCT04DALHOU-DAL,,active,0.4371,0.6069
2026-10-03T15:47:32.758566+00:00,2026-10-03,2026-10-04,ML,KXNFLGAME-26OCT04NYJCHI,KXNFLGAME-26OCT04NYJCHI-NYJ,,active,0.3863,0.6561
2026-10-03T15:47:32.758566+00:00,2026-10-03,2026-10-04,ML,KXNFLGAME-26OCT04NYJCHI,KXNFLGAME-26OCT04NYJCHI-CHI,,active,0.6463,0.3965
2026-10-03T15:47:32.758566+00:00,2026-10-03,2026-10-04,ML,KXNFLGAME-26OCT04NEBUF,KXNFLGAME-26OCT04NEBUF-NE,,active,0.2735,0.7631
2026-10-03T15:47:32.758566+00:00,2026-10-03,2026-10-04,ML,KXNFLGAME-26OCT04NEBUF,KXNFLGAME-26OCT04NEBUF-BUF,,active,0.7535,0.2838
2026-10-03T15:47:32.758566+00:00,2026-10-03,2026-10-04,ML,KXNFLGAME-26OCT04ARINYG,KXNFLGAME-26OCT04ARINYG-NYG,,active,0.4472,0.5971
2026-10-03T15:47:32.758566+00:00,2026-10-03,2026-10-04,ML,KXNFLGAME-26OCT04ARINYG,KXNFLGAME-26OCT04ARINYG-ARI,,active,0.5872,0.4572
2026-10-03T15:47:32.758566+00:00,2026-10-03,2026-10-04,ML,KXNFLGAME-26OCT04INDWAS,KXNFLGAME-26OCT04INDWAS-WAS,,active,0.3659,0.6757
2026-10-03T15:47:32.758566+00:00,2026-10-03,2026-10-04,ML,KXNFLGAME-26OCT04INDWAS,KXNFLGAME-26OCT04INDWAS-IND,,active,0.6757,0.3659
2026-10-03T15:47:32.758566+00:00,2026-10-03,2026-10-04,1H ML,KXNFL1H-26OCT04DETCAR,KXNFL1H-26OCT04DETCAR-TIE,,active,0.0957,0.9346
2026-10-03T15:47:32.758566+00:00,2026-10-03,2026-10-04,1H ML,KXNFL1H-26OCT04DETCAR,KXNFL1H-26OCT04DETCAR-DET,,active,0.5971,0.4472
2026-10-03T15:47:32.758566+00:00,2026-10-03,2026-10-04,1H ML,KXNFL1H-26OCT04DETCAR,KXNFL1H-26OCT04DETCAR-CAR,,active,0.3761,0.6659
2026-10-03T15:47:32.758566+00:00,2026-10-03,2026-10-04,1H ML,KXNFL1H-26OCT04LACSEA,KXNFL1H-26OCT04LACSEA-TIE,,active,0.1063,0.9252
2026-10-03T15:47:32.758566+00:00,2026-10-03,2026-10-04,1H ML,KXNFL1H-26OCT04LACSEA,KXNFL1H-26OCT04LACSEA-SEA,,active,0.6561,0.3863
2026-10-03T15:47:32.758566+00:00,2026-10-03,2026-10-04,1H ML,KXNFL1H-26OCT04LACSEA,KXNFL1H-26OCT04LACSEA-LAC,,active,0.3044,0.7535
2026-10-03T15:47:32.758566+00:00,2026-10-03,2026-10-04,1H ML,KXNFL1H-26OCT04KCLV,KXNFL1H-26OCT04KCLV-TIE,,active,0.0957,0.9346
2026-10-03T15:47:32.758566+00:00,2026-10-03,2026-10-04,1H ML,KXNFL1H-26OCT04KCLV,KXNFL1H-26OCT04KCLV-LV,,active,0.3761,0.6659
2026-10-03T15:47:32.758566+00:00,2026-10-03,2026-10-04,1H ML,KXNFL1H-26OCT04KCLV,KXNFL1H-26OCT04KCLV-KC,,active,0.5872,0.4572
2026-10-03T15:47:32.758566+00:00,2026-10-03,2026-10-04,1H ML,KXNFL1H-26OCT04DENSF,KXNFL1H-26OCT04DENSF-TIE,,active,0.0852,0.9346
2026-10-03T15:47:32.758566+00:00,2026-10-03,2026-10-04,1H ML,KXNFL1H-26OCT04DENSF,KXNFL1H-26OCT04DENSF-SF,,active,0.5375,0.5075
2026-10-03T15:47:32.758566+00:00,2026-10-03,2026-10-04,1H ML,KXNFL1H-26OCT04DENSF,KXNFL1H-26OCT04DENSF-DEN,,active,0.4269,0.6267
2026-10-03T15:47:32.758566+00:00,2026-10-03,2026-10-04,1H ML,KXNFL1H-26OCT04MIAMIN,KXNFL1H-26OCT04MIAMIN-TIE,,active,0.0957,0.9252
2026-10-03T15:47:32.758566+00:00,2026-10-03,2026-10-04,1H ML,KXNFL1H-26OCT04MIAMIN,KXNFL1H-26OCT04MIAMIN-MIN,,active,0.7438,0.2941
2026-10-03T15:47:32.758566+00:00,2026-10-03,2026-10-04,1H ML,KXNFL1H-26OCT04MIAMIN,KXNFL1H-26OCT04MIAMIN-MIA,,active,0.2216,0.8112
2026-10-03T15:47:32.758566+00:00,2026-10-03,2026-10-04,1H ML,KXNFL1H-26OCT04ARINYG,KXNFL1H-26OCT04ARINYG-TIE,,active,0.1063,0.9252
2026-10-03T15:47:32.758566+00:00,2026-10-03,2026-10-04,1H ML,KXNFL1H-26OCT04ARINYG,KXNFL1H-26OCT04ARINYG-NYG,,active,0.4371,0.6069
2026-10-03T15:47:32.758566+00:00,2026-10-03,2026-10-04,1H ML,KXNFL1H-26OCT04ARINYG,KXNFL1H-26OCT04ARINYG-ARI,,active,0.5275,0.5175
2026-10-03T15:47:32.758566+00:00,2026-10-03,2026-10-04,1H ML,KXNFL1H-26OCT04LARPHI,KXNFL1H-26OCT04LARPHI-TIE,,active,0.1063,0.9157
2026-10-03T15:47:32.758566+00:00,2026-10-03,2026-10-04,1H ML,KXNFL1H-26OCT04LARPHI,KXNFL1H-26OCT04LARPHI-PHI,,active,0.3761,0.6659
2026-10-03T15:47:32.758566+00:00,2026-10-03,2026-10-04,1H ML,KXNFL1H-26OCT04LARPHI,KXNFL1H-26OCT04LARPHI-LAR,,active,0.5772,0.4774
2026-10-03T15:47:32.758566+00:00,2026-10-03,2026-10-04,1H ML,KXNFL1H-26OCT04TENBAL,KXNFL1H-26OCT04TENBAL-TIE,,active,0.0852,0.9439
2026-10-03T15:47:32.758566+00:00,2026-10-03,2026-10-04,1H ML,KXNFL1H-26OCT04TENBAL,KXNFL1H-26OCT04TENBAL-TEN,,active,0.2112,0.8208
2026-10-03T15:47:32.758566+00:00,2026-10-03,2026-10-04,1H ML,KXNFL1H-26OCT04TENBAL,KXNFL1H-26OCT04TENBAL-BAL,,active,0.7631,0.2735
2026-10-03T15:47:32.758566+00:00,2026-10-03,2026-10-04,1H ML,KXNFL1H-26OCT04GBTB,KXNFL1H-26OCT04GBTB-TIE,,active,0.1063,0.9157
2026-10-03T15:47:32.758566+00:00,2026-10-03,2026-10-04,1H ML,KXNFL1H-26OCT04GBTB,KXNFL1H-26OCT04GBTB-TB,,active,0.3965,0.6463
2026-10-03T15:47:32.758566+00:00,2026-10-03,2026-10-04,1H ML,KXNFL1H-26OCT04GBTB,KXNFL1H-26OCT04GBTB-GB,,active,0.5474,0.5075
2026-10-03T15:47:32.758566+00:00,2026-10-03,2026-10-04,1H ML,KXNFL1H-26OCT04JACCIN,KXNFL1H-26OCT04JACCIN-TIE,,active,0.0957,0.9252
2026-10-03T15:47:32.758566+00:00,2026-10-03,2026-10-04,1H ML,KXNFL1H-26OCT04JACCIN,KXNFL1H-26OCT04JACCIN-JAC,,active,0.4472,0.6069
2026-10-03T15:47:32.758566+00:00,2026-10-03,2026-10-04,1H ML,KXNFL1H-26OCT04JACCIN,KXNFL1H-26OCT04JACCIN-CIN,,active,0.5075,0.5375
2026-10-03T15:47:32.758566+00:00,2026-10-03,2026-10-04,1H ML,KXNFL1H-26OCT04NEBUF,KXNFL1H-26OCT04NEBUF-TIE,,active,0.0957,0.9346
2026-10-03T15:47:32.758566+00:00,2026-10-03,2026-10-04,1H ML,KXNFL1H-26OCT04NEBUF,KXNFL1H-26OCT04NEBUF-NE,,active,0.3044,0.7341
2026-10-03T15:47:32.758566+00:00,2026-10-03,2026-10-04,1H ML,KXNFL1H-26OCT04NEBUF,KXNFL1H-26OCT04NEBUF-BUF,,active,0.6561,0.3863
2026-10-03T15:47:32.758566+00:00,2026-10-03,2026-10-04,1H ML,KXNFL1H-26OCT04DALHOU,KXNFL1H-26OCT04DALHOU-TIE,,active,0.0957,0.9252
2026-10-03T15:47:32.758566+00:00,2026-10-03,2026-10-04,1H ML,KXNFL1H-26OCT04DALHOU,KXNFL1H-26OCT04DALHOU-HOU,,active,0.5375,0.5075
2026-10-03T15:47:32.758566+00:00,2026-10-03,2026-10-04,1H ML,KXNFL1H-26OCT04DALHOU,KXNFL1H-26OCT04DALHOU-DAL,,active,0.4168,0.6267
2026-10-03T15:47:32.758566+00:00,2026-10-03,2026-10-04,1H ML,KXNFL1H-26OCT04NYJCHI,KXNFL1H-26OCT04NYJCHI-TIE,,active,0.1063,0.9252
2026-10-03T15:47:32.758566+00:00,2026-10-03,2026-10-04,1H ML,KXNFL1H-26OCT04NYJCHI,KXNFL1H-26OCT04NYJCHI-NYJ,,active,0.3965,0.6659
2026-10-03T15:47:32.758566+00:00,2026-10-03,2026-10-04,1H ML,KXNFL1H-26OCT04NYJCHI,KXNFL1H-26OCT04NYJCHI-CHI,,active,0.5673,0.4774
2026-10-03T15:47:32.758566+00:00,2026-10-03,2026-10-04,1H ML,KXNFL1H-26OCT04INDWAS,KXNFL1H-26OCT04INDWAS-WAS,,active,0.3863,0.6659
2026-10-03T15:47:32.758566+00:00,2026-10-03,2026-10-04,1H ML,KXNFL1H-26OCT04INDWAS,KXNFL1H-26OCT04INDWAS-TIE,,active,0.0957,0.9252
2026-10-03T15:47:32.758566+00:00,2026-10-03,2026-10-04,1H ML,KXNFL1H-26OCT04INDWAS,KXNFL1H-26OCT04INDWAS-IND,,active,0.5673,0.4774
2026-10-03T15:47:32.758566+00:00,2026-10-03,2026-10-04,SPREAD,KXNFLSPREAD-26OCT04DENSF,KXNFLSPREAD-26OCT04DENSF-SF8,7.5,active,0.3147,0.7244
2026-10-03T15:47:32.758566+00:00,2026-10-03,2026-10-04,SPREAD,KXNFLSPREAD-26OCT04DENSF,KXNFLSPREAD-26OCT04DENSF-SF7,6.5,active,0.3557,0.6855
2026-10-03T15:47:32.758566+00:00,2026-10-03,2026-10-04,SPREAD,KXNFLSPREAD-26OCT04DENSF,KXNFLSPREAD-26OCT04DENSF-SF6,5.5,active,0.3965,0.6463
2026-10-03T15:47:32.758566+00:00,2026-10-03,2026-10-04,SPREAD,KXNFLSPREAD-26OCT04DENSF,KXNFLSPREAD-26OCT04DENSF-SF5,4.5,active,0.4168,0.6267
2026-10-03T15:47:32.758566+00:00,2026-10-03,2026-10-04,SPREAD,KXNFLSPREAD-26OCT04DENSF,KXNFLSPREAD-26OCT04DENSF-SF4,3.5,active,0.4472,0.5971
2026-10-03T15:47:32.758566+00:00,2026-10-03,2026-10-04,SPREAD,KXNFLSPREAD-26OCT04DENSF,KXNFLSPREAD-26OCT04DENSF-SF3,2.5,active,0.5375,0.5075
2026-10-03T15:47:32.758566+00:00,2026-10-03,2026-10-04,SPREAD,KXNFLSPREAD-26OCT04DENSF,KXNFLSPREAD-26OCT04DENSF-SF21,20.5,active,0.0957,0.9252
2026-10-03T15:47:32.758566+00:00,2026-10-03,2026-10-04,SPREAD,KXNFLSPREAD-26OCT04DENSF,KXNFLSPREAD-26OCT04DENSF-SF2,1.5,active,0.5673,0.4774
2026-10-03T15:47:32.758566+00:00,2026-10-03,2026-10-04,SPREAD,KXNFLSPREAD-26OCT04DENSF,KXNFLSPREAD-26OCT04DENSF-SF18,17.5,active,0.1274,0.8969
2026-10-03T15:47:32.758566+00:00,2026-10-03,2026-10-04,SPREAD,KXNFLSPREAD-26OCT04DENSF,KXNFLSPREAD-26OCT04DENSF-SF17,16.5,active,0.1379,0.8874
2026-10-03T15:47:32.758566+00:00,2026-10-03,2026-10-04,SPREAD,KXNFLSPREAD-26OCT04DENSF,KXNFLSPREAD-26OCT04DENSF-SF15,14.5,active,0.1589,0.8684
2026-10-03T15:47:32.758566+00:00,2026-10-03,2026-10-04,SPREAD,KXNFLSPREAD-26OCT04DENSF,KXNFLSPREAD-26OCT04DENSF-SF14,13.5,active,0.1903,0.8399
2026-10-03T15:47:32.758566+00:00,2026-10-03,2026-10-04,SPREAD,KXNFLSPREAD-26OCT04DENSF,KXNFLSPREAD-26OCT04DENSF-SF11,10.5,active,0.2320,0.8016
2026-10-03T15:47:32.758566+00:00,2026-10-03,2026-10-04,SPREAD,KXNFLSPREAD-26OCT04DENSF,KXNFLSPREAD-26OCT04DENSF-SF10,9.5,active,0.2631,0.7728
2026-10-03T15:47:32.758566+00:00,2026-10-03,2026-10-04,SPREAD,KXNFLSPREAD-26OCT04DENSF,KXNFLSPREAD-26OCT04DENSF-DEN8,7.5,active,0.1903,0.8399
2026-10-03T15:47:32.758566+00:00,2026-10-03,2026-10-04,SPREAD,KXNFLSPREAD-26OCT04DENSF,KXNFLSPREAD-26OCT04DENSF-DEN7,6.5,active,0.2320,0.8016
2026-10-03T15:47:32.758566+00:00,2026-10-03,2026-10-04,SPREAD,KXNFLSPREAD-26OCT04DENSF,KXNFLSPREAD-26OCT04DENSF-DEN6,5.5,active,0.2631,0.7728
2026-10-03T15:47:32.758566+00:00,2026-10-03,2026-10-04,SPREAD,KXNFLSPREAD-26OCT04DENSF,KXNFLSPREAD-26OCT04DENSF-DEN5,4.5,active,0.2735,0.7631
2026-10-03T15:47:32.758566+00:00,2026-10-03,2026-10-04,SPREAD,KXNFLSPREAD-26OCT04DENSF,KXNFLSPREAD-26OCT04DENSF-DEN4,3.5,active,0.3352,0.7050
2026-10-03T15:47:32.758566+00:00,2026-10-03,2026-10-04,SPREAD,KXNFLSPREAD-26OCT04DENSF,KXNFLSPREAD-26OCT04DENSF-DEN3,2.5,active,0.3863,0.6561
2026-10-03T15:47:32.758566+00:00,2026-10-03,2026-10-04,SPREAD,KXNFLSPREAD-26OCT04DENSF,KXNFLSPREAD-26OCT04DENSF-DEN2,1.5,active,0.4269,0.6267
2026-10-03T15:47:32.758566+00:00,2026-10-03,2026-10-04,SPREAD,KXNFLSPREAD-26OCT04DENSF,KXNFLSPREAD-26OCT04DENSF-DEN15,14.5,active,0.0957,0.9346
2026-10-03T15:47:32.758566+00:00,2026-10-03,2026-10-04,SPREAD,KXNFLSPREAD-26OCT04DENSF,KXNFLSPREAD-26OCT04DENSF-DEN14,13.5,active,0.1169,0.9157
2026-10-03T15:47:32.758566+00:00,2026-10-03,2026-10-04,SPREAD,KXNFLSPREAD-26OCT04DENSF,KXNFLSPREAD-26OCT04DENSF-DEN11,10.5,active,0.1484,0.8779
2026-10-03T15:47:32.758566+00:00,2026-10-03,2026-10-04,SPREAD,KXNFLSPREAD-26OCT04DENSF,KXNFLSPREAD-26OCT04DENSF-DEN10,9.5,active,0.1694,0.8589
2026-10-03T15:47:32.758566+00:00,2026-10-03,2026-10-04,SPREAD,KXNFLSPREAD-26OCT04DETCAR,KXNFLSPREAD-26OCT04DETCAR-DET8,7.5,active,0.3761,0.6659
2026-10-03T15:47:32.758566+00:00,2026-10-03,2026-10-04,SPREAD,KXNFLSPREAD-26OCT04DETCAR,KXNFLSPREAD-26OCT04DETCAR-DET7,6.5,active,0.4371,0.6069
2026-10-03T15:47:32.758566+00:00,2026-10-03,2026-10-04,SPREAD,KXNFLSPREAD-26OCT04DETCAR,KXNFLSPREAD-26OCT04DETCAR-DET6,5.5,active,0.4774,0.5673
2026-10-03T15:47:32.758566+00:00,2026-10-03,2026-10-04,SPREAD,KXNFLSPREAD-26OCT04DETCAR,KXNFLSPREAD-26OCT04DETCAR-DET5,4.5,active,0.4975,0.5474
2026-10-03T15:47:32.758566+00:00,2026-10-03,2026-10-04,SPREAD,KXNFLSPREAD-26OCT04DETCAR,KXNFLSPREAD-26OCT04DETCAR-DET4,3.5,active,0.5375,0.5075
2026-10-03T15:47:32.758566+00:00,2026-10-03,2026-10-04,SPREAD,KXNFLSPREAD-26OCT04DETCAR,KXNFLSPREAD-26OCT04DETCAR-DET3,2.5,active,0.6168,0.4269
2026-10-03T15:47:32.758566+00:00,2026-10-03,2026-10-04,SPREAD,KXNFLSPREAD-26OCT04DETCAR,KXNFLSPREAD-26OCT04DETCAR-DET21,20.5,active,0.1274,0.8969
2026-10-03T15:47:32.758566+00:00,2026-10-03,2026-10-04,SPREAD,KXNFLSPREAD-26OCT04DETCAR,KXNFLSPREAD-26OCT04DETCAR-DET2,1.5,active,0.6365,0.4067
2026-10-03T15:47:32.758566+00:00,2026-10-03,2026-10-04,SPREAD,KXNFLSPREAD-26OCT04DETCAR,KXNFLSPREAD-26OCT04DETCAR-DET18,17.5,active,0.1694,0.8589
2026-10-03T15:47:32.758566+00:00,2026-10-03,2026-10-04,SPREAD,KXNFLSPREAD-26OCT04DETCAR,KXNFLSPREAD-26OCT04DETCAR-DET17,16.5,active,0.1903,0.8399
2026-10-03T15:47:32.758566+00:00,2026-10-03,2026-10-04,SPREAD,KXNFLSPREAD-26OCT04DETCAR,KXNFLSPREAD-26OCT04DETCAR-DET15,14.5,active,0.2112,0.8208
2026-10-03T15:47:32.758566+00:00,2026-10-03,2026-10-04,SPREAD,KXNFLSPREAD-26OCT04DETCAR,KXNFLSPREAD-26OCT04DETCAR-DET14,13.5,active,0.2528,0.7824
2026-10-03T15:47:32.758566+00:00,2026-10-03,2026-10-04,SPREAD,KXNFLSPREAD-26OCT04DETCAR,KXNFLSPREAD-26OCT04DETCAR-DET11,10.5,active,0.3044,0.7341
2026-10-03T15:47:32.758566+00:00,2026-10-03,2026-10-04,SPREAD,KXNFLSPREAD-26OCT04DETCAR,KXNFLSPREAD-26OCT04DETCAR-DET10,9.5,active,0.3352,0.7050
2026-10-03T15:47:32.758566+00:00,2026-10-03,2026-10-04,SPREAD,KXNFLSPREAD-26OCT04DETCAR,KXNFLSPREAD-26OCT04DETCAR-CAR8,7.5,active,0.1589,0.8684
2026-10-03T15:47:32.758566+00:00,2026-10-03,2026-10-04,SPREAD,KXNFLSPREAD-26OCT04DETCAR,KXNFLSPREAD-26OCT04DETCAR-CAR7,6.5,active,0.1903,0.8399
2026-10-03T15:47:32.758566+00:00,2026-10-03,2026-10-04,SPREAD,KXNFLSPREAD-26OCT04DETCAR,KXNFLSPREAD-26OCT04DETCAR-CAR6,5.5,active,0.2112,0.8208
2026-10-03T15:47:32.758566+00:00,2026-10-03,2026-10-04,SPREAD,KXNFLSPREAD-26OCT04DETCAR,KXNFLSPREAD-26OCT04DETCAR-CAR5,4.5,active,0.2320,0.8016
2026-10-03T15:47:32.758566+00:00,2026-10-03,2026-10-04,SPREAD,KXNFLSPREAD-26OCT04DETCAR,KXNFLSPREAD-26OCT04DETCAR-CAR4,3.5,active,0.2528,0.7824
2026-10-03T15:47:32.758566+00:00,2026-10-03,2026-10-04,SPREAD,KXNFLSPREAD-26OCT04DETCAR,KXNFLSPREAD-26OCT04DETCAR-CAR3,2.5,active,0.3250,0.7147
2026-10-03T15:47:32.758566+00:00,2026-10-03,2026-10-04,SPREAD,KXNFLSPREAD-26OCT04DETCAR,KXNFLSPREAD-26OCT04DETCAR-CAR2,1.5,active,0.3557,0.6855
2026-10-03T15:47:32.758566+00:00,2026-10-03,2026-10-04,SPREAD,KXNFLSPREAD-26OCT04DETCAR,KXNFLSPREAD-26OCT04DETCAR-CAR15,14.5,active,0.0746,0.9533
2026-10-03T15:47:32.758566+00:00,2026-10-03,2026-10-04,SPREAD,KXNFLSPREAD-26OCT04DETCAR,KXNFLSPREAD-26OCT04DETCAR-CAR14,13.5,active,0.0852,0.9346
2026-10-03T15:47:32.758566+00:00,2026-10-03,2026-10-04,SPREAD,KXNFLSPREAD-26OCT04DETCAR,KXNFLSPREAD-26OCT04DETCAR-CAR11,10.5,active,0.1169,0.9063
2026-10-03T15:47:32.758566+00:00,2026-10-03,2026-10-04,SPREAD,KXNFLSPREAD-26OCT04DETCAR,KXNFLSPREAD-26OCT04DETCAR-CAR10,9.5,active,0.1379,0.8969
2026-10-03T15:47:32.758566+00:00,2026-10-03,2026-10-04,SPREAD,KXNFLSPREAD-26OCT04KCLV,KXNFLSPREAD-26OCT04KCLV-LV8,7.5,active,0.1484,0.8779
2026-10-03T15:47:32.758566+00:00,2026-10-03,2026-10-04,SPREAD,KXNFLSPREAD-26OCT04KCLV,KXNFLSPREAD-26OCT04KCLV-LV7,6.5,active,0.1799,0.8494
2026-10-03T15:47:32.758566+00:00,2026-10-03,2026-10-04,SPREAD,KXNFLSPREAD-26OCT04KCLV,KXNFLSPREAD-26OCT04KCLV-LV6,5.5,active,0.2008,0.8303
2026-10-03T15:47:32.758566+00:00,2026-10-03,2026-10-04,SPREAD,KXNFLSPREAD-26OCT04KCLV,KXNFLSPREAD-26OCT04KCLV-LV5,4.5,active,0.2320,0.8016
2026-10-03T15:47:32.758566+00:00,2026-10-03,2026-10-04,SPREAD,KXNFLSPREAD-26OCT04KCLV,KXNFLSPREAD-26OCT04KCLV-LV4,3.5,active,0.2320,0.8016
2026-10-03T15:47:32.758566+00:00,2026-10-03,2026-10-04,SPREAD,KXNFLSPREAD-26OCT04KCLV,KXNFLSPREAD-26OCT04KCLV-LV3,2.5,active,0.3044,0.7341
2026-10-03T15:47:32.758566+00:00,2026-10-03,2026-10-04,SPREAD,KXNFLSPREAD-26OCT04KCLV,KXNFLSPREAD-26OCT04KCLV-LV2,1.5,active,0.3352,0.7147
2026-10-03T15:47:32.758566+00:00,2026-10-03,2026-10-04,SPREAD,KXNFLSPREAD-26OCT04KCLV,KXNFLSPREAD-26OCT04KCLV-LV15,14.5,active,0.0746,0.9439
2026-10-03T15:47:32.758566+00:00,2026-10-03,2026-10-04,SPREAD,KXNFLSPREAD-26OCT04KCLV,KXNFLSPREAD-26OCT04KCLV-LV14,13.5,active,0.0852,0.9346
2026-10-03T15:47:32.758566+00:00,2026-10-03,2026-10-04,SPREAD,KXNFLSPREAD-26OCT04KCLV,KXNFLSPREAD-26OCT04KCLV-LV11,10.5,active,0.1063,0.9157
2026-10-03T15:47:32.758566+00:00,2026-10-03,2026-10-04,SPREAD,KXNFLSPREAD-26OCT04KCLV,KXNFLSPREAD-26OCT04KCLV-LV10,9.5,active,0.1169,0.9063
2026-10-03T15:47:32.758566+00:00,2026-10-03,2026-10-04,SPREAD,KXNFLSPREAD-26OCT04KCLV,KXNFLSPREAD-26OCT04KCLV-KC8,7.5,active,0.3965,0.6463
2026-10-03T15:47:32.758566+00:00,2026-10-03,2026-10-04,SPREAD,KXNFLSPREAD-26OCT04KCLV,KXNFLSPREAD-26OCT04KCLV-KC7,6.5,active,0.4572,0.5872
2026-10-03T15:47:32.758566+00:00,2026-10-03,2026-10-04,SPREAD,KXNFLSPREAD-26OCT04KCLV,KXNFLSPREAD-26OCT04KCLV-KC6,5.5,active,0.4975,0.5474
2026-10-03T15:47:32.758566+00:00,2026-10-03,2026-10-04,SPREAD,KXNFLSPREAD-26OCT04KCLV,KXNFLSPREAD-26OCT04KCLV-KC5,4.5,active,0.5175,0.5275
2026-10-03T15:47:32.758566+00:00,2026-10-03,2026-10-04,SPREAD,KXNFLSPREAD-26OCT04KCLV,KXNFLSPREAD-26OCT04KCLV-KC4,3.5,active,0.5574,0.4874
2026-10-03T15:47:32.758566+00:00,2026-10-03,2026-10-04,SPREAD,KXNFLSPREAD-26OCT04KCLV,KXNFLSPREAD-26OCT04KCLV-KC3,2.5,active,0.6365,0.4067
2026-10-03T15:47:32.758566+00:00,2026-10-03,2026-10-04,SPREAD,KXNFLSPREAD-26OCT04KCLV,KXNFLSPREAD-26OCT04KCLV-KC21,20.5,active,0.1274,0.8969
2026-10-03T15:47:32.758566+00:00,2026-10-03,2026-10-04,SPREAD,KXNFLSPREAD-26OCT04KCLV,KXNFLSPREAD-26OCT04KCLV-KC2,1.5,active,0.6561,0.3863
2026-10-03T15:47:32.758566+00:00,2026-10-03,2026-10-04,SPREAD,KXNFLSPREAD-26OCT04KCLV,KXNFLSPREAD-26OCT04KCLV-KC18,17.5,active,0.1694,0.8589
2026-10-03T15:47:32.758566+00:00,2026-10-03,2026-10-04,SPREAD,KXNFLSPREAD-26OCT04KCLV,KXNFLSPREAD-26OCT04KCLV-KC17,16.5,active,0.1903,0.8399
2026-10-03T15:47:32.758566+00:00,2026-10-03,2026-10-04,SPREAD,KXNFLSPREAD-26OCT04KCLV,KXNFLSPREAD-26OCT04KCLV-KC15,14.5,active,0.2216,0.8112
2026-10-03T15:47:32.758566+00:00,2026-10-03,2026-10-04,SPREAD,KXNFLSPREAD-26OCT04KCLV,KXNFLSPREAD-26OCT04KCLV-KC14,13.5,active,0.2631,0.7728
2026-10-03T15:47:32.758566+00:00,2026-10-03,2026-10-04,SPREAD,KXNFLSPREAD-26OCT04KCLV,KXNFLSPREAD-26OCT04KCLV-KC11,10.5,active,0.3147,0.7244
2026-10-03T15:47:32.758566+00:00,2026-10-03,2026-10-04,SPREAD,KXNFLSPREAD-26OCT04KCLV,KXNFLSPREAD-26OCT04KCLV-KC10,9.5,active,0.3557,0.6855
2026-10-03T15:47:32.758566+00:00,2026-10-03,2026-10-04,SPREAD,KXNFLSPREAD-26OCT04MIAMIN,KXNFLSPREAD-26OCT04MIAMIN-MIN8,7.5,active,0.5772,0.4673
2026-10-03T15:47:32.758566+00:00,2026-10-03,2026-10-04,SPREAD,KXNFLSPREAD-26OCT04MIAMIN,KXNFLSPREAD-26OCT04MIAMIN-MIN7,6.5,active,0.6561,0.3863
2026-10-03T15:47:32.758566+00:00,2026-10-03,2026-10-04,SPREAD,KXNFLSPREAD-26OCT04MIAMIN,KXNFLSPREAD-26OCT04MIAMIN-MIN6,5.5,active,0.7050,0.3352
2026-10-03T15:47:32.758566+00:00,2026-10-03,2026-10-04,SPREAD,KXNFLSPREAD-26OCT04MIAMIN,KXNFLSPREAD-26OCT04MIAMIN-MIN5,4.5,active,0.7147,0.3250
2026-10-03T15:47:32.758566+00:00,2026-10-03,2026-10-04,SPREAD,KXNFLSPREAD-26OCT04MIAMIN,KXNFLSPREAD-26OCT04MIAMIN-MIN4,3.5,active,0.7535,0.2838
2026-10-03T15:47:32.758566+00:00,2026-10-03,2026-10-04,SPREAD,KXNFLSPREAD-26OCT04MIAMIN,KXNFLSPREAD-26OCT04MIAMIN-MIN31,30.5,active,0.0746,0.9439
2026-10-03T15:47:32.758566+00:00,2026-10-03,2026-10-04,SPREAD,KXNFLSPREAD-26OCT04MIAMIN,KXNFLSPREAD-26OCT04MIAMIN-MIN3,2.5,active,0.8016,0.2320
2026-10-03T15:47:32.758566+00:00,2026-10-03,2026-10-04,SPREAD,KXNFLSPREAD-26OCT04MIAMIN,KXNFLSPREAD-26OCT04MIAMIN-MIN28,27.5,active,0.1063,0.9157
2026-10-03T15:47:32.758566+00:00,2026-10-03,2026-10-04,SPREAD,KXNFLSPREAD-26OCT04MIAMIN,KXNFLSPREAD-26OCT04MIAMIN-MIN24,23.5,active,0.1694,0.8589
2026-10-03T15:47:32.758566+00:00,2026-10-03,2026-10-04,SPREAD,KXNFLSPREAD-26OCT04MIAMIN,KXNFLSPREAD-26OCT04MIAMIN-MIN21,20.5,active,0.2320,0.8016
2026-10-03T15:47:32.758566+00:00,2026-10-03,2026-10-04,SPREAD,KXNFLSPREAD-26OCT04MIAMIN,KXNFLSPREAD-26OCT04MIAMIN-MIN2,1.5,active,0.8208,0.2112
2026-10-03T15:47:32.758566+00:00,2026-10-03,2026-10-04,SPREAD,KXNFLSPREAD-26OCT04MIAMIN,KXNFLSPREAD-26OCT04MIAMIN-MIN18,17.5,active,0.2838,0.7535
2026-10-03T15:47:32.758566+00:00,2026-10-03,2026-10-04,SPREAD,KXNFLSPREAD-26OCT04MIAMIN,KXNFLSPREAD-26OCT04MIAMIN-MIN17,16.5,active,0.3352,0.7050
2026-10-03T15:47:32.758566+00:00,2026-10-03,2026-10-04,SPREAD,KXNFLSPREAD-26OCT04MIAMIN,KXNFLSPREAD-26OCT04MIAMIN-MIN15,14.5,active,0.3863,0.6561
2026-10-03T15:47:32.758566+00:00,2026-10-03,2026-10-04,SPREAD,KXNFLSPREAD-26OCT04MIAMIN,KXNFLSPREAD-26OCT04MIAMIN-MIN14,13.5,active,0.4269,0.6168
2026-10-03T15:47:32.758566+00:00,2026-10-03,2026-10-04,SPREAD,KXNFLSPREAD-26OCT04MIAMIN,KXNFLSPREAD-26OCT04MIAMIN-MIN11,10.5,active,0.4874,0.5574
2026-10-03T15:47:32.758566+00:00,2026-10-03,2026-10-04,SPREAD,KXNFLSPREAD-26OCT04MIAMIN,KXNFLSPREAD-26OCT04MIAMIN-MIN10,9.5,active,0.5375,0.5075
2026-10-03T15:47:32.758566+00:00,2026-10-03,2026-10-04,SPREAD,KXNFLSPREAD-26OCT04MIAMIN,KXNFLSPREAD-26OCT04MIAMIN-MIA8,7.5,active,0.0746,0.9533
2026-10-03T15:47:32.758566+00:00,2026-10-03,2026-10-04,SPREAD,KXNFLSPREAD-26OCT04MIAMIN,KXNFLSPREAD-26OCT04MIAMIN-MIA7,6.5,active,0.0852,0.9346
2026-10-03T15:47:32.758566+00:00,2026-10-03,2026-10-04,SPREAD,KXNFLSPREAD-26OCT04MIAMIN,KXNFLSPREAD-26OCT04MIAMIN-MIA6,5.5,active,0.0957,0.9252
2026-10-03T15:47:32.758566+00:00,2026-10-03,2026-10-04,SPREAD,KXNFLSPREAD-26OCT04MIAMIN,KXNFLSPREAD-26OCT04MIAMIN-MIA5,4.5,active,0.1063,0.9157
2026-10-03T15:47:32.758566+00:00,2026-10-03,2026-10-04,SPREAD,KXNFLSPREAD-26OCT04MIAMIN,KXNFLSPREAD-26OCT04MIAMIN-MIA4,3.5,active,0.1274,0.9063
2026-10-03T15:47:32.758566+00:00,2026-10-03,2026-10-04,SPREAD,KXNFLSPREAD-26OCT04MIAMIN,KXNFLSPREAD-26OCT04MIAMIN-MIA3,2.5,active,0.1589,0.8684
2026-10-03T15:47:32.758566+00:00,2026-10-03,2026-10-04,SPREAD,KXNFLSPREAD-26OCT04MIAMIN,KXNFLSPREAD-26OCT04MIAMIN-MIA2,1.5,active,0.1694,0.8589
2026-10-03T15:47:32.758566+00:00,2026-10-03,2026-10-04,SPREAD,KXNFLSPREAD-26OCT04MIAMIN,KXNFLSPREAD-26OCT04MIAMIN-MIA11,10.5,active,0.0533,0.9627
2026-10-03T15:47:32.758566+00:00,2026-10-03,2026-10-04,SPREAD,KXNFLSPREAD-26OCT04MIAMIN,KXNFLSPREAD-26OCT04MIAMIN-MIA10,9.5,active,0.0639,0.9533
2026-10-03T15:47:32.758566+00:00,2026-10-03,2026-10-04,SPREAD,KXNFLSPREAD-26OCT04TENBAL,KXNFLSPREAD-26OCT04TENBAL-TEN8,7.5,active,0.0639,0.9627
2026-10-03T15:47:32.758566+00:00,2026-10-03,2026-10-04,SPREAD,KXNFLSPREAD-26OCT04TENBAL,KXNFLSPREAD-26OCT04TENBAL-TEN7,6.5,active,0.0746,0.9533
2026-10-03T15:47:32.758566+00:00,2026-10-03,2026-10-04,SPREAD,KXNFLSPREAD-26OCT04TENBAL,KXNFLSPREAD-26OCT04TENBAL-TEN6,5.5,active,0.0852,0.9346
2026-10-03T15:47:32.758566+00:00,2026-10-03,2026-10-04,SPREAD,KXNFLSPREAD-26OCT04TENBAL,KXNFLSPREAD-26OCT04TENBAL-TEN5,4.5,active,0.0957,0.9252
2026-10-03T15:47:32.758566+00:00,2026-10-03,2026-10-04,SPREAD,KXNFLSPREAD-26OCT04TENBAL,KXNFLSPREAD-26OCT04TENBAL-TEN4,3.5,active,0.1063,0.9157
2026-10-03T15:47:32.758566+00:00,2026-10-03,2026-10-04,SPREAD,KXNFLSPREAD-26OCT04TENBAL,KXNFLSPREAD-26OCT04TENBAL-TEN3,2.5,active,0.1379,0.8874
2026-10-03T15:47:32.758566+00:00,2026-10-03,2026-10-04,SPREAD,KXNFLSPREAD-26OCT04TENBAL,KXNFLSPREAD-26OCT04TENBAL-TEN2,1.5,active,0.1484,0.8779
2026-10-03T15:47:32.758566+00:00,2026-10-03,2026-10-04,SPREAD,KXNFLSPREAD-26OCT04TENBAL,KXNFLSPREAD-26OCT04TENBAL-TEN11,10.5,active,0.0320,0.9814
2026-10-03T15:47:32.758566+00:00,2026-10-03,2026-10-04,SPREAD,KXNFLSPREAD-26OCT04TENBAL,KXNFLSPREAD-26OCT04TENBAL-TEN10,9.5,active,0.0427,0.9720
2026-10-03T15:47:32.758566+00:00,2026-10-03,2026-10-04,SPREAD,KXNFLSPREAD-26OCT04TENBAL,KXNFLSPREAD-26OCT04TENBAL-BAL8,7.5,active,0.6267,0.4168
2026-10-03T15:47:32.758566+00:00,2026-10-03,2026-10-04,SPREAD,KXNFLSPREAD-26OCT04TENBAL,KXNFLSPREAD-26OCT04TENBAL-BAL7,6.5,active,0.6952,0.3455
2026-10-03T15:47:32.758566+00:00,2026-10-03,2026-10-04,SPREAD,KXNFLSPREAD-26OCT04TENBAL,KXNFLSPREAD-26OCT04TENBAL-BAL6,5.5,active,0.7147,0.3250
2026-10-03T15:47:32.758566+00:00,2026-10-03,2026-10-04,SPREAD,KXNFLSPREAD-26OCT04TENBAL,KXNFLSPREAD-26OCT04TENBAL-BAL5,4.5,active,0.7438,0.2941
2026-10-03T15:47:32.758566+00:00,2026-10-03,2026-10-04,SPREAD,KXNFLSPREAD-26OCT04TENBAL,KXNFLSPREAD-26OCT04TENBAL-BAL4,3.5,active,0.7631,0.2735
2026-10-03T15:47:32.758566+00:00,2026-10-03,2026-10-04,SPREAD,KXNFLSPREAD-26OCT04TENBAL,KXNFLSPREAD-26OCT04TENBAL-BAL31,30.5,active,0.0957,0.9252
2026-10-03T15:47:32.758566+00:00,2026-10-03,2026-10-04,SPREAD,KXNFLSPREAD-26OCT04TENBAL,KXNFLSPREAD-26OCT04TENBAL-BAL3,2.5,active,0.8303,0.2008
2026-10-03T15:47:32.758566+00:00,2026-10-03,2026-10-04,SPREAD,KXNFLSPREAD-26OCT04TENBAL,KXNFLSPREAD-26OCT04TENBAL-BAL28,27.5,active,0.1274,0.8969
2026-10-03T15:47:32.758566+00:00,2026-10-03,2026-10-04,SPREAD,KXNFLSPREAD-26OCT04TENBAL,KXNFLSPREAD-26OCT04TENBAL-BAL24,23.5,active,0.2112,0.8208
2026-10-03T15:47:32.758566+00:00,2026-10-03,2026-10-04,SPREAD,KXNFLSPREAD-26OCT04TENBAL,KXNFLSPREAD-26OCT04TENBAL-BAL21,20.5,active,0.2735,0.7631
2026-10-03T15:47:32.758566+00:00,2026-10-03,2026-10-04,SPREAD,KXNFLSPREAD-26OCT04TENBAL,KXNFLSPREAD-26OCT04TENBAL-BAL2,1.5,active,0.8399,0.1903
2026-10-03T15:47:32.758566+00:00,2026-10-03,2026-10-04,SPREAD,KXNFLSPREAD-26OCT04TENBAL,KXNFLSPREAD-26OCT04TENBAL-BAL18,17.5,active,0.3352,0.7050
2026-10-03T15:47:32.758566+00:00,2026-10-03,2026-10-04,SPREAD,KXNFLSPREAD-26OCT04TENBAL,KXNFLSPREAD-26OCT04TENBAL-BAL17,16.5,active,0.3863,0.6561
2026-10-03T15:47:32.758566+00:00,2026-10-03,2026-10-04,SPREAD,KXNFLSPREAD-26OCT04TENBAL,KXNFLSPREAD-26OCT04TENBAL-BAL15,14.5,active,0.4168,0.6267
2026-10-03T15:47:32.758566+00:00,2026-10-03,2026-10-04,SPREAD,KXNFLSPREAD-26OCT04TENBAL,KXNFLSPREAD-26OCT04TENBAL-BAL14,13.5,active,0.4673,0.5772
2026-10-03T15:47:32.758566+00:00,2026-10-03,2026-10-04,SPREAD,KXNFLSPREAD-26OCT04TENBAL,KXNFLSPREAD-26OCT04TENBAL-BAL12,11.5,active,0.5175,0.5275
2026-10-03T15:47:32.758566+00:00,2026-10-03,2026-10-04,SPREAD,KXNFLSPREAD-26OCT04TENBAL,KXNFLSPREAD-26OCT04TENBAL-BAL11,10.5,active,0.5474,0.4975
2026-10-03T15:47:32.758566+00:00,2026-10-03,2026-10-04,SPREAD,KXNFLSPREAD-26OCT04TENBAL,KXNFLSPREAD-26OCT04TENBAL-BAL10,9.5,active,0.5971,0.4472
2026-10-03T15:47:32.758566+00:00,2026-10-03,2026-10-04,SPREAD,KXNFLSPREAD-26OCT04DALHOU,KXNFLSPREAD-26OCT04DALHOU-HOU8,7.5,active,0.3250,0.7147
2026-10-03T15:47:32.758566+00:00,2026-10-03,2026-10-04,SPREAD,KXNFLSPREAD-26OCT04DALHOU,KXNFLSPREAD-26OCT04DALHOU-HOU7,6.5,active,0.3761,0.6659
2026-10-03T15:47:32.758566+00:00,2026-10-03,2026-10-04,SPREAD,KXNFLSPREAD-26OCT04DALHOU,KXNFLSPREAD-26OCT04DALHOU-HOU6,5.5,active,0.4269,0.6168
2026-10-03T15:47:32.758566+00:00,2026-10-03,2026-10-04,SPREAD,KXNFLSPREAD-26OCT04DALHOU,KXNFLSPREAD-26OCT04DALHOU-HOU5,4.5,active,0.4371,0.6069
2026-10-03T15:47:32.758566+00:00,2026-10-03,2026-10-04,SPREAD,KXNFLSPREAD-26OCT04DALHOU,KXNFLSPREAD-26OCT04DALHOU-HOU4,3.5,active,0.4673,0.5772
2026-10-03T15:47:32.758566+00:00,2026-10-03,2026-10-04,SPREAD,KXNFLSPREAD-26OCT04DALHOU,KXNFLSPREAD-26OCT04DALHOU-HOU3,2.5,active,0.5574,0.4874
2026-10-03T15:47:32.758566+00:00,2026-10-03,2026-10-04,SPREAD,KXNFLSPREAD-26OCT04DALHOU,KXNFLSPREAD-26OCT04DALHOU-HOU21,20.5,active,0.1063,0.9157
2026-10-03T15:47:32.758566+00:00,2026-10-03,2026-10-04,SPREAD,KXNFLSPREAD-26OCT04DALHOU,KXNFLSPREAD-26OCT04DALHOU-HOU2,1.5,active,0.5772,0.4673
2026-10-03T15:47:32.758566+00:00,2026-10-03,2026-10-04,SPREAD,KXNFLSPREAD-26OCT04DALHOU,KXNFLSPREAD-26OCT04DALHOU-HOU18,17.5,active,0.1379,0.8874
2026-10-03T15:47:32.758566+00:00,2026-10-03,2026-10-04,SPREAD,KXNFLSPREAD-26OCT04DALHOU,KXNFLSPREAD-26OCT04DALHOU-HOU17,16.5,active,0.1694,0.8684
2026-10-03T15:47:32.758566+00:00,2026-10-03,2026-10-04,SPREAD,KXNFLSPREAD-26OCT04DALHOU,KXNFLSPREAD-26OCT04DALHOU-HOU15,14.5,active,0.1799,0.8494
2026-10-03T15:47:32.758566+00:00,2026-10-03,2026-10-04,SPREAD,KXNFLSPREAD-26OCT04DALHOU,KXNFLSPREAD-26OCT04DALHOU-HOU14,13.5,active,0.2008,0.8303
2026-10-03T15:47:32.758566+00:00,2026-10-03,2026-10-04,SPREAD,KXNFLSPREAD-26OCT04DALHOU,KXNFLSPREAD-26OCT04DALHOU-HOU11,10.5,active,0.2735,0.7631
2026-10-03T15:47:32.758566+00:00,2026-10-03,2026-10-04,SPREAD,KXNFLSPREAD-26OCT04DALHOU,KXNFLSPREAD-26OCT04DALHOU-HOU10,9.5,active,0.3044,0.7341
2026-10-03T15:47:32.758566+00:00,2026-10-03,2026-10-04,SPREAD,KXNFLSPREAD-26OCT04DALHOU,KXNFLSPREAD-26OCT04DALHOU-DAL8,7.5,active,0.2112,0.8208
2026-10-03T15:47:32.758566+00:00,2026-10-03,2026-10-04,SPREAD,KXNFLSPREAD-26OCT04DALHOU,KXNFLSPREAD-26OCT04DALHOU-DAL7,6.5,active,0.2528,0.7920
2026-10-03T15:47:32.758566+00:00,2026-10-03,2026-10-04,SPREAD,KXNFLSPREAD-26OCT04DALHOU,KXNFLSPREAD-26OCT04DALHOU-DAL6,5.5,active,0.2735,0.7631
2026-10-03T15:47:32.758566+00:00,2026-10-03,2026-10-04,SPREAD,KXNFLSPREAD-26OCT04DALHOU,KXNFLSPREAD-26OCT04DALHOU-DAL5,4.5,active,0.2838,0.7535
2026-10-03T15:47:32.758566+00:00,2026-10-03,2026-10-04,SPREAD,KXNFLSPREAD-26OCT04DALHOU,KXNFLSPREAD-26OCT04DALHOU-DAL4,3.5,active,0.3147,0.7244
2026-10-03T15:47:32.758566+00:00,2026-10-03,2026-10-04,SPREAD,KXNFLSPREAD-26OCT04DALHOU,KXNFLSPREAD-26OCT04DALHOU-DAL3,2.5,active,0.3965,0.6463
2026-10-03T15:47:32.758566+00:00,2026-10-03,2026-10-04,SPREAD,KXNFLSPREAD-26OCT04DALHOU,KXNFLSPREAD-26OCT04DALHOU-DAL2,1.5,active,0.4067,0.6365
2026-10-03T15:47:32.758566+00:00,2026-10-03,2026-10-04,SPREAD,KXNFLSPREAD-26OCT04DALHOU,KXNFLSPREAD-26OCT04DALHOU-DAL15,14.5,active,0.1063,0.9157
2026-10-03T15:47:32.758566+00:00,2026-10-03,2026-10-04,SPREAD,KXNFLSPREAD-26OCT04DALHOU,KXNFLSPREAD-26OCT04DALHOU-DAL14,13.5,active,0.1169,0.9063
2026-10-03T15:47:32.758566+00:00,2026-10-03,2026-10-04,SPREAD,KXNFLSPREAD-26OCT04DALHOU,KXNFLSPREAD-26OCT04DALHOU-DAL11,10.5,active,0.1484,0.8779
2026-10-03T15:47:32.758566+00:00,2026-10-03,2026-10-04,SPREAD,KXNFLSPREAD-26OCT04DALHOU,KXNFLSPREAD-26OCT04DALHOU-DAL10,9.5,active,0.1694,0.8589
2026-10-03T15:47:32.758566+00:00,2026-10-03,2026-10-04,SPREAD,KXNFLSPREAD-26OCT04LACSEA,KXNFLSPREAD-26OCT04LACSEA-SEA8,7.5,active,0.4975,0.5474
2026-10-03T15:47:32.758566+00:00,2026-10-03,2026-10-04,SPREAD,KXNFLSPREAD-26OCT04LACSEA,KXNFLSPREAD-26OCT04LACSEA-SEA7,6.5,active,0.5673,0.4774
2026-10-03T15:47:32.758566+00:00,2026-10-03,2026-10-04,SPREAD,KXNFLSPREAD-26OCT04LACSEA,KXNFLSPREAD-26OCT04LACSEA-SEA6,5.5,active,0.6069,0.4371
2026-10-03T15:47:32.758566+00:00,2026-10-03,2026-10-04,SPREAD,KXNFLSPREAD-26OCT04LACSEA,KXNFLSPREAD-26OCT04LACSEA-SEA5,4.5,active,0.6267,0.4168
2026-10-03T15:47:32.758566+00:00,2026-10-03,2026-10-04,SPREAD,KXNFLSPREAD-26OCT04LACSEA,KXNFLSPREAD-26OCT04LACSEA-SEA4,3.5,active,0.6561,0.3863
2026-10-03T15:47:32.758566+00:00,2026-10-03,2026-10-04,SPREAD,KXNFLSPREAD-26OCT04LACSEA,KXNFLSPREAD-26OCT04LACSEA-SEA3,2.5,active,0.7244,0.3147
2026-10-03T15:47:32.758566+00:00,2026-10-03,2026-10-04,SPREAD,KXNFLSPREAD-26OCT04LACSEA,KXNFLSPREAD-26OCT04LACSEA-SEA28,27.5,active,0.0852,0.9439
2026-10-03T15:47:32.758566+00:00,2026-10-03,2026-10-04,SPREAD,KXNFLSPREAD-26OCT04LACSEA,KXNFLSPREAD-26OCT04LACSEA-SEA24,23.5,active,0.1274,0.8969
2026-10-03T15:47:32.758566+00:00,2026-10-03,2026-10-04,SPREAD,KXNFLSPREAD-26OCT04LACSEA,KXNFLSPREAD-26OCT04LACSEA-SEA21,20.5,active,0.1694,0.8589
2026-10-03T15:47:32.758566+00:00,2026-10-03,2026-10-04,SPREAD,KXNFLSPREAD-26OCT04LACSEA,KXNFLSPREAD-26OCT04LACSEA-SEA2,1.5,active,0.7535,0.2838
2026-10-03T15:47:32.758566+00:00,2026-10-03,2026-10-04,SPREAD,KXNFLSPREAD-26OCT04LACSEA,KXNFLSPREAD-26OCT04LACSEA-SEA18,17.5,active,0.2320,0.8016
2026-10-03T15:47:32.758566+00:00,2026-10-03,2026-10-04,SPREAD,KXNFLSPREAD-26OCT04LACSEA,KXNFLSPREAD-26OCT04LACSEA-SEA17,16.5,active,0.2631,0.7728
2026-10-03T15:47:32.758566+00:00,2026-10-03,2026-10-04,SPREAD,KXNFLSPREAD-26OCT04LACSEA,KXNFLSPREAD-26OCT04LACSEA-SEA15,14.5,active,0.2941,0.7438
2026-10-03T15:47:32.758566+00:00,2026-10-03,2026-10-04,SPREAD,KXNFLSPREAD-26OCT04LACSEA,KXNFLSPREAD-26OCT04LACSEA-SEA14,13.5,active,0.3352,0.7050
2026-10-03T15:47:32.758566+00:00,2026-10-03,2026-10-04,SPREAD,KXNFLSPREAD-26OCT04LACSEA,KXNFLSPREAD-26OCT04LACSEA-SEA11,10.5,active,0.4067,0.6365
2026-10-03T15:47:32.758566+00:00,2026-10-03,2026-10-04,SPREAD,KXNFLSPREAD-26OCT04LACSEA,KXNFLSPREAD-26OCT04LACSEA-SEA10,9.5,active,0.4572,0.5872
2026-10-03T15:47:32.758566+00:00,2026-10-03,2026-10-04,SPREAD,KXNFLSPREAD-26OCT04LACSEA,KXNFLSPREAD-26OCT04LACSEA-LAC8,7.5,active,0.0957,0.9252
2026-10-03T15:47:32.758566+00:00,2026-10-03,2026-10-04,SPREAD,KXNFLSPREAD-26OCT04LACSEA,KXNFLSPREAD-26OCT04LACSEA-LAC7,6.5,active,0.1274,0.8969
2026-10-03T15:47:32.758566+00:00,2026-10-03,2026-10-04,SPREAD,KXNFLSPREAD-26OCT04LACSEA,KXNFLSPREAD-26OCT04LACSEA-LAC6,5.5,active,0.1484,0.8779
2026-10-03T15:47:32.758566+00:00,2026-10-03,2026-10-04,SPREAD,KXNFLSPREAD-26OCT04LACSEA,KXNFLSPREAD-26OCT04LACSEA-LAC5,4.5,active,0.1589,0.8684
2026-10-03T15:47:32.758566+00:00,2026-10-03,2026-10-04,SPREAD,KXNFLSPREAD-26OCT04LACSEA,KXNFLSPREAD-26OCT04LACSEA-LAC4,3.5,active,0.1799,0.8494
2026-10-03T15:47:32.758566+00:00,2026-10-03,2026-10-04,SPREAD,KXNFLSPREAD-26OCT04LACSEA,KXNFLSPREAD-26OCT04LACSEA-LAC3,2.5,active,0.2216,0.8112
2026-10-03T15:47:32.758566+00:00,2026-10-03,2026-10-04,SPREAD,KXNFLSPREAD-26OCT04LACSEA,KXNFLSPREAD-26OCT04LACSEA-LAC2,1.5,active,0.2320,0.8016
2026-10-03T15:47:32.758566+00:00,2026-10-03,2026-10-04,SPREAD,KXNFLSPREAD-26OCT04LACSEA,KXNFLSPREAD-26OCT04LACSEA-LAC15,14.5,active,0.0533,0.9720
2026-10-03T15:47:32.758566+00:00,2026-10-03,2026-10-04,SPREAD,KXNFLSPREAD-26OCT04LACSEA,KXNFLSPREAD-26OCT04LACSEA-LAC14,13.5,active,0.0639,0.9627
2026-10-03T15:47:32.758566+00:00,2026-10-03,2026-10-04,SPREAD,KXNFLSPREAD-26OCT04LACSEA,KXNFLSPREAD-26OCT04LACSEA-LAC11,10.5,active,0.0746,0.9533
2026-10-03T15:47:32.758566+00:00,2026-10-03,2026-10-04,SPREAD,KXNFLSPREAD-26OCT04LACSEA,KXNFLSPREAD-26OCT04LACSEA-LAC10,9.5,active,0.0852,0.9439
2026-10-03T15:47:32.758566+00:00,2026-10-03,2026-10-04,SPREAD,KXNFLSPREAD-26OCT04ARINYG,KXNFLSPREAD-26OCT04ARINYG-NYG8,7.5,active,0.2112,0.8208
2026-10-03T15:47:32.758566+00:00,2026-10-03,2026-10-04,SPREAD,KXNFLSPREAD-26OCT04ARINYG,KXNFLSPREAD-26OCT04ARINYG-NYG7,6.5,active,0.2631,0.7728
2026-10-03T15:47:32.758566+00:00,2026-10-03,2026-10-04,SPREAD,KXNFLSPREAD-26OCT04ARINYG,KXNFLSPREAD-26OCT04ARINYG-NYG6,5.5,active,0.2838,0.7535
2026-10-03T15:47:32.758566+00:00,2026-10-03,2026-10-04,SPREAD,KXNFLSPREAD-26OCT04ARINYG,KXNFLSPREAD-26OCT04ARINYG-NYG5,4.5,active,0.3147,0.7244
2026-10-03T15:47:32.758566+00:00,2026-10-03,2026-10-04,SPREAD,KXNFLSPREAD-26OCT04ARINYG,KXNFLSPREAD-26OCT04ARINYG-NYG4,3.5,active,0.3250,0.7147
2026-10-03T15:47:32.758566+00:00,2026-10-03,2026-10-04,SPREAD,KXNFLSPREAD-26OCT04ARINYG,KXNFLSPREAD-26OCT04ARINYG-NYG3,2.5,active,0.3965,0.6463
2026-10-03T15:47:32.758566+00:00,2026-10-03,2026-10-04,SPREAD,KXNFLSPREAD-26OCT04ARINYG,KXNFLSPREAD-26OCT04ARINYG-NYG21,20.5,active,0.0533,0.9627
2026-10-03T15:47:32.758566+00:00,2026-10-03,2026-10-04,SPREAD,KXNFLSPREAD-26OCT04ARINYG,KXNFLSPREAD-26OCT04ARINYG-NYG2,1.5,active,0.4269,0.6168
2026-10-03T15:47:32.758566+00:00,2026-10-03,2026-10-04,SPREAD,KXNFLSPREAD-26OCT04ARINYG,KXNFLSPREAD-26OCT04ARINYG-NYG18,17.5,active,0.0746,0.9533
2026-10-03T15:47:32.758566+00:00,2026-10-03,2026-10-04,SPREAD,KXNFLSPREAD-26OCT04ARINYG,KXNFLSPREAD-26OCT04ARINYG-NYG17,16.5,active,0.0957,0.9346
2026-10-03T15:47:32.758566+00:00,2026-10-03,2026-10-04,SPREAD,KXNFLSPREAD-26OCT04ARINYG,KXNFLSPREAD-26OCT04ARINYG-NYG15,14.5,active,0.1063,0.9157
2026-10-03T15:47:32.758566+00:00,2026-10-03,2026-10-04,SPREAD,KXNFLSPREAD-26OCT04ARINYG,KXNFLSPREAD-26OCT04ARINYG-NYG14,13.5,active,0.1274,0.8969
2026-10-03T15:47:32.758566+00:00,2026-10-03,2026-10-04,SPREAD,KXNFLSPREAD-26OCT04ARINYG,KXNFLSPREAD-26OCT04ARINYG-NYG11,10.5,active,0.1589,0.8684
2026-10-03T15:47:32.758566+00:00,2026-10-03,2026-10-04,SPREAD,KXNFLSPREAD-26OCT04ARINYG,KXNFLSPREAD-26OCT04ARINYG-NYG10,9.5,active,0.1799,0.8494
2026-10-03T15:47:32.758566+00:00,2026-10-03,2026-10-04,SPREAD,KXNFLSPREAD-26OCT04ARINYG,KXNFLSPREAD-26OCT04ARINYG-ARI8,7.5,active,0.2941,0.7438
2026-10-03T15:47:32.758566+00:00,2026-10-03,2026-10-04,SPREAD,KXNFLSPREAD-26OCT04ARINYG,KXNFLSPREAD-26OCT04ARINYG-ARI7,6.5,active,0.3557,0.6855
2026-10-03T15:47:32.758566+00:00,2026-10-03,2026-10-04,SPREAD,KXNFLSPREAD-26OCT04ARINYG,KXNFLSPREAD-26OCT04ARINYG-ARI6,5.5,active,0.3965,0.6463
2026-10-03T15:47:32.758566+00:00,2026-10-03,2026-10-04,SPREAD,KXNFLSPREAD-26OCT04ARINYG,KXNFLSPREAD-26OCT04ARINYG-ARI5,4.5,active,0.4168,0.6267
2026-10-03T15:47:32.758566+00:00,2026-10-03,2026-10-04,SPREAD,KXNFLSPREAD-26OCT04ARINYG,KXNFLSPREAD-26OCT04ARINYG-ARI4,3.5,active,0.4572,0.5872
2026-10-03T15:47:32.758566+00:00,2026-10-03,2026-10-04,SPREAD,KXNFLSPREAD-26OCT04ARINYG,KXNFLSPREAD-26OCT04ARINYG-ARI3,2.5,active,0.5275,0.5175
2026-10-03T15:47:32.758566+00:00,2026-10-03,2026-10-04,SPREAD,KXNFLSPREAD-26OCT04ARINYG,KXNFLSPREAD-26OCT04ARINYG-ARI2,1.5,active,0.5574,0.4874
2026-10-03T15:47:32.758566+00:00,2026-10-03,2026-10-04,SPREAD,KXNFLSPREAD-26OCT04ARINYG,KXNFLSPREAD-26OCT04ARINYG-ARI15,14.5,active,0.1589,0.8684
2026-10-03T15:47:32.758566+00:00,2026-10-03,2026-10-04,SPREAD,KXNFLSPREAD-26OCT04ARINYG,KXNFLSPREAD-26OCT04ARINYG-ARI14,13.5,active,0.1903,0.8399
2026-10-03T15:47:32.758566+00:00,2026-10-03,2026-10-04,SPREAD,KXNFLSPREAD-26OCT04ARINYG,KXNFLSPREAD-26OCT04ARINYG-ARI11,10.5,active,0.2320,0.8016
2026-10-03T15:47:32.758566+00:00,2026-10-03,2026-10-04,SPREAD,KXNFLSPREAD-26OCT04ARINYG,KXNFLSPREAD-26OCT04ARINYG-ARI10,9.5,active,0.2631,0.7824
2026-10-03T15:47:32.758566+00:00,2026-10-03,2026-10-04,SPREAD,KXNFLSPREAD-26OCT04LARPHI,KXNFLSPREAD-26OCT04LARPHI-PHI8,7.5,active,0.1589,0.8684
2026-10-03T15:47:32.758566+00:00,2026-10-03,2026-10-04,SPREAD,KXNFLSPREAD-26OCT04LARPHI,KXNFLSPREAD-26OCT04LARPHI-PHI7,6.5,active,0.2008,0.8303
2026-10-03T15:47:32.758566+00:00,2026-10-03,2026-10-04,SPREAD,KXNFLSPREAD-26OCT04LARPHI,KXNFLSPREAD-26OCT04LARPHI-PHI6,5.5,active,0.2216,0.8112
2026-10-03T15:47:32.758566+00:00,2026-10-03,2026-10-04,SPREAD,KXNFLSPREAD-26OCT04LARPHI,KXNFLSPREAD-26OCT04LARPHI-PHI5,4.5,active,0.2424,0.7920
2026-10-03T15:47:32.758566+00:00,2026-10-03,2026-10-04,SPREAD,KXNFLSPREAD-26OCT04LARPHI,KXNFLSPREAD-26OCT04LARPHI-PHI4,3.5,active,0.2735,0.7631
2026-10-03T15:47:32.758566+00:00,2026-10-03,2026-10-04,SPREAD,KXNFLSPREAD-26OCT04LARPHI,KXNFLSPREAD-26OCT04LARPHI-PHI3,2.5,active,0.3455,0.6952
2026-10-03T15:47:32.758566+00:00,2026-10-03,2026-10-04,SPREAD,KXNFLSPREAD-26OCT04LARPHI,KXNFLSPREAD-26OCT04LARPHI-PHI2,1.5,active,0.3659,0.6757
2026-10-03T15:47:32.758566+00:00,2026-10-03,2026-10-04,SPREAD,KXNFLSPREAD-26OCT04LARPHI,KXNFLSPREAD-26OCT04LARPHI-PHI15,14.5,active,0.0852,0.9439
2026-10-03T15:47:32.758566+00:00,2026-10-03,2026-10-04,SPREAD,KXNFLSPREAD-26OCT04LARPHI,KXNFLSPREAD-26OCT04LARPHI-PHI14,13.5,active,0.1063,0.9157
2026-10-03T15:47:32.758566+00:00,2026-10-03,2026-10-04,SPREAD,KXNFLSPREAD-26OCT04LARPHI,KXNFLSPREAD-26OCT04LARPHI-PHI11,10.5,active,0.1274,0.9063
2026-10-03T15:47:32.758566+00:00,2026-10-03,2026-10-04,SPREAD,KXNFLSPREAD-26OCT04LARPHI,KXNFLSPREAD-26OCT04LARPHI-PHI10,9.5,active,0.1274,0.8969
2026-10-03T15:47:32.758566+00:00,2026-10-03,2026-10-04,SPREAD,KXNFLSPREAD-26OCT04LARPHI,KXNFLSPREAD-26OCT04LARPHI-LAR8,7.5,active,0.3659,0.6757
2026-10-03T15:47:32.758566+00:00,2026-10-03,2026-10-04,SPREAD,KXNFLSPREAD-26OCT04LARPHI,KXNFLSPREAD-26OCT04LARPHI-LAR7,6.5,active,0.4269,0.6168
2026-10-03T15:47:32.758566+00:00,2026-10-03,2026-10-04,SPREAD,KXNFLSPREAD-26OCT04LARPHI,KXNFLSPREAD-26OCT04LARPHI-LAR6,5.5,active,0.4673,0.5772
2026-10-03T15:47:32.758566+00:00,2026-10-03,2026-10-04,SPREAD,KXNFLSPREAD-26OCT04LARPHI,KXNFLSPREAD-26OCT04LARPHI-LAR5,4.5,active,0.4874,0.5574
2026-10-03T15:47:32.758566+00:00,2026-10-03,2026-10-04,SPREAD,KXNFLSPREAD-26OCT04LARPHI,KXNFLSPREAD-26OCT04LARPHI-LAR4,3.5,active,0.5275,0.5175
2026-10-03T15:47:32.758566+00:00,2026-10-03,2026-10-04,SPREAD,KXNFLSPREAD-26OCT04LARPHI,KXNFLSPREAD-26OCT04LARPHI-LAR3,2.5,active,0.6267,0.4168
2026-10-03T15:47:32.758566+00:00,2026-10-03,2026-10-04,SPREAD,KXNFLSPREAD-26OCT04LARPHI,KXNFLSPREAD-26OCT04LARPHI-LAR21,20.5,active,0.1169,0.9063
2026-10-03T15:47:32.758566+00:00,2026-10-03,2026-10-04,SPREAD,KXNFLSPREAD-26OCT04LARPHI,KXNFLSPREAD-26OCT04LARPHI-LAR2,1.5,active,0.6267,0.4168
2026-10-03T15:47:32.758566+00:00,2026-10-03,2026-10-04,SPREAD,KXNFLSPREAD-26OCT04LARPHI,KXNFLSPREAD-26OCT04LARPHI-LAR18,17.5,active,0.1589,0.8684
2026-10-03T15:47:32.758566+00:00,2026-10-03,2026-10-04,SPREAD,KXNFLSPREAD-26OCT04LARPHI,KXNFLSPREAD-26OCT04LARPHI-LAR17,16.5,active,0.1799,0.8494
2026-10-03T15:47:32.758566+00:00,2026-10-03,2026-10-04,SPREAD,KXNFLSPREAD-26OCT04LARPHI,KXNFLSPREAD-26OCT04LARPHI-LAR15,14.5,active,0.2008,0.8303
2026-10-03T15:47:32.758566+00:00,2026-10-03,2026-10-04,SPREAD,KXNFLSPREAD-26OCT04LARPHI,KXNFLSPREAD-26OCT04LARPHI-LAR14,13.5,active,0.2424,0.7920
2026-10-03T15:47:32.758566+00:00,2026-10-03,2026-10-04,SPREAD,KXNFLSPREAD-26OCT04LARPHI,KXNFLSPREAD-26OCT04LARPHI-LAR11,10.5,active,0.2941,0.7438
2026-10-03T15:47:32.758566+00:00,2026-10-03,2026-10-04,SPREAD,KXNFLSPREAD-26OCT04LARPHI,KXNFLSPREAD-26OCT04LARPHI-LAR10,9.5,active,0.3250,0.7147
2026-10-03T15:47:32.758566+00:00,2026-10-03,2026-10-04,SPREAD,KXNFLSPREAD-26OCT04GBTB,KXNFLSPREAD-26OCT04GBTB-TB8,7.5,active,0.1799,0.8494
2026-10-03T15:47:32.758566+00:00,2026-10-03,2026-10-04,SPREAD,KXNFLSPREAD-26OCT04GBTB,KXNFLSPREAD-26OCT04GBTB-TB7,6.5,active,0.2216,0.8112
2026-10-03T15:47:32.758566+00:00,2026-10-03,2026-10-04,SPREAD,KXNFLSPREAD-26OCT04GBTB,KXNFLSPREAD-26OCT04GBTB-TB6,5.5,active,0.2528,0.7824
2026-10-03T15:47:32.758566+00:00,2026-10-03,2026-10-04,SPREAD,KXNFLSPREAD-26OCT04GBTB,KXNFLSPREAD-26OCT04GBTB-TB5,4.5,active,0.2735,0.7631
2026-10-03T15:47:32.758566+00:00,2026-10-03,2026-10-04,SPREAD,KXNFLSPREAD-26OCT04GBTB,KXNFLSPREAD-26OCT04GBTB-TB4,3.5,active,0.2941,0.7438
2026-10-03T15:47:32.758566+00:00,2026-10-03,2026-10-04,SPREAD,KXNFLSPREAD-26OCT04GBTB,KXNFLSPREAD-26OCT04GBTB-TB3,2.5,active,0.3659,0.6952
2026-10-03T15:47:32.758566+00:00,2026-10-03,2026-10-04,SPREAD,KXNFLSPREAD-26OCT04GBTB,KXNFLSPREAD-26OCT04GBTB-TB2,1.5,active,0.3761,0.6659
2026-10-03T15:47:32.758566+00:00,2026-10-03,2026-10-04,SPREAD,KXNFLSPREAD-26OCT04GBTB,KXNFLSPREAD-26OCT04GBTB-TB17,16.5,active,0.0639,0.9533
2026-10-03T15:47:32.758566+00:00,2026-10-03,2026-10-04,SPREAD,KXNFLSPREAD-26OCT04GBTB,KXNFLSPREAD-26OCT04GBTB-TB15,14.5,active,0.0852,0.9346
2026-10-03T15:47:32.758566+00:00,2026-10-03,2026-10-04,SPREAD,KXNFLSPREAD-26OCT04GBTB,KXNFLSPREAD-26OCT04GBTB-TB14,13.5,active,0.1063,0.9157
2026-10-03T15:47:32.758566+00:00,2026-10-03,2026-10-04,SPREAD,KXNFLSPREAD-26OCT04GBTB,KXNFLSPREAD-26OCT04GBTB-TB11,10.5,active,0.1379,0.8874
2026-10-03T15:47:32.758566+00:00,2026-10-03,2026-10-04,SPREAD,KXNFLSPREAD-26OCT04GBTB,KXNFLSPREAD-26OCT04GBTB-TB10,9.5,active,0.1589,0.8684
2026-10-03T15:47:32.758566+00:00,2026-10-03,2026-10-04,SPREAD,KXNFLSPREAD-26OCT04GBTB,KXNFLSPREAD-26OCT04GBTB-GB8,7.5,active,0.3455,0.6952
2026-10-03T15:47:32.758566+00:00,2026-10-03,2026-10-04,SPREAD,KXNFLSPREAD-26OCT04GBTB,KXNFLSPREAD-26OCT04GBTB-GB7,6.5,active,0.4067,0.6365
2026-10-03T15:47:32.758566+00:00,2026-10-03,2026-10-04,SPREAD,KXNFLSPREAD-26OCT04GBTB,KXNFLSPREAD-26OCT04GBTB-GB6,5.5,active,0.4472,0.5971
2026-10-03T15:47:32.758566+00:00,2026-10-03,2026-10-04,SPREAD,KXNFLSPREAD-26OCT04GBTB,KXNFLSPREAD-26OCT04GBTB-GB5,4.5,active,0.4572,0.5872
2026-10-03T15:47:32.758566+00:00,2026-10-03,2026-10-04,SPREAD,KXNFLSPREAD-26OCT04GBTB,KXNFLSPREAD-26OCT04GBTB-GB4,3.5,active,0.4975,0.5474
2026-10-03T15:47:32.758566+00:00,2026-10-03,2026-10-04,SPREAD,KXNFLSPREAD-26OCT04GBTB,KXNFLSPREAD-26OCT04GBTB-GB3,2.5,active,0.5772,0.4673
2026-10-03T15:47:32.758566+00:00,2026-10-03,2026-10-04,SPREAD,KXNFLSPREAD-26OCT04GBTB,KXNFLSPREAD-26OCT04GBTB-GB2,1.5,active,0.6069,0.4472
2026-10-03T15:47:32.758566+00:00,2026-10-03,2026-10-04,SPREAD,KXNFLSPREAD-26OCT04GBTB,KXNFLSPREAD-26OCT04GBTB-GB17,16.5,active,0.1589,0.8684
2026-10-03T15:47:32.758566+00:00,2026-10-03,2026-10-04,SPREAD,KXNFLSPREAD-26OCT04GBTB,KXNFLSPREAD-26OCT04GBTB-GB15,14.5,active,0.1903,0.8494
2026-10-03T15:47:32.758566+00:00,2026-10-03,2026-10-04,SPREAD,KXNFLSPREAD-26OCT04GBTB,KXNFLSPREAD-26OCT04GBTB-GB14,13.5,active,0.2112,0.8208
2026-10-03T15:47:32.758566+00:00,2026-10-03,2026-10-04,SPREAD,KXNFLSPREAD-26OCT04GBTB,KXNFLSPREAD-26OCT04GBTB-GB11,10.5,active,0.2735,0.7631
2026-10-03T15:47:32.758566+00:00,2026-10-03,2026-10-04,SPREAD,KXNFLSPREAD-26OCT04GBTB,KXNFLSPREAD-26OCT04GBTB-GB10,9.5,active,0.3044,0.7341
2026-10-03T15:47:32.758566+00:00,2026-10-03,2026-10-04,SPREAD,KXNFLSPREAD-26OCT04JACCIN,KXNFLSPREAD-26OCT04JACCIN-JAC8,7.5,active,0.2008,0.8303
2026-10-03T15:47:32.758566+00:00,2026-10-03,2026-10-04,SPREAD,KXNFLSPREAD-26OCT04JACCIN,KXNFLSPREAD-26OCT04JACCIN-JAC7,6.5,active,0.2424,0.7920
2026-10-03T15:47:32.758566+00:00,2026-10-03,2026-10-04,SPREAD,KXNFLSPREAD-26OCT04JACCIN,KXNFLSPREAD-26OCT04JACCIN-JAC6,5.5,active,0.2735,0.7631
2026-10-03T15:47:32.758566+00:00,2026-10-03,2026-10-04,SPREAD,KXNFLSPREAD-26OCT04JACCIN,KXNFLSPREAD-26OCT04JACCIN-JAC5,4.5,active,0.2941,0.7438
2026-10-03T15:47:32.758566+00:00,2026-10-03,2026-10-04,SPREAD,KXNFLSPREAD-26OCT04JACCIN,KXNFLSPREAD-26OCT04JACCIN-JAC4,3.5,active,0.3147,0.7244
2026-10-03T15:47:32.758566+00:00,2026-10-03,2026-10-04,SPREAD,KXNFLSPREAD-26OCT04JACCIN,KXNFLSPREAD-26OCT04JACCIN-JAC3,2.5,active,0.3965,0.6463
2026-10-03T15:47:32.758566+00:00,2026-10-03,2026-10-04,SPREAD,KXNFLSPREAD-26OCT04JACCIN,KXNFLSPREAD-26OCT04JACCIN-JAC2,1.5,active,0.4067,0.6365
2026-10-03T15:47:32.758566+00:00,2026-10-03,2026-10-04,SPREAD,KXNFLSPREAD-26OCT04JACCIN,KXNFLSPREAD-26OCT04JACCIN-JAC15,14.5,active,0.1063,0.9252
2026-10-03T15:47:32.758566+00:00,2026-10-03,2026-10-04,SPREAD,KXNFLSPREAD-26OCT04JACCIN,KXNFLSPREAD-26OCT04JACCIN-JAC14,13.5,active,0.1169,0.9063
2026-10-03T15:47:32.758566+00:00,2026-10-03,2026-10-04,SPREAD,KXNFLSPREAD-26OCT04JACCIN,KXNFLSPREAD-26OCT04JACCIN-JAC11,10.5,active,0.1484,0.8779
2026-10-03T15:47:32.758566+00:00,2026-10-03,2026-10-04,SPREAD,KXNFLSPREAD-26OCT04JACCIN,KXNFLSPREAD-26OCT04JACCIN-JAC10,9.5,active,0.1799,0.8494
2026-10-03T15:47:32.758566+00:00,2026-10-03,2026-10-04,SPREAD,KXNFLSPREAD-26OCT04JACCIN,KXNFLSPREAD-26OCT04JACCIN-CIN8,7.5,active,0.3147,0.7244
2026-10-03T15:47:32.758566+00:00,2026-10-03,2026-10-04,SPREAD,KXNFLSPREAD-26OCT04JACCIN,KXNFLSPREAD-26OCT04JACCIN-CIN7,6.5,active,0.3761,0.6659
2026-10-03T15:47:32.758566+00:00,2026-10-03,2026-10-04,SPREAD,KXNFLSPREAD-26OCT04JACCIN,KXNFLSPREAD-26OCT04JACCIN-CIN6,5.5,active,0.4168,0.6267
2026-10-03T15:47:32.758566+00:00,2026-10-03,2026-10-04,SPREAD,KXNFLSPREAD-26OCT04JACCIN,KXNFLSPREAD-26OCT04JACCIN-CIN5,4.5,active,0.4269,0.6168
2026-10-03T15:47:32.758566+00:00,2026-10-03,2026-10-04,SPREAD,KXNFLSPREAD-26OCT04JACCIN,KXNFLSPREAD-26OCT04JACCIN-CIN4,3.5,active,0.4572,0.5872
2026-10-03T15:47:32.758566+00:00,2026-10-03,2026-10-04,SPREAD,KXNFLSPREAD-26OCT04JACCIN,KXNFLSPREAD-26OCT04JACCIN-CIN3,2.5,active,0.5375,0.5075
2026-10-03T15:47:32.758566+00:00,2026-10-03,2026-10-04,SPREAD,KXNFLSPREAD-26OCT04JACCIN,KXNFLSPREAD-26OCT04JACCIN-CIN21,20.5,active,0.0957,0.9252
2026-10-03T15:47:32.758566+00:00,2026-10-03,2026-10-04,SPREAD,KXNFLSPREAD-26OCT04JACCIN,KXNFLSPREAD-26OCT04JACCIN-CIN2,1.5,active,0.5772,0.4673
2026-10-03T15:47:32.758566+00:00,2026-10-03,2026-10-04,SPREAD,KXNFLSPREAD-26OCT04JACCIN,KXNFLSPREAD-26OCT04JACCIN-CIN18,17.5,active,0.1379,0.8874
2026-10-03T15:47:32.758566+00:00,2026-10-03,2026-10-04,SPREAD,KXNFLSPREAD-26OCT04JACCIN,KXNFLSPREAD-26OCT04JACCIN-CIN17,16.5,active,0.1589,0.8779
2026-10-03T15:47:32.758566+00:00,2026-10-03,2026-10-04,SPREAD,KXNFLSPREAD-26OCT04JACCIN,KXNFLSPREAD-26OCT04JACCIN-CIN15,14.5,active,0.1799,0.8589
2026-10-03T15:47:32.758566+00:00,2026-10-03,2026-10-04,SPREAD,KXNFLSPREAD-26OCT04JACCIN,KXNFLSPREAD-26OCT04JACCIN-CIN14,13.5,active,0.2008,0.8303
2026-10-03T15:47:32.758566+00:00,2026-10-03,2026-10-04,SPREAD,KXNFLSPREAD-26OCT04JACCIN,KXNFLSPREAD-26OCT04JACCIN-CIN11,10.5,active,0.2424,0.7920
2026-10-03T15:47:32.758566+00:00,2026-10-03,2026-10-04,SPREAD,KXNFLSPREAD-26OCT04JACCIN,KXNFLSPREAD-26OCT04JACCIN-CIN10,9.5,active,0.2838,0.7535
2026-10-03T15:47:32.758566+00:00,2026-10-03,2026-10-04,SPREAD,KXNFLSPREAD-26OCT04NEBUF,KXNFLSPREAD-26OCT04NEBUF-NE8,7.5,active,0.1063,0.9157
2026-10-03T15:47:32.758566+00:00,2026-10-03,2026-10-04,SPREAD,KXNFLSPREAD-26OCT04NEBUF,KXNFLSPREAD-26OCT04NEBUF-NE7,6.5,active,0.1274,0.8969
2026-10-03T15:47:32.758566+00:00,2026-10-03,2026-10-04,SPREAD,KXNFLSPREAD-26OCT04NEBUF,KXNFLSPREAD-26OCT04NEBUF-NE6,5.5,active,0.1589,0.8684
2026-10-03T15:47:32.758566+00:00,2026-10-03,2026-10-04,SPREAD,KXNFLSPREAD-26OCT04NEBUF,KXNFLSPREAD-26OCT04NEBUF-NE5,4.5,active,0.1694,0.8589
2026-10-03T15:47:32.758566+00:00,2026-10-03,2026-10-04,SPREAD,KXNFLSPREAD-26OCT04NEBUF,KXNFLSPREAD-26OCT04NEBUF-NE4,3.5,active,0.1903,0.8399
2026-10-03T15:47:32.758566+00:00,2026-10-03,2026-10-04,SPREAD,KXNFLSPREAD-26OCT04NEBUF,KXNFLSPREAD-26OCT04NEBUF-NE3,2.5,active,0.2320,0.8016
2026-10-03T15:47:32.758566+00:00,2026-10-03,2026-10-04,SPREAD,KXNFLSPREAD-26OCT04NEBUF,KXNFLSPREAD-26OCT04NEBUF-NE2,1.5,active,0.2528,0.7824
2026-10-03T15:47:32.758566+00:00,2026-10-03,2026-10-04,SPREAD,KXNFLSPREAD-26OCT04NEBUF,KXNFLSPREAD-26OCT04NEBUF-NE15,14.5,active,0.0427,0.9720
2026-10-03T15:47:32.758566+00:00,2026-10-03,2026-10-04,SPREAD,KXNFLSPREAD-26OCT04NEBUF,KXNFLSPREAD-26OCT04NEBUF-NE14,13.5,active,0.0639,0.9627
2026-10-03T15:47:32.758566+00:00,2026-10-03,2026-10-04,SPREAD,KXNFLSPREAD-26OCT04NEBUF,KXNFLSPREAD-26OCT04NEBUF-NE11,10.5,active,0.0746,0.9439
2026-10-03T15:47:32.758566+00:00,2026-10-03,2026-10-04,SPREAD,KXNFLSPREAD-26OCT04NEBUF,KXNFLSPREAD-26OCT04NEBUF-NE10,9.5,active,0.0852,0.9346
2026-10-03T15:47:32.758566+00:00,2026-10-03,2026-10-04,SPREAD,KXNFLSPREAD-26OCT04NEBUF,KXNFLSPREAD-26OCT04NEBUF-BUF8,7.5,active,0.4673,0.5772
2026-10-03T15:47:32.758566+00:00,2026-10-03,2026-10-04,SPREAD,KXNFLSPREAD-26OCT04NEBUF,KXNFLSPREAD-26OCT04NEBUF-BUF7,6.5,active,0.5474,0.4975
2026-10-03T15:47:32.758566+00:00,2026-10-03,2026-10-04,SPREAD,KXNFLSPREAD-26OCT04NEBUF,KXNFLSPREAD-26OCT04NEBUF-BUF6,5.5,active,0.5872,0.4572
2026-10-03T15:47:32.758566+00:00,2026-10-03,2026-10-04,SPREAD,KXNFLSPREAD-26OCT04NEBUF,KXNFLSPREAD-26OCT04NEBUF-BUF5,4.5,active,0.6069,0.4371
2026-10-03T15:47:32.758566+00:00,2026-10-03,2026-10-04,SPREAD,KXNFLSPREAD-26OCT04NEBUF,KXNFLSPREAD-26OCT04NEBUF-BUF4,3.5,active,0.6365,0.4067
2026-10-03T15:47:32.758566+00:00,2026-10-03,2026-10-04,SPREAD,KXNFLSPREAD-26OCT04NEBUF,KXNFLSPREAD-26OCT04NEBUF-BUF3,2.5,active,0.7147,0.3250
2026-10-03T15:47:32.758566+00:00,2026-10-03,2026-10-04,SPREAD,KXNFLSPREAD-26OCT04NEBUF,KXNFLSPREAD-26OCT04NEBUF-BUF28,27.5,active,0.0746,0.9439
2026-10-03T15:47:32.758566+00:00,2026-10-03,2026-10-04,SPREAD,KXNFLSPREAD-26OCT04NEBUF,KXNFLSPREAD-26OCT04NEBUF-BUF24,23.5,active,0.1274,0.8969
2026-10-03T15:47:32.758566+00:00,2026-10-03,2026-10-04,SPREAD,KXNFLSPREAD-26OCT04NEBUF,KXNFLSPREAD-26OCT04NEBUF-BUF21,20.5,active,0.1799,0.8494
2026-10-03T15:47:32.758566+00:00,2026-10-03,2026-10-04,SPREAD,KXNFLSPREAD-26OCT04NEBUF,KXNFLSPREAD-26OCT04NEBUF-BUF2,1.5,active,0.7438,0.3044
2026-10-03T15:47:32.758566+00:00,2026-10-03,2026-10-04,SPREAD,KXNFLSPREAD-26OCT04NEBUF,KXNFLSPREAD-26OCT04NEBUF-BUF18,17.5,active,0.2216,0.8112
2026-10-03T15:47:32.758566+00:00,2026-10-03,2026-10-04,SPREAD,KXNFLSPREAD-26OCT04NEBUF,KXNFLSPREAD-26OCT04NEBUF-BUF17,16.5,active,0.2528,0.7824
2026-10-03T15:47:32.758566+00:00,2026-10-03,2026-10-04,SPREAD,KXNFLSPREAD-26OCT04NEBUF,KXNFLSPREAD-26OCT04NEBUF-BUF15,14.5,active,0.2735,0.7631
2026-10-03T15:47:32.758566+00:00,2026-10-03,2026-10-04,SPREAD,KXNFLSPREAD-26OCT04NEBUF,KXNFLSPREAD-26OCT04NEBUF-BUF14,13.5,active,0.3250,0.7147
2026-10-03T15:47:32.758566+00:00,2026-10-03,2026-10-04,SPREAD,KXNFLSPREAD-26OCT04NEBUF,KXNFLSPREAD-26OCT04NEBUF-BUF11,10.5,active,0.3863,0.6561
2026-10-03T15:47:32.758566+00:00,2026-10-03,2026-10-04,SPREAD,KXNFLSPREAD-26OCT04NEBUF,KXNFLSPREAD-26OCT04NEBUF-BUF10,9.5,active,0.4269,0.6168
2026-10-03T15:47:32.758566+00:00,2026-10-03,2026-10-04,SPREAD,KXNFLSPREAD-26OCT04NYJCHI,KXNFLSPREAD-26OCT04NYJCHI-NYJ8,7.5,active,0.1694,0.8589
2026-10-03T15:47:32.758566+00:00,2026-10-03,2026-10-04,SPREAD,KXNFLSPREAD-26OCT04NYJCHI,KXNFLSPREAD-26OCT04NYJCHI-NYJ7,6.5,active,0.2008,0.8303
2026-10-03T15:47:32.758566+00:00,2026-10-03,2026-10-04,SPREAD,KXNFLSPREAD-26OCT04NYJCHI,KXNFLSPREAD-26OCT04NYJCHI-NYJ6,5.5,active,0.2320,0.8016
2026-10-03T15:47:32.758566+00:00,2026-10-03,2026-10-04,SPREAD,KXNFLSPREAD-26OCT04NYJCHI,KXNFLSPREAD-26OCT04NYJCHI-NYJ5,4.5,active,0.2424,0.7920
2026-10-03T15:47:32.758566+00:00,2026-10-03,2026-10-04,SPREAD,KXNFLSPREAD-26OCT04NYJCHI,KXNFLSPREAD-26OCT04NYJCHI-NYJ4,3.5,active,0.2735,0.7631
2026-10-03T15:47:32.758566+00:00,2026-10-03,2026-10-04,SPREAD,KXNFLSPREAD-26OCT04NYJCHI,KXNFLSPREAD-26OCT04NYJCHI-NYJ3,2.5,active,0.3352,0.7050
2026-10-03T15:47:32.758566+00:00,2026-10-03,2026-10-04,SPREAD,KXNFLSPREAD-26OCT04NYJCHI,KXNFLSPREAD-26OCT04NYJCHI-NYJ2,1.5,active,0.3659,0.6757
2026-10-03T15:47:32.758566+00:00,2026-10-03,2026-10-04,SPREAD,KXNFLSPREAD-26OCT04NYJCHI,KXNFLSPREAD-26OCT04NYJCHI-NYJ15,14.5,active,0.0746,0.9439
2026-10-03T15:47:32.758566+00:00,2026-10-03,2026-10-04,SPREAD,KXNFLSPREAD-26OCT04NYJCHI,KXNFLSPREAD-26OCT04NYJCHI-NYJ14,13.5,active,0.0957,0.9252
2026-10-03T15:47:32.758566+00:00,2026-10-03,2026-10-04,SPREAD,KXNFLSPREAD-26OCT04NYJCHI,KXNFLSPREAD-26OCT04NYJCHI-NYJ11,10.5,active,0.1169,0.9063
2026-10-03T15:47:32.758566+00:00,2026-10-03,2026-10-04,SPREAD,KXNFLSPREAD-26OCT04NYJCHI,KXNFLSPREAD-26OCT04NYJCHI-NYJ10,9.5,active,0.1379,0.8874
2026-10-03T15:47:32.758566+00:00,2026-10-03,2026-10-04,SPREAD,KXNFLSPREAD-26OCT04NYJCHI,KXNFLSPREAD-26OCT04NYJCHI-CHI8,7.5,active,0.3557,0.6855
2026-10-03T15:47:32.758566+00:00,2026-10-03,2026-10-04,SPREAD,KXNFLSPREAD-26OCT04NYJCHI,KXNFLSPREAD-26OCT04NYJCHI-CHI7,6.5,active,0.4269,0.6168
2026-10-03T15:47:32.758566+00:00,2026-10-03,2026-10-04,SPREAD,KXNFLSPREAD-26OCT04NYJCHI,KXNFLSPREAD-26OCT04NYJCHI-CHI6,5.5,active,0.4572,0.5872
2026-10-03T15:47:32.758566+00:00,2026-10-03,2026-10-04,SPREAD,KXNFLSPREAD-26OCT04NYJCHI,KXNFLSPREAD-26OCT04NYJCHI-CHI5,4.5,active,0.4874,0.5574
2026-10-03T15:47:32.758566+00:00,2026-10-03,2026-10-04,SPREAD,KXNFLSPREAD-26OCT04NYJCHI,KXNFLSPREAD-26OCT04NYJCHI-CHI4,3.5,active,0.5175,0.5275
2026-10-03T15:47:32.758566+00:00,2026-10-03,2026-10-04,SPREAD,KXNFLSPREAD-26OCT04NYJCHI,KXNFLSPREAD-26OCT04NYJCHI-CHI3,2.5,active,0.6069,0.4371
2026-10-03T15:47:32.758566+00:00,2026-10-03,2026-10-04,SPREAD,KXNFLSPREAD-26OCT04NYJCHI,KXNFLSPREAD-26OCT04NYJCHI-CHI21,20.5,active,0.1169,0.9063
2026-10-03T15:47:32.758566+00:00,2026-10-03,2026-10-04,SPREAD,KXNFLSPREAD-26OCT04NYJCHI,KXNFLSPREAD-26OCT04NYJCHI-CHI2,1.5,active,0.6267,0.4168
2026-10-03T15:47:32.758566+00:00,2026-10-03,2026-10-04,SPREAD,KXNFLSPREAD-26OCT04NYJCHI,KXNFLSPREAD-26OCT04NYJCHI-CHI18,17.5,active,0.1484,0.8779
2026-10-03T15:47:32.758566+00:00,2026-10-03,2026-10-04,SPREAD,KXNFLSPREAD-26OCT04NYJCHI,KXNFLSPREAD-26OCT04NYJCHI-CHI17,16.5,active,0.1694,0.8589
2026-10-03T15:47:32.758566+00:00,2026-10-03,2026-10-04,SPREAD,KXNFLSPREAD-26OCT04NYJCHI,KXNFLSPREAD-26OCT04NYJCHI-CHI15,14.5,active,0.2008,0.8303
2026-10-03T15:47:32.758566+00:00,2026-10-03,2026-10-04,SPREAD,KXNFLSPREAD-26OCT04NYJCHI,KXNFLSPREAD-26OCT04NYJCHI-CHI14,13.5,active,0.2424,0.7920
2026-10-03T15:47:32.758566+00:00,2026-10-03,2026-10-04,SPREAD,KXNFLSPREAD-26OCT04NYJCHI,KXNFLSPREAD-26OCT04NYJCHI-CHI11,10.5,active,0.2941,0.7438
2026-10-03T15:47:32.758566+00:00,2026-10-03,2026-10-04,SPREAD,KXNFLSPREAD-26OCT04NYJCHI,KXNFLSPREAD-26OCT04NYJCHI-CHI10,9.5,active,0.3147,0.7244
2026-10-03T15:47:32.758566+00:00,2026-10-03,2026-10-04,SPREAD,KXNFLSPREAD-26OCT04INDWAS,KXNFLSPREAD-26OCT04INDWAS-WAS8,7.5,active,0.1484,0.8779
2026-10-03T15:47:32.758566+00:00,2026-10-03,2026-10-04,SPREAD,KXNFLSPREAD-26OCT04INDWAS,KXNFLSPREAD-26OCT04INDWAS-WAS7,6.5,active,0.1903,0.8399
2026-10-03T15:47:32.758566+00:00,2026-10-03,2026-10-04,SPREAD,KXNFLSPREAD-26OCT04INDWAS,KXNFLSPREAD-26OCT04INDWAS-WAS6,5.5,active,0.2112,0.8208
2026-10-03T15:47:32.758566+00:00,2026-10-03,2026-10-04,SPREAD,KXNFLSPREAD-26OCT04INDWAS,KXNFLSPREAD-26OCT04INDWAS-WAS5,4.5,active,0.2320,0.8016
2026-10-03T15:47:32.758566+00:00,2026-10-03,2026-10-04,SPREAD,KXNFLSPREAD-26OCT04INDWAS,KXNFLSPREAD-26OCT04INDWAS-WAS4,3.5,active,0.2528,0.7824
2026-10-03T15:47:32.758566+00:00,2026-10-03,2026-10-04,SPREAD,KXNFLSPREAD-26OCT04INDWAS,KXNFLSPREAD-26OCT04INDWAS-WAS3,2.5,active,0.3250,0.7147
2026-10-03T15:47:32.758566+00:00,2026-10-03,2026-10-04,SPREAD,KXNFLSPREAD-26OCT04INDWAS,KXNFLSPREAD-26OCT04INDWAS-WAS2,1.5,active,0.3352,0.7050
2026-10-03T15:47:32.758566+00:00,2026-10-03,2026-10-04,SPREAD,KXNFLSPREAD-26OCT04INDWAS,KXNFLSPREAD-26OCT04INDWAS-WAS15,14.5,active,0.0746,0.9439
2026-10-03T15:47:32.758566+00:00,2026-10-03,2026-10-04,SPREAD,KXNFLSPREAD-26OCT04INDWAS,KXNFLSPREAD-26OCT04INDWAS-WAS14,13.5,active,0.0957,0.9252
2026-10-03T15:47:32.758566+00:00,2026-10-03,2026-10-04,SPREAD,KXNFLSPREAD-26OCT04INDWAS,KXNFLSPREAD-26OCT04INDWAS-WAS11,10.5,active,0.1169,0.9063
2026-10-03T15:47:32.758566+00:00,2026-10-03,2026-10-04,SPREAD,KXNFLSPREAD-26OCT04INDWAS,KXNFLSPREAD-26OCT04INDWAS-WAS10,9.5,active,0.1379,0.8874
2026-10-03T15:47:32.758566+00:00,2026-10-03,2026-10-04,SPREAD,KXNFLSPREAD-26OCT04INDWAS,KXNFLSPREAD-26OCT04INDWAS-IND8,7.5,active,0.3863,0.6561
2026-10-03T15:47:32.758566+00:00,2026-10-03,2026-10-04,SPREAD,KXNFLSPREAD-26OCT04INDWAS,KXNFLSPREAD-26OCT04INDWAS-IND7,6.5,active,0.4472,0.5971
2026-10-03T15:47:32.758566+00:00,2026-10-03,2026-10-04,SPREAD,KXNFLSPREAD-26OCT04INDWAS,KXNFLSPREAD-26OCT04INDWAS-IND6,5.5,active,0.4774,0.5673
2026-10-03T15:47:32.758566+00:00,2026-10-03,2026-10-04,SPREAD,KXNFLSPREAD-26OCT04INDWAS,KXNFLSPREAD-26OCT04INDWAS-IND5,4.5,active,0.5175,0.5275
2026-10-03T15:47:32.758566+00:00,2026-10-03,2026-10-04,SPREAD,KXNFLSPREAD-26OCT04INDWAS,KXNFLSPREAD-26OCT04INDWAS-IND4,3.5,active,0.5474,0.4975
2026-10-03T15:47:32.758566+00:00,2026-10-03,2026-10-04,SPREAD,KXNFLSPREAD-26OCT04INDWAS,KXNFLSPREAD-26OCT04INDWAS-IND3,2.5,active,0.6365,0.4067
2026-10-03T15:47:32.758566+00:00,2026-10-03,2026-10-04,SPREAD,KXNFLSPREAD-26OCT04INDWAS,KXNFLSPREAD-26OCT04INDWAS-IND21,20.5,active,0.1274,0.8969
2026-10-03T15:47:32.758566+00:00,2026-10-03,2026-10-04,SPREAD,KXNFLSPREAD-26OCT04INDWAS,KXNFLSPREAD-26OCT04INDWAS-IND2,1.5,active,0.6463,0.3965
2026-10-03T15:47:32.758566+00:00,2026-10-03,2026-10-04,SPREAD,KXNFLSPREAD-26OCT04INDWAS,KXNFLSPREAD-26OCT04INDWAS-IND18,17.5,active,0.1694,0.8589
2026-10-03T15:47:32.758566+00:00,2026-10-03,2026-10-04,SPREAD,KXNFLSPREAD-26OCT04INDWAS,KXNFLSPREAD-26OCT04INDWAS-IND17,16.5,active,0.2008,0.8303
2026-10-03T15:47:32.758566+00:00,2026-10-03,2026-10-04,SPREAD,KXNFLSPREAD-26OCT04INDWAS,KXNFLSPREAD-26OCT04INDWAS-IND15,14.5,active,0.2216,0.8112
2026-10-03T15:47:32.758566+00:00,2026-10-03,2026-10-04,SPREAD,KXNFLSPREAD-26OCT04INDWAS,KXNFLSPREAD-26OCT04INDWAS-IND14,13.5,active,0.2631,0.7728
2026-10-03T15:47:32.758566+00:00,2026-10-03,2026-10-04,SPREAD,KXNFLSPREAD-26OCT04INDWAS,KXNFLSPREAD-26OCT04INDWAS-IND11,10.5,active,0.3044,0.7341
2026-10-03T15:47:32.758566+00:00,2026-10-03,2026-10-04,SPREAD,KXNFLSPREAD-26OCT04INDWAS,KXNFLSPREAD-26OCT04INDWAS-IND10,9.5,active,0.3455,0.6952
2026-10-03T15:47:32.758566+00:00,2026-10-03,2026-10-04,1H SPREAD,KXNFL1HSPREAD-26OCT04DETCAR,KXNFL1HSPREAD-26OCT04DETCAR-DET8,7.5,active,0.3250,0.7244
2026-10-03T15:47:32.758566+00:00,2026-10-03,2026-10-04,1H SPREAD,KXNFL1HSPREAD-26OCT04DETCAR,KXNFL1HSPREAD-26OCT04DETCAR-DET7,6.5,active,0.3965,0.6659
2026-10-03T15:47:32.758566+00:00,2026-10-03,2026-10-04,1H SPREAD,KXNFL1HSPREAD-26OCT04DETCAR,KXNFL1HSPREAD-26OCT04DETCAR-DET5,4.5,active,0.4269,0.6168
2026-10-03T15:47:32.758566+00:00,2026-10-03,2026-10-04,1H SPREAD,KXNFL1HSPREAD-26OCT04DETCAR,KXNFL1HSPREAD-26OCT04DETCAR-DET4,3.5,active,0.4874,0.5574
2026-10-03T15:47:32.758566+00:00,2026-10-03,2026-10-04,1H SPREAD,KXNFL1HSPREAD-26OCT04DETCAR,KXNFL1HSPREAD-26OCT04DETCAR-DET3,2.5,active,0.5474,0.4975
2026-10-03T15:47:32.758566+00:00,2026-10-03,2026-10-04,1H SPREAD,KXNFL1HSPREAD-26OCT04DETCAR,KXNFL1HSPREAD-26OCT04DETCAR-DET14,13.5,active,0.1484,0.8779
2026-10-03T15:47:32.758566+00:00,2026-10-03,2026-10-04,1H SPREAD,KXNFL1HSPREAD-26OCT04DETCAR,KXNFL1HSPREAD-26OCT04DETCAR-DET11,10.5,active,0.2424,0.8112
2026-10-03T15:47:32.758566+00:00,2026-10-03,2026-10-04,1H SPREAD,KXNFL1HSPREAD-26OCT04DETCAR,KXNFL1HSPREAD-26OCT04DETCAR-DET10,9.5,active,0.2941,0.7631
2026-10-03T15:47:32.758566+00:00,2026-10-03,2026-10-04,1H SPREAD,KXNFL1HSPREAD-26OCT04DETCAR,KXNFL1HSPREAD-26OCT04DETCAR-CAR8,7.5,active,0.1484,0.8779
2026-10-03T15:47:32.758566+00:00,2026-10-03,2026-10-04,1H SPREAD,KXNFL1HSPREAD-26OCT04DETCAR,KXNFL1HSPREAD-26OCT04DETCAR-CAR7,6.5,active,0.2008,0.8303
2026-10-03T15:47:32.758566+00:00,2026-10-03,2026-10-04,1H SPREAD,KXNFL1HSPREAD-26OCT04DETCAR,KXNFL1HSPREAD-26OCT04DETCAR-CAR5,4.5,active,0.2320,0.8016
2026-10-03T15:47:32.758566+00:00,2026-10-03,2026-10-04,1H SPREAD,KXNFL1HSPREAD-26OCT04DETCAR,KXNFL1HSPREAD-26OCT04DETCAR-CAR4,3.5,active,0.2735,0.7631
2026-10-03T15:47:32.758566+00:00,2026-10-03,2026-10-04,1H SPREAD,KXNFL1HSPREAD-26OCT04DETCAR,KXNFL1HSPREAD-26OCT04DETCAR-CAR3,2.5,active,0.3352,0.7050
2026-10-03T15:47:32.758566+00:00,2026-10-03,2026-10-04,1H SPREAD,KXNFL1HSPREAD-26OCT04DETCAR,KXNFL1HSPREAD-26OCT04DETCAR-CAR11,10.5,active,0.0957,0.9252
2026-10-03T15:47:32.758566+00:00,2026-10-03,2026-10-04,1H SPREAD,KXNFL1HSPREAD-26OCT04DETCAR,KXNFL1HSPREAD-26OCT04DETCAR-CAR10,9.5,active,0.1379,0.8874
2026-10-03T15:47:32.758566+00:00,2026-10-03,2026-10-04,1H SPREAD,KXNFL1HSPREAD-26OCT04LACSEA,KXNFL1HSPREAD-26OCT04LACSEA-SEA8,7.5,active,0.3761,0.6757
2026-10-03T15:47:32.758566+00:00,2026-10-03,2026-10-04,1H SPREAD,KXNFL1HSPREAD-26OCT04LACSEA,KXNFL1HSPREAD-26OCT04LACSEA-SEA7,6.5,active,0.4472,0.5971
2026-10-03T15:47:32.758566+00:00,2026-10-03,2026-10-04,1H SPREAD,KXNFL1HSPREAD-26OCT04LACSEA,KXNFL1HSPREAD-26OCT04LACSEA-SEA5,4.5,active,0.5075,0.5574
2026-10-03T15:47:32.758566+00:00,2026-10-03,2026-10-04,1H SPREAD,KXNFL1HSPREAD-26OCT04LACSEA,KXNFL1HSPREAD-26OCT04LACSEA-SEA4,3.5,active,0.5574,0.4975
2026-10-03T15:47:32.758566+00:00,2026-10-03,2026-10-04,1H SPREAD,KXNFL1HSPREAD-26OCT04LACSEA,KXNFL1HSPREAD-26OCT04LACSEA-SEA3,2.5,active,0.6267,0.4168
2026-10-03T15:47:32.758566+00:00,2026-10-03,2026-10-04,1H SPREAD,KXNFL1HSPREAD-26OCT04LACSEA,KXNFL1HSPREAD-26OCT04LACSEA-SEA14,13.5,active,0.1903,0.8399
2026-10-03T15:47:32.758566+00:00,2026-10-03,2026-10-04,1H SPREAD,KXNFL1HSPREAD-26OCT04LACSEA,KXNFL1HSPREAD-26OCT04LACSEA-SEA11,10.5,active,0.2735,0.7631
2026-10-03T15:47:32.758566+00:00,2026-10-03,2026-10-04,1H SPREAD,KXNFL1HSPREAD-26OCT04LACSEA,KXNFL1HSPREAD-26OCT04LACSEA-SEA10,9.5,active,0.3352,0.7147
2026-10-03T15:47:32.758566+00:00,2026-10-03,2026-10-04,1H SPREAD,KXNFL1HSPREAD-26OCT04LACSEA,KXNFL1HSPREAD-26OCT04LACSEA-LAC8,7.5,active,0.0957,0.9252
2026-10-03T15:47:32.758566+00:00,2026-10-03,2026-10-04,1H SPREAD,KXNFL1HSPREAD-26OCT04LACSEA,KXNFL1HSPREAD-26OCT04LACSEA-LAC7,6.5,active,0.1484,0.8874
2026-10-03T15:47:32.758566+00:00,2026-10-03,2026-10-04,1H SPREAD,KXNFL1HSPREAD-26OCT04LACSEA,KXNFL1HSPREAD-26OCT04LACSEA-LAC5,4.5,active,0.1799,0.8589
2026-10-03T15:47:32.758566+00:00,2026-10-03,2026-10-04,1H SPREAD,KXNFL1HSPREAD-26OCT04LACSEA,KXNFL1HSPREAD-26OCT04LACSEA-LAC4,3.5,active,0.2216,0.8303
2026-10-03T15:47:32.758566+00:00,2026-10-03,2026-10-04,1H SPREAD,KXNFL1HSPREAD-26OCT04LACSEA,KXNFL1HSPREAD-26OCT04LACSEA-LAC3,2.5,active,0.2735,0.7824
2026-10-03T15:47:32.758566+00:00,2026-10-03,2026-10-04,1H SPREAD,KXNFL1HSPREAD-26OCT04LACSEA,KXNFL1HSPREAD-26OCT04LACSEA-LAC11,10.5,active,0.0852,0.9627
2026-10-03T15:47:32.758566+00:00,2026-10-03,2026-10-04,1H SPREAD,KXNFL1HSPREAD-26OCT04LACSEA,KXNFL1HSPREAD-26OCT04LACSEA-LAC10,9.5,active,0.0957,0.9252
2026-10-03T15:47:32.758566+00:00,2026-10-03,2026-10-04,1H SPREAD,KXNFL1HSPREAD-26OCT04KCLV,KXNFL1HSPREAD-26OCT04KCLV-LV8,7.5,active,0.1379,0.8874
2026-10-03T15:47:32.758566+00:00,2026-10-03,2026-10-04,1H SPREAD,KXNFL1HSPREAD-26OCT04KCLV,KXNFL1HSPREAD-26OCT04KCLV-LV7,6.5,active,0.1903,0.8399
2026-10-03T15:47:32.758566+00:00,2026-10-03,2026-10-04,1H SPREAD,KXNFL1HSPREAD-26OCT04KCLV,KXNFL1HSPREAD-26OCT04KCLV-LV5,4.5,active,0.2216,0.8112
2026-10-03T15:47:32.758566+00:00,2026-10-03,2026-10-04,1H SPREAD,KXNFL1HSPREAD-26OCT04KCLV,KXNFL1HSPREAD-26OCT04KCLV-LV4,3.5,active,0.2735,0.7631
2026-10-03T15:47:32.758566+00:00,2026-10-03,2026-10-04,1H SPREAD,KXNFL1HSPREAD-26OCT04KCLV,KXNFL1HSPREAD-26OCT04KCLV-LV3,2.5,active,0.3250,0.7147
2026-10-03T15:47:32.758566+00:00,2026-10-03,2026-10-04,1H SPREAD,KXNFL1HSPREAD-26OCT04KCLV,KXNFL1HSPREAD-26OCT04KCLV-LV11,10.5,active,0.0957,0.9252
2026-10-03T15:47:32.758566+00:00,2026-10-03,2026-10-04,1H SPREAD,KXNFL1HSPREAD-26OCT04KCLV,KXNFL1HSPREAD-26OCT04KCLV-LV10,9.5,active,0.1484,0.8874
2026-10-03T15:47:32.758566+00:00,2026-10-03,2026-10-04,1H SPREAD,KXNFL1HSPREAD-26OCT04KCLV,KXNFL1HSPREAD-26OCT04KCLV-KC8,7.5,active,0.3147,0.7341
2026-10-03T15:47:32.758566+00:00,2026-10-03,2026-10-04,1H SPREAD,KXNFL1HSPREAD-26OCT04KCLV,KXNFL1HSPREAD-26OCT04KCLV-KC7,6.5,active,0.3761,0.6659
2026-10-03T15:47:32.758566+00:00,2026-10-03,2026-10-04,1H SPREAD,KXNFL1HSPREAD-26OCT04KCLV,KXNFL1HSPREAD-26OCT04KCLV-KC5,4.5,active,0.4472,0.6069
2026-10-03T15:47:32.758566+00:00,2026-10-03,2026-10-04,1H SPREAD,KXNFL1HSPREAD-26OCT04KCLV,KXNFL1HSPREAD-26OCT04KCLV-KC4,3.5,active,0.4975,0.5574
2026-10-03T15:47:32.758566+00:00,2026-10-03,2026-10-04,1H SPREAD,KXNFL1HSPREAD-26OCT04KCLV,KXNFL1HSPREAD-26OCT04KCLV-KC3,2.5,active,0.5673,0.4774
2026-10-03T15:47:32.758566+00:00,2026-10-03,2026-10-04,1H SPREAD,KXNFL1HSPREAD-26OCT04KCLV,KXNFL1HSPREAD-26OCT04KCLV-KC14,13.5,active,0.1694,0.8684
2026-10-03T15:47:32.758566+00:00,2026-10-03,2026-10-04,1H SPREAD,KXNFL1HSPREAD-26OCT04KCLV,KXNFL1HSPREAD-26OCT04KCLV-KC11,10.5,active,0.2424,0.8112
2026-10-03T15:47:32.758566+00:00,2026-10-03,2026-10-04,1H SPREAD,KXNFL1HSPREAD-26OCT04KCLV,KXNFL1HSPREAD-26OCT04KCLV-KC10,9.5,active,0.2735,0.7631
2026-10-03T15:47:32.758566+00:00,2026-10-03,2026-10-04,1H SPREAD,KXNFL1HSPREAD-26OCT04DENSF,KXNFL1HSPREAD-26OCT04DENSF-SF8,7.5,active,0.2735,0.7728
2026-10-03T15:47:32.758566+00:00,2026-10-03,2026-10-04,1H SPREAD,KXNFL1HSPREAD-26OCT04DENSF,KXNFL1HSPREAD-26OCT04DENSF-SF7,6.5,active,0.3352,0.7147
2026-10-03T15:47:32.758566+00:00,2026-10-03,2026-10-04,1H SPREAD,KXNFL1HSPREAD-26OCT04DENSF,KXNFL1HSPREAD-26OCT04DENSF-SF5,4.5,active,0.3761,0.6855
2026-10-03T15:47:32.758566+00:00,2026-10-03,2026-10-04,1H SPREAD,KXNFL1HSPREAD-26OCT04DENSF,KXNFL1HSPREAD-26OCT04DENSF-SF4,3.5,active,0.4269,0.6267
2026-10-03T15:47:32.758566+00:00,2026-10-03,2026-10-04,1H SPREAD,KXNFL1HSPREAD-26OCT04DENSF,KXNFL1HSPREAD-26OCT04DENSF-SF3,2.5,active,0.4975,0.5574
2026-10-03T15:47:32.758566+00:00,2026-10-03,2026-10-04,1H SPREAD,KXNFL1HSPREAD-26OCT04DENSF,KXNFL1HSPREAD-26OCT04DENSF-SF2,1.5,active,0.5275,0.5175
2026-10-03T15:47:32.758566+00:00,2026-10-03,2026-10-04,1H SPREAD,KXNFL1HSPREAD-26OCT04DENSF,KXNFL1HSPREAD-26OCT04DENSF-SF14,13.5,active,0.1274,0.8969
2026-10-03T15:47:32.758566+00:00,2026-10-03,2026-10-04,1H SPREAD,KXNFL1HSPREAD-26OCT04DENSF,KXNFL1HSPREAD-26OCT04DENSF-SF11,10.5,active,0.1799,0.8494
2026-10-03T15:47:32.758566+00:00,2026-10-03,2026-10-04,1H SPREAD,KXNFL1HSPREAD-26OCT04DENSF,KXNFL1HSPREAD-26OCT04DENSF-SF10,9.5,active,0.2320,0.8016
2026-10-03T15:47:32.758566+00:00,2026-10-03,2026-10-04,1H SPREAD,KXNFL1HSPREAD-26OCT04DENSF,KXNFL1HSPREAD-26OCT04DENSF-DEN8,7.5,active,0.1903,0.8399
2026-10-03T15:47:32.758566+00:00,2026-10-03,2026-10-04,1H SPREAD,KXNFL1HSPREAD-26OCT04DENSF,KXNFL1HSPREAD-26OCT04DENSF-DEN7,6.5,active,0.2631,0.7920
2026-10-03T15:47:32.758566+00:00,2026-10-03,2026-10-04,1H SPREAD,KXNFL1HSPREAD-26OCT04DENSF,KXNFL1HSPREAD-26OCT04DENSF-DEN5,4.5,active,0.2735,0.7631
2026-10-03T15:47:32.758566+00:00,2026-10-03,2026-10-04,1H SPREAD,KXNFL1HSPREAD-26OCT04DENSF,KXNFL1HSPREAD-26OCT04DENSF-DEN4,3.5,active,0.3250,0.7244
2026-10-03T15:47:32.758566+00:00,2026-10-03,2026-10-04,1H SPREAD,KXNFL1HSPREAD-26OCT04DENSF,KXNFL1HSPREAD-26OCT04DENSF-DEN3,2.5,active,0.3965,0.6561
2026-10-03T15:47:32.758566+00:00,2026-10-03,2026-10-04,1H SPREAD,KXNFL1HSPREAD-26OCT04DENSF,KXNFL1HSPREAD-26OCT04DENSF-DEN11,10.5,active,0.1274,0.8969
2026-10-03T15:47:32.758566+00:00,2026-10-03,2026-10-04,1H SPREAD,KXNFL1HSPREAD-26OCT04DENSF,KXNFL1HSPREAD-26OCT04DENSF-DEN10,9.5,active,0.1694,0.8684
2026-10-03T15:47:32.758566+00:00,2026-10-03,2026-10-04,1H SPREAD,KXNFL1HSPREAD-26OCT04MIAMIN,KXNFL1HSPREAD-26OCT04MIAMIN-MIN8,7.5,active,0.4472,0.5971
2026-10-03T15:47:32.758566+00:00,2026-10-03,2026-10-04,1H SPREAD,KXNFL1HSPREAD-26OCT04MIAMIN,KXNFL1HSPREAD-26OCT04MIAMIN-MIN7,6.5,active,0.5474,0.4975
2026-10-03T15:47:32.758566+00:00,2026-10-03,2026-10-04,1H SPREAD,KXNFL1HSPREAD-26OCT04MIAMIN,KXNFL1HSPREAD-26OCT04MIAMIN-MIN5,4.5,active,0.5872,0.4572
2026-10-03T15:47:32.758566+00:00,2026-10-03,2026-10-04,1H SPREAD,KXNFL1HSPREAD-26OCT04MIAMIN,KXNFL1HSPREAD-26OCT04MIAMIN-MIN4,3.5,active,0.6365,0.4168
2026-10-03T15:47:32.758566+00:00,2026-10-03,2026-10-04,1H SPREAD,KXNFL1HSPREAD-26OCT04MIAMIN,KXNFL1HSPREAD-26OCT04MIAMIN-MIN3,2.5,active,0.7050,0.3352
2026-10-03T15:47:32.758566+00:00,2026-10-03,2026-10-04,1H SPREAD,KXNFL1HSPREAD-26OCT04MIAMIN,KXNFL1HSPREAD-26OCT04MIAMIN-MIN21,20.5,active,0.0957,0.9346
2026-10-03T15:47:32.758566+00:00,2026-10-03,2026-10-04,1H SPREAD,KXNFL1HSPREAD-26OCT04MIAMIN,KXNFL1HSPREAD-26OCT04MIAMIN-MIN18,17.5,active,0.1484,0.8969
2026-10-03T15:47:32.758566+00:00,2026-10-03,2026-10-04,1H SPREAD,KXNFL1HSPREAD-26OCT04MIAMIN,KXNFL1HSPREAD-26OCT04MIAMIN-MIN15,14.5,active,0.1799,0.8494
2026-10-03T15:47:32.758566+00:00,2026-10-03,2026-10-04,1H SPREAD,KXNFL1HSPREAD-26OCT04MIAMIN,KXNFL1HSPREAD-26OCT04MIAMIN-MIN14,13.5,active,0.2424,0.8016
2026-10-03T15:47:32.758566+00:00,2026-10-03,2026-10-04,1H SPREAD,KXNFL1HSPREAD-26OCT04MIAMIN,KXNFL1HSPREAD-26OCT04MIAMIN-MIN11,10.5,active,0.3352,0.7050
2026-10-03T15:47:32.758566+00:00,2026-10-03,2026-10-04,1H SPREAD,KXNFL1HSPREAD-26OCT04MIAMIN,KXNFL1HSPREAD-26OCT04MIAMIN-MIN10,9.5,active,0.4067,0.6365
2026-10-03T15:47:32.758566+00:00,2026-10-03,2026-10-04,1H SPREAD,KXNFL1HSPREAD-26OCT04MIAMIN,KXNFL1HSPREAD-26OCT04MIAMIN-MIA8,7.5,active,0.0639,0.9533
2026-10-03T15:47:32.758566+00:00,2026-10-03,2026-10-04,1H SPREAD,KXNFL1HSPREAD-26OCT04MIAMIN,KXNFL1HSPREAD-26OCT04MIAMIN-MIA7,6.5,active,0.1063,0.9252
2026-10-03T15:47:32.758566+00:00,2026-10-03,2026-10-04,1H SPREAD,KXNFL1HSPREAD-26OCT04MIAMIN,KXNFL1HSPREAD-26OCT04MIAMIN-MIA5,4.5,active,0.1063,0.9157
2026-10-03T15:47:32.758566+00:00,2026-10-03,2026-10-04,1H SPREAD,KXNFL1HSPREAD-26OCT04MIAMIN,KXNFL1HSPREAD-26OCT04MIAMIN-MIA4,3.5,active,0.1379,0.8874
2026-10-03T15:47:32.758566+00:00,2026-10-03,2026-10-04,1H SPREAD,KXNFL1HSPREAD-26OCT04MIAMIN,KXNFL1HSPREAD-26OCT04MIAMIN-MIA3,2.5,active,0.1903,0.8399
2026-10-03T15:47:32.758566+00:00,2026-10-03,2026-10-04,1H SPREAD,KXNFL1HSPREAD-26OCT04MIAMIN,KXNFL1HSPREAD-26OCT04MIAMIN-MIA11,10.5,active,0.0533,0.9814
2026-10-03T15:47:32.758566+00:00,2026-10-03,2026-10-04,1H SPREAD,KXNFL1HSPREAD-26OCT04MIAMIN,KXNFL1HSPREAD-26OCT04MIAMIN-MIA10,9.5,active,0.0639,0.9533
2026-10-03T15:47:32.758566+00:00,2026-10-03,2026-10-04,1H SPREAD,KXNFL1HSPREAD-26OCT04ARINYG,KXNFL1HSPREAD-26OCT04ARINYG-NYG8,7.5,active,0.1903,0.8494
2026-10-03T15:47:32.758566+00:00,2026-10-03,2026-10-04,1H SPREAD,KXNFL1HSPREAD-26OCT04ARINYG,KXNFL1HSPREAD-26OCT04ARINYG-NYG7,6.5,active,0.2528,0.8016
2026-10-03T15:47:32.758566+00:00,2026-10-03,2026-10-04,1H SPREAD,KXNFL1HSPREAD-26OCT04ARINYG,KXNFL1HSPREAD-26OCT04ARINYG-NYG5,4.5,active,0.2941,0.7631
2026-10-03T15:47:32.758566+00:00,2026-10-03,2026-10-04,1H SPREAD,KXNFL1HSPREAD-26OCT04ARINYG,KXNFL1HSPREAD-26OCT04ARINYG-NYG4,3.5,active,0.3352,0.7147
2026-10-03T15:47:32.758566+00:00,2026-10-03,2026-10-04,1H SPREAD,KXNFL1HSPREAD-26OCT04ARINYG,KXNFL1HSPREAD-26OCT04ARINYG-NYG3,2.5,active,0.3965,0.6561
2026-10-03T15:47:32.758566+00:00,2026-10-03,2026-10-04,1H SPREAD,KXNFL1HSPREAD-26OCT04ARINYG,KXNFL1HSPREAD-26OCT04ARINYG-NYG11,10.5,active,0.1274,0.9063
2026-10-03T15:47:32.758566+00:00,2026-10-03,2026-10-04,1H SPREAD,KXNFL1HSPREAD-26OCT04ARINYG,KXNFL1HSPREAD-26OCT04ARINYG-NYG10,9.5,active,0.1694,0.8779
2026-10-03T15:47:32.758566+00:00,2026-10-03,2026-10-04,1H SPREAD,KXNFL1HSPREAD-26OCT04ARINYG,KXNFL1HSPREAD-26OCT04ARINYG-ARI8,7.5,active,0.2528,0.7920
2026-10-03T15:47:32.758566+00:00,2026-10-03,2026-10-04,1H SPREAD,KXNFL1HSPREAD-26OCT04ARINYG,KXNFL1HSPREAD-26OCT04ARINYG-ARI7,6.5,active,0.3044,0.7341
2026-10-03T15:47:32.758566+00:00,2026-10-03,2026-10-04,1H SPREAD,KXNFL1HSPREAD-26OCT04ARINYG,KXNFL1HSPREAD-26OCT04ARINYG-ARI5,4.5,active,0.3659,0.6952
2026-10-03T15:47:32.758566+00:00,2026-10-03,2026-10-04,1H SPREAD,KXNFL1HSPREAD-26OCT04ARINYG,KXNFL1HSPREAD-26OCT04ARINYG-ARI4,3.5,active,0.4269,0.6365
2026-10-03T15:47:32.758566+00:00,2026-10-03,2026-10-04,1H SPREAD,KXNFL1HSPREAD-26OCT04ARINYG,KXNFL1HSPREAD-26OCT04ARINYG-ARI3,2.5,active,0.4874,0.5574
2026-10-03T15:47:32.758566+00:00,2026-10-03,2026-10-04,1H SPREAD,KXNFL1HSPREAD-26OCT04ARINYG,KXNFL1HSPREAD-26OCT04ARINYG-ARI11,10.5,active,0.1694,0.8589
2026-10-03T15:47:32.758566+00:00,2026-10-03,2026-10-04,1H SPREAD,KXNFL1HSPREAD-26OCT04ARINYG,KXNFL1HSPREAD-26OCT04ARINYG-ARI10,9.5,active,0.2216,0.8208
2026-10-03T15:47:32.758566+00:00,2026-10-03,2026-10-04,1H SPREAD,KXNFL1HSPREAD-26OCT04LARPHI,KXNFL1HSPREAD-26OCT04LARPHI-PHI8,7.5,active,0.1484,0.8779
2026-10-03T15:47:32.758566+00:00,2026-10-03,2026-10-04,1H SPREAD,KXNFL1HSPREAD-26OCT04LARPHI,KXNFL1HSPREAD-26OCT04LARPHI-PHI7,6.5,active,0.2008,0.8303
2026-10-03T15:47:32.758566+00:00,2026-10-03,2026-10-04,1H SPREAD,KXNFL1HSPREAD-26OCT04LARPHI,KXNFL1HSPREAD-26OCT04LARPHI-PHI5,4.5,active,0.2424,0.8016
2026-10-03T15:47:32.758566+00:00,2026-10-03,2026-10-04,1H SPREAD,KXNFL1HSPREAD-26OCT04LARPHI,KXNFL1HSPREAD-26OCT04LARPHI-PHI4,3.5,active,0.2941,0.7535
2026-10-03T15:47:32.758566+00:00,2026-10-03,2026-10-04,1H SPREAD,KXNFL1HSPREAD-26OCT04LARPHI,KXNFL1HSPREAD-26OCT04LARPHI-PHI3,2.5,active,0.3557,0.7050
2026-10-03T15:47:32.758566+00:00,2026-10-03,2026-10-04,1H SPREAD,KXNFL1HSPREAD-26OCT04LARPHI,KXNFL1HSPREAD-26OCT04LARPHI-PHI11,10.5,active,0.1169,0.9157
2026-10-03T15:47:32.758566+00:00,2026-10-03,2026-10-04,1H SPREAD,KXNFL1HSPREAD-26OCT04LARPHI,KXNFL1HSPREAD-26OCT04LARPHI-PHI10,9.5,active,0.1274,0.8969
2026-10-03T15:47:32.758566+00:00,2026-10-03,2026-10-04,1H SPREAD,KXNFL1HSPREAD-26OCT04LARPHI,KXNFL1HSPREAD-26OCT04LARPHI-LAR8,7.5,active,0.2941,0.7535
2026-10-03T15:47:32.758566+00:00,2026-10-03,2026-10-04,1H SPREAD,KXNFL1HSPREAD-26OCT04LARPHI,KXNFL1HSPREAD-26OCT04LARPHI-LAR7,6.5,active,0.3659,0.6855
2026-10-03T15:47:32.758566+00:00,2026-10-03,2026-10-04,1H SPREAD,KXNFL1HSPREAD-26OCT04LARPHI,KXNFL1HSPREAD-26OCT04LARPHI-LAR5,4.5,active,0.4168,0.6463
2026-10-03T15:47:32.758566+00:00,2026-10-03,2026-10-04,1H SPREAD,KXNFL1HSPREAD-26OCT04LARPHI,KXNFL1HSPREAD-26OCT04LARPHI-LAR4,3.5,active,0.4673,0.5872
2026-10-03T15:47:32.758566+00:00,2026-10-03,2026-10-04,1H SPREAD,KXNFL1HSPREAD-26OCT04LARPHI,KXNFL1HSPREAD-26OCT04LARPHI-LAR3,2.5,active,0.5375,0.5075
2026-10-03T15:47:32.758566+00:00,2026-10-03,2026-10-04,1H SPREAD,KXNFL1HSPREAD-26OCT04LARPHI,KXNFL1HSPREAD-26OCT04LARPHI-LAR2,1.5,active,0.5474,0.4975
2026-10-03T15:47:32.758566+00:00,2026-10-03,2026-10-04,1H SPREAD,KXNFL1HSPREAD-26OCT04LARPHI,KXNFL1HSPREAD-26OCT04LARPHI-LAR14,13.5,active,0.1379,0.8874
2026-10-03T15:47:32.758566+00:00,2026-10-03,2026-10-04,1H SPREAD,KXNFL1HSPREAD-26OCT04LARPHI,KXNFL1HSPREAD-26OCT04LARPHI-LAR11,10.5,active,0.2008,0.8303
2026-10-03T15:47:32.758566+00:00,2026-10-03,2026-10-04,1H SPREAD,KXNFL1HSPREAD-26OCT04LARPHI,KXNFL1HSPREAD-26OCT04LARPHI-LAR10,9.5,active,0.2631,0.7824
2026-10-03T15:47:32.758566+00:00,2026-10-03,2026-10-04,1H SPREAD,KXNFL1HSPREAD-26OCT04TENBAL,KXNFL1HSPREAD-26OCT04TENBAL-TEN8,7.5,active,0.0639,0.9533
2026-10-03T15:47:32.758566+00:00,2026-10-03,2026-10-04,1H SPREAD,KXNFL1HSPREAD-26OCT04TENBAL,KXNFL1HSPREAD-26OCT04TENBAL-TEN7,6.5,active,0.1063,0.9252
2026-10-03T15:47:32.758566+00:00,2026-10-03,2026-10-04,1H SPREAD,KXNFL1HSPREAD-26OCT04TENBAL,KXNFL1HSPREAD-26OCT04TENBAL-TEN5,4.5,active,0.1063,0.9157
2026-10-03T15:47:32.758566+00:00,2026-10-03,2026-10-04,1H SPREAD,KXNFL1HSPREAD-26OCT04TENBAL,KXNFL1HSPREAD-26OCT04TENBAL-TEN4,3.5,active,0.1484,0.8874
2026-10-03T15:47:32.758566+00:00,2026-10-03,2026-10-04,1H SPREAD,KXNFL1HSPREAD-26OCT04TENBAL,KXNFL1HSPREAD-26OCT04TENBAL-TEN3,2.5,active,0.1903,0.8494
2026-10-03T15:47:32.758566+00:00,2026-10-03,2026-10-04,1H SPREAD,KXNFL1HSPREAD-26OCT04TENBAL,KXNFL1HSPREAD-26OCT04TENBAL-TEN11,10.5,active,0.0427,0.9814
2026-10-03T15:47:32.758566+00:00,2026-10-03,2026-10-04,1H SPREAD,KXNFL1HSPREAD-26OCT04TENBAL,KXNFL1HSPREAD-26OCT04TENBAL-TEN10,9.5,active,0.0639,0.9627
2026-10-03T15:47:32.758566+00:00,2026-10-03,2026-10-04,1H SPREAD,KXNFL1HSPREAD-26OCT04TENBAL,KXNFL1HSPREAD-26OCT04TENBAL-BAL8,7.5,active,0.4874,0.5574
2026-10-03T15:47:32.758566+00:00,2026-10-03,2026-10-04,1H SPREAD,KXNFL1HSPREAD-26OCT04TENBAL,KXNFL1HSPREAD-26OCT04TENBAL-BAL7,6.5,active,0.5772,0.4673
2026-10-03T15:47:32.758566+00:00,2026-10-03,2026-10-04,1H SPREAD,KXNFL1HSPREAD-26OCT04TENBAL,KXNFL1HSPREAD-26OCT04TENBAL-BAL5,4.5,active,0.5971,0.4472
2026-10-03T15:47:32.758566+00:00,2026-10-03,2026-10-04,1H SPREAD,KXNFL1HSPREAD-26OCT04TENBAL,KXNFL1HSPREAD-26OCT04TENBAL-BAL4,3.5,active,0.6561,0.3863
2026-10-03T15:47:32.758566+00:00,2026-10-03,2026-10-04,1H SPREAD,KXNFL1HSPREAD-26OCT04TENBAL,KXNFL1HSPREAD-26OCT04TENBAL-BAL3,2.5,active,0.7147,0.3250
2026-10-03T15:47:32.758566+00:00,2026-10-03,2026-10-04,1H SPREAD,KXNFL1HSPREAD-26OCT04TENBAL,KXNFL1HSPREAD-26OCT04TENBAL-BAL21,20.5,active,0.1274,0.9157
2026-10-03T15:47:32.758566+00:00,2026-10-03,2026-10-04,1H SPREAD,KXNFL1HSPREAD-26OCT04TENBAL,KXNFL1HSPREAD-26OCT04TENBAL-BAL18,17.5,active,0.1694,0.8779
2026-10-03T15:47:32.758566+00:00,2026-10-03,2026-10-04,1H SPREAD,KXNFL1HSPREAD-26OCT04TENBAL,KXNFL1HSPREAD-26OCT04TENBAL-BAL15,14.5,active,0.2320,0.8016
2026-10-03T15:47:32.758566+00:00,2026-10-03,2026-10-04,1H SPREAD,KXNFL1HSPREAD-26OCT04TENBAL,KXNFL1HSPREAD-26OCT04TENBAL-BAL14,13.5,active,0.2838,0.7535
2026-10-03T15:47:32.758566+00:00,2026-10-03,2026-10-04,1H SPREAD,KXNFL1HSPREAD-26OCT04TENBAL,KXNFL1HSPREAD-26OCT04TENBAL-BAL11,10.5,active,0.3863,0.6757
2026-10-03T15:47:32.758566+00:00,2026-10-03,2026-10-04,1H SPREAD,KXNFL1HSPREAD-26OCT04TENBAL,KXNFL1HSPREAD-26OCT04TENBAL-BAL10,9.5,active,0.4572,0.5872
2026-10-03T15:47:32.758566+00:00,2026-10-03,2026-10-04,1H SPREAD,KXNFL1HSPREAD-26OCT04GBTB,KXNFL1HSPREAD-26OCT04GBTB-TB8,7.5,active,0.1589,0.8779
2026-10-03T15:47:32.758566+00:00,2026-10-03,2026-10-04,1H SPREAD,KXNFL1HSPREAD-26OCT04GBTB,KXNFL1HSPREAD-26OCT04GBTB-TB7,6.5,active,0.2216,0.8303
2026-10-03T15:47:32.758566+00:00,2026-10-03,2026-10-04,1H SPREAD,KXNFL1HSPREAD-26OCT04GBTB,KXNFL1HSPREAD-26OCT04GBTB-TB5,4.5,active,0.2528,0.7920
2026-10-03T15:47:32.758566+00:00,2026-10-03,2026-10-04,1H SPREAD,KXNFL1HSPREAD-26OCT04GBTB,KXNFL1HSPREAD-26OCT04GBTB-TB4,3.5,active,0.3044,0.7535
2026-10-03T15:47:32.758566+00:00,2026-10-03,2026-10-04,1H SPREAD,KXNFL1HSPREAD-26OCT04GBTB,KXNFL1HSPREAD-26OCT04GBTB-TB3,2.5,active,0.3761,0.6855
2026-10-03T15:47:32.758566+00:00,2026-10-03,2026-10-04,1H SPREAD,KXNFL1HSPREAD-26OCT04GBTB,KXNFL1HSPREAD-26OCT04GBTB-TB11,10.5,active,0.0957,0.9346
2026-10-03T15:47:32.758566+00:00,2026-10-03,2026-10-04,1H SPREAD,KXNFL1HSPREAD-26OCT04GBTB,KXNFL1HSPREAD-26OCT04GBTB-TB10,9.5,active,0.1169,0.9063
2026-10-03T15:47:32.758566+00:00,2026-10-03,2026-10-04,1H SPREAD,KXNFL1HSPREAD-26OCT04GBTB,KXNFL1HSPREAD-26OCT04GBTB-GB8,7.5,active,0.2735,0.7824
2026-10-03T15:47:32.758566+00:00,2026-10-03,2026-10-04,1H SPREAD,KXNFL1HSPREAD-26OCT04GBTB,KXNFL1HSPREAD-26OCT04GBTB-GB7,6.5,active,0.3455,0.6952
2026-10-03T15:47:32.758566+00:00,2026-10-03,2026-10-04,1H SPREAD,KXNFL1HSPREAD-26OCT04GBTB,KXNFL1HSPREAD-26OCT04GBTB-GB5,4.5,active,0.3863,0.6561
2026-10-03T15:47:32.758566+00:00,2026-10-03,2026-10-04,1H SPREAD,KXNFL1HSPREAD-26OCT04GBTB,KXNFL1HSPREAD-26OCT04GBTB-GB4,3.5,active,0.4472,0.6069
2026-10-03T15:47:32.758566+00:00,2026-10-03,2026-10-04,1H SPREAD,KXNFL1HSPREAD-26OCT04GBTB,KXNFL1HSPREAD-26OCT04GBTB-GB3,2.5,active,0.5275,0.5175
2026-10-03T15:47:32.758566+00:00,2026-10-03,2026-10-04,1H SPREAD,KXNFL1HSPREAD-26OCT04GBTB,KXNFL1HSPREAD-26OCT04GBTB-GB14,13.5,active,0.1379,0.8969
2026-10-03T15:47:32.758566+00:00,2026-10-03,2026-10-04,1H SPREAD,KXNFL1HSPREAD-26OCT04GBTB,KXNFL1HSPREAD-26OCT04GBTB-GB11,10.5,active,0.1903,0.8494
2026-10-03T15:47:32.758566+00:00,2026-10-03,2026-10-04,1H SPREAD,KXNFL1HSPREAD-26OCT04GBTB,KXNFL1HSPREAD-26OCT04GBTB-GB10,9.5,active,0.2424,0.8112
2026-10-03T15:47:32.758566+00:00,2026-10-03,2026-10-04,1H SPREAD,KXNFL1HSPREAD-26OCT04JACCIN,KXNFL1HSPREAD-26OCT04JACCIN-JAC8,7.5,active,0.2008,0.8399
2026-10-03T15:47:32.758566+00:00,2026-10-03,2026-10-04,1H SPREAD,KXNFL1HSPREAD-26OCT04JACCIN,KXNFL1HSPREAD-26OCT04JACCIN-JAC7,6.5,active,0.2631,0.7920
2026-10-03T15:47:32.758566+00:00,2026-10-03,2026-10-04,1H SPREAD,KXNFL1HSPREAD-26OCT04JACCIN,KXNFL1HSPREAD-26OCT04JACCIN-JAC5,4.5,active,0.2941,0.7631
2026-10-03T15:47:32.758566+00:00,2026-10-03,2026-10-04,1H SPREAD,KXNFL1HSPREAD-26OCT04JACCIN,KXNFL1HSPREAD-26OCT04JACCIN-JAC4,3.5,active,0.3455,0.7050
2026-10-03T15:47:32.758566+00:00,2026-10-03,2026-10-04,1H SPREAD,KXNFL1HSPREAD-26OCT04JACCIN,KXNFL1HSPREAD-26OCT04JACCIN-JAC3,2.5,active,0.3965,0.6463
2026-10-03T15:47:32.758566+00:00,2026-10-03,2026-10-04,1H SPREAD,KXNFL1HSPREAD-26OCT04JACCIN,KXNFL1HSPREAD-26OCT04JACCIN-JAC11,10.5,active,0.1589,0.8969
2026-10-03T15:47:32.758566+00:00,2026-10-03,2026-10-04,1H SPREAD,KXNFL1HSPREAD-26OCT04JACCIN,KXNFL1HSPREAD-26OCT04JACCIN-JAC10,9.5,active,0.1799,0.8589
2026-10-03T15:47:32.758566+00:00,2026-10-03,2026-10-04,1H SPREAD,KXNFL1HSPREAD-26OCT04JACCIN,KXNFL1HSPREAD-26OCT04JACCIN-CIN8,7.5,active,0.2631,0.7728
2026-10-03T15:47:32.758566+00:00,2026-10-03,2026-10-04,1H SPREAD,KXNFL1HSPREAD-26OCT04JACCIN,KXNFL1HSPREAD-26OCT04JACCIN-CIN7,6.5,active,0.3250,0.7147
2026-10-03T15:47:32.758566+00:00,2026-10-03,2026-10-04,1H SPREAD,KXNFL1HSPREAD-26OCT04JACCIN,KXNFL1HSPREAD-26OCT04JACCIN-CIN5,4.5,active,0.3659,0.6757
2026-10-03T15:47:32.758566+00:00,2026-10-03,2026-10-04,1H SPREAD,KXNFL1HSPREAD-26OCT04JACCIN,KXNFL1HSPREAD-26OCT04JACCIN-CIN4,3.5,active,0.4168,0.6267
2026-10-03T15:47:32.758566+00:00,2026-10-03,2026-10-04,1H SPREAD,KXNFL1HSPREAD-26OCT04JACCIN,KXNFL1HSPREAD-26OCT04JACCIN-CIN3,2.5,active,0.4874,0.5574
2026-10-03T15:47:32.758566+00:00,2026-10-03,2026-10-04,1H SPREAD,KXNFL1HSPREAD-26OCT04JACCIN,KXNFL1HSPREAD-26OCT04JACCIN-CIN11,10.5,active,0.1799,0.8494
2026-10-03T15:47:32.758566+00:00,2026-10-03,2026-10-04,1H SPREAD,KXNFL1HSPREAD-26OCT04JACCIN,KXNFL1HSPREAD-26OCT04JACCIN-CIN10,9.5,active,0.2216,0.8112
2026-10-03T15:47:32.758566+00:00,2026-10-03,2026-10-04,1H SPREAD,KXNFL1HSPREAD-26OCT04NEBUF,KXNFL1HSPREAD-26OCT04NEBUF-NE8,7.5,active,0.1169,0.9063
2026-10-03T15:47:32.758566+00:00,2026-10-03,2026-10-04,1H SPREAD,KXNFL1HSPREAD-26OCT04NEBUF,KXNFL1HSPREAD-26OCT04NEBUF-NE7,6.5,active,0.1694,0.8779
2026-10-03T15:47:32.758566+00:00,2026-10-03,2026-10-04,1H SPREAD,KXNFL1HSPREAD-26OCT04NEBUF,KXNFL1HSPREAD-26OCT04NEBUF-NE5,4.5,active,0.1903,0.8494
2026-10-03T15:47:32.758566+00:00,2026-10-03,2026-10-04,1H SPREAD,KXNFL1HSPREAD-26OCT04NEBUF,KXNFL1HSPREAD-26OCT04NEBUF-NE4,3.5,active,0.2216,0.8208
2026-10-03T15:47:32.758566+00:00,2026-10-03,2026-10-04,1H SPREAD,KXNFL1HSPREAD-26OCT04NEBUF,KXNFL1HSPREAD-26OCT04NEBUF-NE3,2.5,active,0.2631,0.7728
2026-10-03T15:47:32.758566+00:00,2026-10-03,2026-10-04,1H SPREAD,KXNFL1HSPREAD-26OCT04NEBUF,KXNFL1HSPREAD-26OCT04NEBUF-NE11,10.5,active,0.0852,0.9439
2026-10-03T15:47:32.758566+00:00,2026-10-03,2026-10-04,1H SPREAD,KXNFL1HSPREAD-26OCT04NEBUF,KXNFL1HSPREAD-26OCT04NEBUF-NE10,9.5,active,0.0957,0.9252
2026-10-03T15:47:32.758566+00:00,2026-10-03,2026-10-04,1H SPREAD,KXNFL1HSPREAD-26OCT04NEBUF,KXNFL1HSPREAD-26OCT04NEBUF-BUF8,7.5,active,0.3863,0.6659
2026-10-03T15:47:32.758566+00:00,2026-10-03,2026-10-04,1H SPREAD,KXNFL1HSPREAD-26OCT04NEBUF,KXNFL1HSPREAD-26OCT04NEBUF-BUF7,6.5,active,0.4572,0.5872
2026-10-03T15:47:32.758566+00:00,2026-10-03,2026-10-04,1H SPREAD,KXNFL1HSPREAD-26OCT04NEBUF,KXNFL1HSPREAD-26OCT04NEBUF-BUF5,4.5,active,0.5075,0.5375
2026-10-03T15:47:32.758566+00:00,2026-10-03,2026-10-04,1H SPREAD,KXNFL1HSPREAD-26OCT04NEBUF,KXNFL1HSPREAD-26OCT04NEBUF-BUF4,3.5,active,0.5673,0.4774
2026-10-03T15:47:32.758566+00:00,2026-10-03,2026-10-04,1H SPREAD,KXNFL1HSPREAD-26OCT04NEBUF,KXNFL1HSPREAD-26OCT04NEBUF-BUF3,2.5,active,0.6365,0.4168
2026-10-03T15:47:32.758566+00:00,2026-10-03,2026-10-04,1H SPREAD,KXNFL1HSPREAD-26OCT04NEBUF,KXNFL1HSPREAD-26OCT04NEBUF-BUF14,13.5,active,0.2112,0.8208
2026-10-03T15:47:32.758566+00:00,2026-10-03,2026-10-04,1H SPREAD,KXNFL1HSPREAD-26OCT04NEBUF,KXNFL1HSPREAD-26OCT04NEBUF-BUF11,10.5,active,0.2941,0.7535
2026-10-03T15:47:32.758566+00:00,2026-10-03,2026-10-04,1H SPREAD,KXNFL1HSPREAD-26OCT04NEBUF,KXNFL1HSPREAD-26OCT04NEBUF-BUF10,9.5,active,0.3557,0.6952
2026-10-03T15:47:32.758566+00:00,2026-10-03,2026-10-04,1H SPREAD,KXNFL1HSPREAD-26OCT04DALHOU,KXNFL1HSPREAD-26OCT04DALHOU-HOU8,7.5,active,0.2838,0.7728
2026-10-03T15:47:32.758566+00:00,2026-10-03,2026-10-04,1H SPREAD,KXNFL1HSPREAD-26OCT04DALHOU,KXNFL1HSPREAD-26OCT04DALHOU-HOU7,6.5,active,0.3455,0.7050
2026-10-03T15:47:32.758566+00:00,2026-10-03,2026-10-04,1H SPREAD,KXNFL1HSPREAD-26OCT04DALHOU,KXNFL1HSPREAD-26OCT04DALHOU-HOU5,4.5,active,0.3965,0.6659
2026-10-03T15:47:32.758566+00:00,2026-10-03,2026-10-04,1H SPREAD,KXNFL1HSPREAD-26OCT04DALHOU,KXNFL1HSPREAD-26OCT04DALHOU-HOU4,3.5,active,0.4472,0.6069
2026-10-03T15:47:32.758566+00:00,2026-10-03,2026-10-04,1H SPREAD,KXNFL1HSPREAD-26OCT04DALHOU,KXNFL1HSPREAD-26OCT04DALHOU-HOU3,2.5,active,0.5075,0.5375
2026-10-03T15:47:32.758566+00:00,2026-10-03,2026-10-04,1H SPREAD,KXNFL1HSPREAD-26OCT04DALHOU,KXNFL1HSPREAD-26OCT04DALHOU-HOU11,10.5,active,0.2008,0.8399
2026-10-03T15:47:32.758566+00:00,2026-10-03,2026-10-04,1H SPREAD,KXNFL1HSPREAD-26OCT04DALHOU,KXNFL1HSPREAD-26OCT04DALHOU-HOU10,9.5,active,0.2528,0.8016
2026-10-03T15:47:32.758566+00:00,2026-10-03,2026-10-04,1H SPREAD,KXNFL1HSPREAD-26OCT04DALHOU,KXNFL1HSPREAD-26OCT04DALHOU-DAL8,7.5,active,0.1903,0.8494
2026-10-03T15:47:32.758566+00:00,2026-10-03,2026-10-04,1H SPREAD,KXNFL1HSPREAD-26OCT04DALHOU,KXNFL1HSPREAD-26OCT04DALHOU-DAL7,6.5,active,0.2320,0.8112
2026-10-03T15:47:32.758566+00:00,2026-10-03,2026-10-04,1H SPREAD,KXNFL1HSPREAD-26OCT04DALHOU,KXNFL1HSPREAD-26OCT04DALHOU-DAL5,4.5,active,0.2631,0.7728
2026-10-03T15:47:32.758566+00:00,2026-10-03,2026-10-04,1H SPREAD,KXNFL1HSPREAD-26OCT04DALHOU,KXNFL1HSPREAD-26OCT04DALHOU-DAL4,3.5,active,0.3147,0.7341
2026-10-03T15:47:32.758566+00:00,2026-10-03,2026-10-04,1H SPREAD,KXNFL1HSPREAD-26OCT04DALHOU,KXNFL1HSPREAD-26OCT04DALHOU-DAL3,2.5,active,0.3863,0.6659
2026-10-03T15:47:32.758566+00:00,2026-10-03,2026-10-04,1H SPREAD,KXNFL1HSPREAD-26OCT04DALHOU,KXNFL1HSPREAD-26OCT04DALHOU-DAL11,10.5,active,0.1274,0.9063
2026-10-03T15:47:32.758566+00:00,2026-10-03,2026-10-04,1H SPREAD,KXNFL1HSPREAD-26OCT04DALHOU,KXNFL1HSPREAD-26OCT04DALHOU-DAL10,9.5,active,0.1589,0.8779
2026-10-03T15:47:32.758566+00:00,2026-10-03,2026-10-04,1H SPREAD,KXNFL1HSPREAD-26OCT04NYJCHI,KXNFL1HSPREAD-26OCT04NYJCHI-NYJ8,7.5,active,0.1484,0.8779
2026-10-03T15:47:32.758566+00:00,2026-10-03,2026-10-04,1H SPREAD,KXNFL1HSPREAD-26OCT04NYJCHI,KXNFL1HSPREAD-26OCT04NYJCHI-NYJ7,6.5,active,0.2216,0.8303
2026-10-03T15:47:32.758566+00:00,2026-10-03,2026-10-04,1H SPREAD,KXNFL1HSPREAD-26OCT04NYJCHI,KXNFL1HSPREAD-26OCT04NYJCHI-NYJ5,4.5,active,0.2528,0.8016
2026-10-03T15:47:32.758566+00:00,2026-10-03,2026-10-04,1H SPREAD,KXNFL1HSPREAD-26OCT04NYJCHI,KXNFL1HSPREAD-26OCT04NYJCHI-NYJ4,3.5,active,0.2941,0.7535
2026-10-03T15:47:32.758566+00:00,2026-10-03,2026-10-04,1H SPREAD,KXNFL1HSPREAD-26OCT04NYJCHI,KXNFL1HSPREAD-26OCT04NYJCHI-NYJ3,2.5,active,0.3557,0.7050
2026-10-03T15:47:32.758566+00:00,2026-10-03,2026-10-04,1H SPREAD,KXNFL1HSPREAD-26OCT04NYJCHI,KXNFL1HSPREAD-26OCT04NYJCHI-NYJ11,10.5,active,0.1169,0.9252
2026-10-03T15:47:32.758566+00:00,2026-10-03,2026-10-04,1H SPREAD,KXNFL1HSPREAD-26OCT04NYJCHI,KXNFL1HSPREAD-26OCT04NYJCHI-NYJ10,9.5,active,0.1484,0.8874
2026-10-03T15:47:32.758566+00:00,2026-10-03,2026-10-04,1H SPREAD,KXNFL1HSPREAD-26OCT04NYJCHI,KXNFL1HSPREAD-26OCT04NYJCHI-CHI8,7.5,active,0.2838,0.7535
2026-10-03T15:47:32.758566+00:00,2026-10-03,2026-10-04,1H SPREAD,KXNFL1HSPREAD-26OCT04NYJCHI,KXNFL1HSPREAD-26OCT04NYJCHI-CHI7,6.5,active,0.3761,0.6757
2026-10-03T15:47:32.758566+00:00,2026-10-03,2026-10-04,1H SPREAD,KXNFL1HSPREAD-26OCT04NYJCHI,KXNFL1HSPREAD-26OCT04NYJCHI-CHI5,4.5,active,0.4168,0.6267
2026-10-03T15:47:32.758566+00:00,2026-10-03,2026-10-04,1H SPREAD,KXNFL1HSPREAD-26OCT04NYJCHI,KXNFL1HSPREAD-26OCT04NYJCHI-CHI4,3.5,active,0.4673,0.5872
2026-10-03T15:47:32.758566+00:00,2026-10-03,2026-10-04,1H SPREAD,KXNFL1HSPREAD-26OCT04NYJCHI,KXNFL1HSPREAD-26OCT04NYJCHI-CHI3,2.5,active,0.5375,0.5075
2026-10-03T15:47:32.758566+00:00,2026-10-03,2026-10-04,1H SPREAD,KXNFL1HSPREAD-26OCT04NYJCHI,KXNFL1HSPREAD-26OCT04NYJCHI-CHI14,13.5,active,0.1589,0.8779
2026-10-03T15:47:32.758566+00:00,2026-10-03,2026-10-04,1H SPREAD,KXNFL1HSPREAD-26OCT04NYJCHI,KXNFL1HSPREAD-26OCT04NYJCHI-CHI11,10.5,active,0.2008,0.8303
2026-10-03T15:47:32.758566+00:00,2026-10-03,2026-10-04,1H SPREAD,KXNFL1HSPREAD-26OCT04NYJCHI,KXNFL1HSPREAD-26OCT04NYJCHI-CHI10,9.5,active,0.2631,0.7728
2026-10-03T15:47:32.758566+00:00,2026-10-03,2026-10-04,1H SPREAD,KXNFL1HSPREAD-26OCT04INDWAS,KXNFL1HSPREAD-26OCT04INDWAS-WAS8,7.5,active,0.1379,0.8874
2026-10-03T15:47:32.758566+00:00,2026-10-03,2026-10-04,1H SPREAD,KXNFL1HSPREAD-26OCT04INDWAS,KXNFL1HSPREAD-26OCT04INDWAS-WAS7,6.5,active,0.1903,0.8399
2026-10-03T15:47:32.758566+00:00,2026-10-03,2026-10-04,1H SPREAD,KXNFL1HSPREAD-26OCT04INDWAS,KXNFL1HSPREAD-26OCT04INDWAS-WAS5,4.5,active,0.2424,0.8112
2026-10-03T15:47:32.758566+00:00,2026-10-03,2026-10-04,1H SPREAD,KXNFL1HSPREAD-26OCT04INDWAS,KXNFL1HSPREAD-26OCT04INDWAS-WAS4,3.5,active,0.2631,0.7728
2026-10-03T15:47:32.758566+00:00,2026-10-03,2026-10-04,1H SPREAD,KXNFL1HSPREAD-26OCT04INDWAS,KXNFL1HSPREAD-26OCT04INDWAS-WAS3,2.5,active,0.3352,0.7050
2026-10-03T15:47:32.758566+00:00,2026-10-03,2026-10-04,1H SPREAD,KXNFL1HSPREAD-26OCT04INDWAS,KXNFL1HSPREAD-26OCT04INDWAS-WAS11,10.5,active,0.1169,0.9157
2026-10-03T15:47:32.758566+00:00,2026-10-03,2026-10-04,1H SPREAD,KXNFL1HSPREAD-26OCT04INDWAS,KXNFL1HSPREAD-26OCT04INDWAS-WAS10,9.5,active,0.1379,0.8969
2026-10-03T15:47:32.758566+00:00,2026-10-03,2026-10-04,1H SPREAD,KXNFL1HSPREAD-26OCT04INDWAS,KXNFL1HSPREAD-26OCT04INDWAS-IND8,7.5,active,0.3044,0.7341
2026-10-03T15:47:32.758566+00:00,2026-10-03,2026-10-04,1H SPREAD,KXNFL1HSPREAD-26OCT04INDWAS,KXNFL1HSPREAD-26OCT04INDWAS-IND7,6.5,active,0.3761,0.6659
2026-10-03T15:47:32.758566+00:00,2026-10-03,2026-10-04,1H SPREAD,KXNFL1HSPREAD-26OCT04INDWAS,KXNFL1HSPREAD-26OCT04INDWAS-IND5,4.5,active,0.4168,0.6267
2026-10-03T15:47:32.758566+00:00,2026-10-03,2026-10-04,1H SPREAD,KXNFL1HSPREAD-26OCT04INDWAS,KXNFL1HSPREAD-26OCT04INDWAS-IND4,3.5,active,0.4572,0.5872
2026-10-03T15:47:32.758566+00:00,2026-10-03,2026-10-04,1H SPREAD,KXNFL1HSPREAD-26OCT04INDWAS,KXNFL1HSPREAD-26OCT04INDWAS-IND3,2.5,active,0.5375,0.5075
2026-10-03T15:47:32.758566+00:00,2026-10-03,2026-10-04,1H SPREAD,KXNFL1HSPREAD-26OCT04INDWAS,KXNFL1HSPREAD-26OCT04INDWAS-IND14,13.5,active,0.1589,0.8684
2026-10-03T15:47:32.758566+00:00,2026-10-03,2026-10-04,1H SPREAD,KXNFL1HSPREAD-26OCT04INDWAS,KXNFL1HSPREAD-26OCT04INDWAS-IND11,10.5,active,0.2320,0.8112
2026-10-03T15:47:32.758566+00:00,2026-10-03,2026-10-04,1H SPREAD,KXNFL1HSPREAD-26OCT04INDWAS,KXNFL1HSPREAD-26OCT04INDWAS-IND10,9.5,active,0.2838,0.7631
2026-10-03T15:47:32.758566+00:00,2026-10-03,2026-10-04,TOTAL,KXNFLTOTAL-26OCT04DENSF,KXNFLTOTAL-26OCT04DENSF-68,67.5,active,0.0957,0.9252
2026-10-03T15:47:32.758566+00:00,2026-10-03,2026-10-04,TOTAL,KXNFLTOTAL-26OCT04DENSF,KXNFLTOTAL-26OCT04DENSF-65,64.5,active,0.1274,0.8969
2026-10-03T15:47:32.758566+00:00,2026-10-03,2026-10-04,TOTAL,KXNFLTOTAL-26OCT04DENSF,KXNFLTOTAL-26OCT04DENSF-62,61.5,active,0.1799,0.8494
2026-10-03T15:47:32.758566+00:00,2026-10-03,2026-10-04,TOTAL,KXNFLTOTAL-26OCT04DENSF,KXNFLTOTAL-26OCT04DENSF-59,58.5,active,0.2320,0.8016
2026-10-03T15:47:32.758566+00:00,2026-10-03,2026-10-04,TOTAL,KXNFLTOTAL-26OCT04DENSF,KXNFLTOTAL-26OCT04DENSF-56,55.5,active,0.3044,0.7341
2026-10-03T15:47:32.758566+00:00,2026-10-03,2026-10-04,TOTAL,KXNFLTOTAL-26OCT04DENSF,KXNFLTOTAL-26OCT04DENSF-53,52.5,active,0.3863,0.6561
2026-10-03T15:47:32.758566+00:00,2026-10-03,2026-10-04,TOTAL,KXNFLTOTAL-26OCT04DENSF,KXNFLTOTAL-26OCT04DENSF-50,49.5,active,0.4774,0.5673
2026-10-03T15:47:32.758566+00:00,2026-10-03,2026-10-04,TOTAL,KXNFLTOTAL-26OCT04DENSF,KXNFLTOTAL-26OCT04DENSF-49,48.5,active,0.5075,0.5375
2026-10-03T15:47:32.758566+00:00,2026-10-03,2026-10-04,TOTAL,KXNFLTOTAL-26OCT04DENSF,KXNFLTOTAL-26OCT04DENSF-48,47.5,active,0.5474,0.4975
2026-10-03T15:47:32.758566+00:00,2026-10-03,2026-10-04,TOTAL,KXNFLTOTAL-26OCT04DENSF,KXNFLTOTAL-26OCT04DENSF-47,46.5,active,0.5772,0.4673
2026-10-03T15:47:32.758566+00:00,2026-10-03,2026-10-04,TOTAL,KXNFLTOTAL-26OCT04DENSF,KXNFLTOTAL-26OCT04DENSF-46,45.5,active,0.5971,0.4472
2026-10-03T15:47:32.758566+00:00,2026-10-03,2026-10-04,TOTAL,KXNFLTOTAL-26OCT04DENSF,KXNFLTOTAL-26OCT04DENSF-45,44.5,active,0.6267,0.4168
2026-10-03T15:47:32.758566+00:00,2026-10-03,2026-10-04,TOTAL,KXNFLTOTAL-26OCT04DENSF,KXNFLTOTAL-26OCT04DENSF-44,43.5,active,0.6561,0.3863
2026-10-03T15:47:32.758566+00:00,2026-10-03,2026-10-04,TOTAL,KXNFLTOTAL-26OCT04DENSF,KXNFLTOTAL-26OCT04DENSF-41,40.5,active,0.7438,0.2941
2026-10-03T15:47:32.758566+00:00,2026-10-03,2026-10-04,TOTAL,KXNFLTOTAL-26OCT04DENSF,KXNFLTOTAL-26OCT04DENSF-38,37.5,active,0.8112,0.2216
2026-10-03T15:47:32.758566+00:00,2026-10-03,2026-10-04,TOTAL,KXNFLTOTAL-26OCT04DENSF,KXNFLTOTAL-26OCT04DENSF-35,34.5,active,0.8779,0.1484
2026-10-03T15:47:32.758566+00:00,2026-10-03,2026-10-04,TOTAL,KXNFLTOTAL-26OCT04DENSF,KXNFLTOTAL-26OCT04DENSF-32,31.5,active,0.9157,0.1063
2026-10-03T15:47:32.758566+00:00,2026-10-03,2026-10-04,TOTAL,KXNFLTOTAL-26OCT04DENSF,KXNFLTOTAL-26OCT04DENSF-29,28.5,active,0.9533,0.0639
2026-10-03T15:47:32.758566+00:00,2026-10-03,2026-10-04,TOTAL,KXNFLTOTAL-26OCT04DENSF,KXNFLTOTAL-26OCT04DENSF-26,25.5,active,0.9720,0.0427
2026-10-03T15:47:32.758566+00:00,2026-10-03,2026-10-04,TOTAL,KXNFLTOTAL-26OCT04DETCAR,KXNFLTOTAL-26OCT04DETCAR-71,70.5,active,0.0852,0.9346
2026-10-03T15:47:32.758566+00:00,2026-10-03,2026-10-04,TOTAL,KXNFLTOTAL-26OCT04DETCAR,KXNFLTOTAL-26OCT04DETCAR-68,67.5,active,0.1274,0.8969
2026-10-03T15:47:32.758566+00:00,2026-10-03,2026-10-04,TOTAL,KXNFLTOTAL-26OCT04DETCAR,KXNFLTOTAL-26OCT04DETCAR-65,64.5,active,0.1799,0.8494
2026-10-03T15:47:32.758566+00:00,2026-10-03,2026-10-04,TOTAL,KXNFLTOTAL-26OCT04DETCAR,KXNFLTOTAL-26OCT04DETCAR-62,61.5,active,0.2320,0.8016
2026-10-03T15:47:32.758566+00:00,2026-10-03,2026-10-04,TOTAL,KXNFLTOTAL-26OCT04DETCAR,KXNFLTOTAL-26OCT04DETCAR-59,58.5,active,0.3044,0.7341
2026-10-03T15:47:32.758566+00:00,2026-10-03,2026-10-04,TOTAL,KXNFLTOTAL-26OCT04DETCAR,KXNFLTOTAL-26OCT04DETCAR-56,55.5,active,0.3863,0.6561
2026-10-03T15:47:32.758566+00:00,2026-10-03,2026-10-04,TOTAL,KXNFLTOTAL-26OCT04DETCAR,KXNFLTOTAL-26OCT04DETCAR-53,52.5,active,0.4774,0.5673
2026-10-03T15:47:32.758566+00:00,2026-10-03,2026-10-04,TOTAL,KXNFLTOTAL-26OCT04DETCAR,KXNFLTOTAL-26OCT04DETCAR-52,51.5,active,0.4975,0.5474
2026-10-03T15:47:32.758566+00:00,2026-10-03,2026-10-04,TOTAL,KXNFLTOTAL-26OCT04DETCAR,KXNFLTOTAL-26OCT04DETCAR-51,50.5,active,0.5375,0.5075
2026-10-03T15:47:32.758566+00:00,2026-10-03,2026-10-04,TOTAL,KXNFLTOTAL-26OCT04DETCAR,KXNFLTOTAL-26OCT04DETCAR-50,49.5,active,0.5772,0.4673
2026-10-03T15:47:32.758566+00:00,2026-10-03,2026-10-04,TOTAL,KXNFLTOTAL-26OCT04DETCAR,KXNFLTOTAL-26OCT04DETCAR-49,48.5,active,0.5971,0.4472
2026-10-03T15:47:32.758566+00:00,2026-10-03,2026-10-04,TOTAL,KXNFLTOTAL-26OCT04DETCAR,KXNFLTOTAL-26OCT04DETCAR-48,47.5,active,0.6267,0.4168
2026-10-03T15:47:32.758566+00:00,2026-10-03,2026-10-04,TOTAL,KXNFLTOTAL-26OCT04DETCAR,KXNFLTOTAL-26OCT04DETCAR-47,46.5,active,0.6659,0.3863
2026-10-03T15:47:32.758566+00:00,2026-10-03,2026-10-04,TOTAL,KXNFLTOTAL-26OCT04DETCAR,KXNFLTOTAL-26OCT04DETCAR-44,43.5,active,0.7341,0.3044
2026-10-03T15:47:32.758566+00:00,2026-10-03,2026-10-04,TOTAL,KXNFLTOTAL-26OCT04DETCAR,KXNFLTOTAL-26OCT04DETCAR-41,40.5,active,0.8016,0.2320
2026-10-03T15:47:32.758566+00:00,2026-10-03,2026-10-04,TOTAL,KXNFLTOTAL-26OCT04DETCAR,KXNFLTOTAL-26OCT04DETCAR-38,37.5,active,0.8589,0.1694
2026-10-03T15:47:32.758566+00:00,2026-10-03,2026-10-04,TOTAL,KXNFLTOTAL-26OCT04DETCAR,KXNFLTOTAL-26OCT04DETCAR-35,34.5,active,0.8969,0.1274
2026-10-03T15:47:32.758566+00:00,2026-10-03,2026-10-04,TOTAL,KXNFLTOTAL-26OCT04DETCAR,KXNFLTOTAL-26OCT04DETCAR-32,31.5,active,0.9346,0.0852
2026-10-03T15:47:32.758566+00:00,2026-10-03,2026-10-04,TOTAL,KXNFLTOTAL-26OCT04DETCAR,KXNFLTOTAL-26OCT04DETCAR-29,28.5,active,0.9627,0.0639
2026-10-03T15:47:32.758566+00:00,2026-10-03,2026-10-04,TOTAL,KXNFLTOTAL-26OCT04KCLV,KXNFLTOTAL-26OCT04KCLV-68,67.5,active,0.0852,0.9346
2026-10-03T15:47:32.758566+00:00,2026-10-03,2026-10-04,TOTAL,KXNFLTOTAL-26OCT04KCLV,KXNFLTOTAL-26OCT04KCLV-65,64.5,active,0.1274,0.8969
2026-10-03T15:47:32.758566+00:00,2026-10-03,2026-10-04,TOTAL,KXNFLTOTAL-26OCT04KCLV,KXNFLTOTAL-26OCT04KCLV-62,61.5,active,0.1694,0.8589
2026-10-03T15:47:32.758566+00:00,2026-10-03,2026-10-04,TOTAL,KXNFLTOTAL-26OCT04KCLV,KXNFLTOTAL-26OCT04KCLV-59,58.5,active,0.2216,0.8112
2026-10-03T15:47:32.758566+00:00,2026-10-03,2026-10-04,TOTAL,KXNFLTOTAL-26OCT04KCLV,KXNFLTOTAL-26OCT04KCLV-56,55.5,active,0.2941,0.7438
2026-10-03T15:47:32.758566+00:00,2026-10-03,2026-10-04,TOTAL,KXNFLTOTAL-26OCT04KCLV,KXNFLTOTAL-26OCT04KCLV-53,52.5,active,0.3761,0.6659
2026-10-03T15:47:32.758566+00:00,2026-10-03,2026-10-04,TOTAL,KXNFLTOTAL-26OCT04KCLV,KXNFLTOTAL-26OCT04KCLV-50,49.5,active,0.4673,0.5772
2026-10-03T15:47:32.758566+00:00,2026-10-03,2026-10-04,TOTAL,KXNFLTOTAL-26OCT04KCLV,KXNFLTOTAL-26OCT04KCLV-49,48.5,active,0.4874,0.5574
2026-10-03T15:47:32.758566+00:00,2026-10-03,2026-10-04,TOTAL,KXNFLTOTAL-26OCT04KCLV,KXNFLTOTAL-26OCT04KCLV-48,47.5,active,0.5175,0.5275
2026-10-03T15:47:32.758566+00:00,2026-10-03,2026-10-04,TOTAL,KXNFLTOTAL-26OCT04KCLV,KXNFLTOTAL-26OCT04KCLV-47,46.5,active,0.5673,0.4774
2026-10-03T15:47:32.758566+00:00,2026-10-03,2026-10-04,TOTAL,KXNFLTOTAL-26OCT04KCLV,KXNFLTOTAL-26OCT04KCLV-46,45.5,active,0.5971,0.4472
2026-10-03T15:47:32.758566+00:00,2026-10-03,2026-10-04,TOTAL,KXNFLTOTAL-26OCT04KCLV,KXNFLTOTAL-26OCT04KCLV-45,44.5,active,0.6168,0.4269
2026-10-03T15:47:32.758566+00:00,2026-10-03,2026-10-04,TOTAL,KXNFLTOTAL-26OCT04KCLV,KXNFLTOTAL-26OCT04KCLV-44,43.5,active,0.6561,0.3965
2026-10-03T15:47:32.758566+00:00,2026-10-03,2026-10-04,TOTAL,KXNFLTOTAL-26OCT04KCLV,KXNFLTOTAL-26OCT04KCLV-41,40.5,active,0.7438,0.2941
2026-10-03T15:47:32.758566+00:00,2026-10-03,2026-10-04,TOTAL,KXNFLTOTAL-26OCT04KCLV,KXNFLTOTAL-26OCT04KCLV-38,37.5,active,0.8016,0.2320
2026-10-03T15:47:32.758566+00:00,2026-10-03,2026-10-04,TOTAL,KXNFLTOTAL-26OCT04KCLV,KXNFLTOTAL-26OCT04KCLV-35,34.5,active,0.8589,0.1694
2026-10-03T15:47:32.758566+00:00,2026-10-03,2026-10-04,TOTAL,KXNFLTOTAL-26OCT04KCLV,KXNFLTOTAL-26OCT04KCLV-32,31.5,active,0.9157,0.1063
2026-10-03T15:47:32.758566+00:00,2026-10-03,2026-10-04,TOTAL,KXNFLTOTAL-26OCT04KCLV,KXNFLTOTAL-26OCT04KCLV-29,28.5,active,0.9439,0.0746
2026-10-03T15:47:32.758566+00:00,2026-10-03,2026-10-04,TOTAL,KXNFLTOTAL-26OCT04KCLV,KXNFLTOTAL-26OCT04KCLV-26,25.5,active,0.9720,0.0427
2026-10-03T15:47:32.758566+00:00,2026-10-03,2026-10-04,TOTAL,KXNFLTOTAL-26OCT04MIAMIN,KXNFLTOTAL-26OCT04MIAMIN-63,62.5,active,0.0533,0.9627
2026-10-03T15:47:32.758566+00:00,2026-10-03,2026-10-04,TOTAL,KXNFLTOTAL-26OCT04MIAMIN,KXNFLTOTAL-26OCT04MIAMIN-60,59.5,active,0.0639,0.9533
2026-10-03T15:47:32.758566+00:00,2026-10-03,2026-10-04,TOTAL,KXNFLTOTAL-26OCT04MIAMIN,KXNFLTOTAL-26OCT04MIAMIN-57,56.5,active,0.0957,0.9252
2026-10-03T15:47:32.758566+00:00,2026-10-03,2026-10-04,TOTAL,KXNFLTOTAL-26OCT04MIAMIN,KXNFLTOTAL-26OCT04MIAMIN-54,53.5,active,0.1274,0.8969
2026-10-03T15:47:32.758566+00:00,2026-10-03,2026-10-04,TOTAL,KXNFLTOTAL-26OCT04MIAMIN,KXNFLTOTAL-26OCT04MIAMIN-51,50.5,active,0.1903,0.8399
2026-10-03T15:47:32.758566+00:00,2026-10-03,2026-10-04,TOTAL,KXNFLTOTAL-26OCT04MIAMIN,KXNFLTOTAL-26OCT04MIAMIN-48,47.5,active,0.2528,0.7824
2026-10-03T15:47:32.758566+00:00,2026-10-03,2026-10-04,TOTAL,KXNFLTOTAL-26OCT04MIAMIN,KXNFLTOTAL-26OCT04MIAMIN-45,44.5,active,0.3250,0.7147
2026-10-03T15:47:32.758566+00:00,2026-10-03,2026-10-04,TOTAL,KXNFLTOTAL-26OCT04MIAMIN,KXNFLTOTAL-26OCT04MIAMIN-44,43.5,active,0.3557,0.6855
2026-10-03T15:47:32.758566+00:00,2026-10-03,2026-10-04,TOTAL,KXNFLTOTAL-26OCT04MIAMIN,KXNFLTOTAL-26OCT04MIAMIN-43,42.5,active,0.3965,0.6463
2026-10-03T15:47:32.758566+00:00,2026-10-03,2026-10-04,TOTAL,KXNFLTOTAL-26OCT04MIAMIN,KXNFLTOTAL-26OCT04MIAMIN-42,41.5,active,0.4168,0.6267
2026-10-03T15:47:32.758566+00:00,2026-10-03,2026-10-04,TOTAL,KXNFLTOTAL-26OCT04MIAMIN,KXNFLTOTAL-26OCT04MIAMIN-41,40.5,active,0.4572,0.5872
2026-10-03T15:47:32.758566+00:00,2026-10-03,2026-10-04,TOTAL,KXNFLTOTAL-26OCT04MIAMIN,KXNFLTOTAL-26OCT04MIAMIN-40,39.5,active,0.4874,0.5574
2026-10-03T15:47:32.758566+00:00,2026-10-03,2026-10-04,TOTAL,KXNFLTOTAL-26OCT04MIAMIN,KXNFLTOTAL-26OCT04MIAMIN-39,38.5,active,0.5275,0.5175
2026-10-03T15:47:32.758566+00:00,2026-10-03,2026-10-04,TOTAL,KXNFLTOTAL-26OCT04MIAMIN,KXNFLTOTAL-26OCT04MIAMIN-36,35.5,active,0.6267,0.4168
2026-10-03T15:47:32.758566+00:00,2026-10-03,2026-10-04,TOTAL,KXNFLTOTAL-26OCT04MIAMIN,KXNFLTOTAL-26OCT04MIAMIN-33,32.5,active,0.7244,0.3147
2026-10-03T15:47:32.758566+00:00,2026-10-03,2026-10-04,TOTAL,KXNFLTOTAL-26OCT04MIAMIN,KXNFLTOTAL-26OCT04MIAMIN-30,29.5,active,0.8016,0.2320
2026-10-03T15:47:32.758566+00:00,2026-10-03,2026-10-04,TOTAL,KXNFLTOTAL-26OCT04MIAMIN,KXNFLTOTAL-26OCT04MIAMIN-27,26.5,active,0.8684,0.1589
2026-10-03T15:47:32.758566+00:00,2026-10-03,2026-10-04,TOTAL,KXNFLTOTAL-26OCT04MIAMIN,KXNFLTOTAL-26OCT04MIAMIN-24,23.5,active,0.9157,0.1063
2026-10-03T15:47:32.758566+00:00,2026-10-03,2026-10-04,TOTAL,KXNFLTOTAL-26OCT04MIAMIN,KXNFLTOTAL-26OCT04MIAMIN-21,20.5,active,0.9439,0.0746
2026-10-03T15:47:32.758566+00:00,2026-10-03,2026-10-04,TOTAL,KXNFLTOTAL-26OCT04TENBAL,KXNFLTOTAL-26OCT04TENBAL-65,64.5,active,0.0746,0.9439
2026-10-03T15:47:32.758566+00:00,2026-10-03,2026-10-04,TOTAL,KXNFLTOTAL-26OCT04TENBAL,KXNFLTOTAL-26OCT04TENBAL-62,61.5,active,0.0957,0.9252
2026-10-03T15:47:32.758566+00:00,2026-10-03,2026-10-04,TOTAL,KXNFLTOTAL-26OCT04TENBAL,KXNFLTOTAL-26OCT04TENBAL-59,58.5,active,0.1379,0.8874
2026-10-03T15:47:32.758566+00:00,2026-10-03,2026-10-04,TOTAL,KXNFLTOTAL-26OCT04TENBAL,KXNFLTOTAL-26OCT04TENBAL-56,55.5,active,0.1799,0.8494
2026-10-03T15:47:32.758566+00:00,2026-10-03,2026-10-04,TOTAL,KXNFLTOTAL-26OCT04TENBAL,KXNFLTOTAL-26OCT04TENBAL-53,52.5,active,0.2528,0.7824
2026-10-03T15:47:32.758566+00:00,2026-10-03,2026-10-04,TOTAL,KXNFLTOTAL-26OCT04TENBAL,KXNFLTOTAL-26OCT04TENBAL-50,49.5,active,0.3250,0.7244
2026-10-03T15:47:32.758566+00:00,2026-10-03,2026-10-04,TOTAL,KXNFLTOTAL-26OCT04TENBAL,KXNFLTOTAL-26OCT04TENBAL-47,46.5,active,0.4067,0.6463
2026-10-03T15:47:32.758566+00:00,2026-10-03,2026-10-04,TOTAL,KXNFLTOTAL-26OCT04TENBAL,KXNFLTOTAL-26OCT04TENBAL-46,45.5,active,0.4269,0.6168
2026-10-03T15:47:32.758566+00:00,2026-10-03,2026-10-04,TOTAL,KXNFLTOTAL-26OCT04TENBAL,KXNFLTOTAL-26OCT04TENBAL-45,44.5,active,0.4472,0.5971
2026-10-03T15:47:32.758566+00:00,2026-10-03,2026-10-04,TOTAL,KXNFLTOTAL-26OCT04TENBAL,KXNFLTOTAL-26OCT04TENBAL-44,43.5,active,0.4874,0.5574
2026-10-03T15:47:32.758566+00:00,2026-10-03,2026-10-04,TOTAL,KXNFLTOTAL-26OCT04TENBAL,KXNFLTOTAL-26OCT04TENBAL-43,42.5,active,0.5175,0.5275
2026-10-03T15:47:32.758566+00:00,2026-10-03,2026-10-04,TOTAL,KXNFLTOTAL-26OCT04TENBAL,KXNFLTOTAL-26OCT04TENBAL-42,41.5,active,0.5574,0.4874
2026-10-03T15:47:32.758566+00:00,2026-10-03,2026-10-04,TOTAL,KXNFLTOTAL-26OCT04TENBAL,KXNFLTOTAL-26OCT04TENBAL-41,40.5,active,0.5872,0.4572
2026-10-03T15:47:32.758566+00:00,2026-10-03,2026-10-04,TOTAL,KXNFLTOTAL-26OCT04TENBAL,KXNFLTOTAL-26OCT04TENBAL-38,37.5,active,0.6757,0.3659
2026-10-03T15:47:32.758566+00:00,2026-10-03,2026-10-04,TOTAL,KXNFLTOTAL-26OCT04TENBAL,KXNFLTOTAL-26OCT04TENBAL-35,34.5,active,0.7631,0.2838
2026-10-03T15:47:32.758566+00:00,2026-10-03,2026-10-04,TOTAL,KXNFLTOTAL-26OCT04TENBAL,KXNFLTOTAL-26OCT04TENBAL-32,31.5,active,0.8399,0.1903
2026-10-03T15:47:32.758566+00:00,2026-10-03,2026-10-04,TOTAL,KXNFLTOTAL-26OCT04TENBAL,KXNFLTOTAL-26OCT04TENBAL-29,28.5,active,0.8874,0.1379
2026-10-03T15:47:32.758566+00:00,2026-10-03,2026-10-04,TOTAL,KXNFLTOTAL-26OCT04TENBAL,KXNFLTOTAL-26OCT04TENBAL-26,25.5,active,0.9439,0.0852
2026-10-03T15:47:32.758566+00:00,2026-10-03,2026-10-04,TOTAL,KXNFLTOTAL-26OCT04TENBAL,KXNFLTOTAL-26OCT04TENBAL-23,22.5,active,0.9720,0.0533
2026-10-03T15:47:32.758566+00:00,2026-10-03,2026-10-04,TOTAL,KXNFLTOTAL-26OCT04DALHOU,KXNFLTOTAL-26OCT04DALHOU-69,68.5,active,0.0957,0.9252
2026-10-03T15:47:32.758566+00:00,2026-10-03,2026-10-04,TOTAL,KXNFLTOTAL-26OCT04DALHOU,KXNFLTOTAL-26OCT04DALHOU-66,65.5,active,0.1169,0.9063
2026-10-03T15:47:32.758566+00:00,2026-10-03,2026-10-04,TOTAL,KXNFLTOTAL-26OCT04DALHOU,KXNFLTOTAL-26OCT04DALHOU-63,62.5,active,0.1589,0.8684
2026-10-03T15:47:32.758566+00:00,2026-10-03,2026-10-04,TOTAL,KXNFLTOTAL-26OCT04DALHOU,KXNFLTOTAL-26OCT04DALHOU-60,59.5,active,0.2216,0.8112
2026-10-03T15:47:32.758566+00:00,2026-10-03,2026-10-04,TOTAL,KXNFLTOTAL-26OCT04DALHOU,KXNFLTOTAL-26OCT04DALHOU-57,56.5,active,0.3044,0.7341
2026-10-03T15:47:32.758566+00:00,2026-10-03,2026-10-04,TOTAL,KXNFLTOTAL-26OCT04DALHOU,KXNFLTOTAL-26OCT04DALHOU-54,53.5,active,0.3761,0.6659
2026-10-03T15:47:32.758566+00:00,2026-10-03,2026-10-04,TOTAL,KXNFLTOTAL-26OCT04DALHOU,KXNFLTOTAL-26OCT04DALHOU-51,50.5,active,0.4472,0.5971
2026-10-03T15:47:32.758566+00:00,2026-10-03,2026-10-04,TOTAL,KXNFLTOTAL-26OCT04DALHOU,KXNFLTOTAL-26OCT04DALHOU-50,49.5,active,0.4874,0.5574
2026-10-03T15:47:32.758566+00:00,2026-10-03,2026-10-04,TOTAL,KXNFLTOTAL-26OCT04DALHOU,KXNFLTOTAL-26OCT04DALHOU-49,48.5,active,0.5175,0.5275
2026-10-03T15:47:32.758566+00:00,2026-10-03,2026-10-04,TOTAL,KXNFLTOTAL-26OCT04DALHOU,KXNFLTOTAL-26OCT04DALHOU-48,47.5,active,0.5673,0.4774
2026-10-03T15:47:32.758566+00:00,2026-10-03,2026-10-04,TOTAL,KXNFLTOTAL-26OCT04DALHOU,KXNFLTOTAL-26OCT04DALHOU-47,46.5,active,0.5872,0.4572
2026-10-03T15:47:32.758566+00:00,2026-10-03,2026-10-04,TOTAL,KXNFLTOTAL-26OCT04DALHOU,KXNFLTOTAL-26OCT04DALHOU-46,45.5,active,0.6069,0.4371
2026-10-03T15:47:32.758566+00:00,2026-10-03,2026-10-04,TOTAL,KXNFLTOTAL-26OCT04DALHOU,KXNFLTOTAL-26OCT04DALHOU-45,44.5,active,0.6267,0.4168
2026-10-03T15:47:32.758566+00:00,2026-10-03,2026-10-04,TOTAL,KXNFLTOTAL-26OCT04DALHOU,KXNFLTOTAL-26OCT04DALHOU-42,41.5,active,0.7147,0.3250
2026-10-03T15:47:32.758566+00:00,2026-10-03,2026-10-04,TOTAL,KXNFLTOTAL-26OCT04DALHOU,KXNFLTOTAL-26OCT04DALHOU-39,38.5,active,0.7920,0.2528
2026-10-03T15:47:32.758566+00:00,2026-10-03,2026-10-04,TOTAL,KXNFLTOTAL-26OCT04DALHOU,KXNFLTOTAL-26OCT04DALHOU-36,35.5,active,0.8494,0.1799
2026-10-03T15:47:32.758566+00:00,2026-10-03,2026-10-04,TOTAL,KXNFLTOTAL-26OCT04DALHOU,KXNFLTOTAL-26OCT04DALHOU-33,32.5,active,0.9063,0.1169
2026-10-03T15:47:32.758566+00:00,2026-10-03,2026-10-04,TOTAL,KXNFLTOTAL-26OCT04DALHOU,KXNFLTOTAL-26OCT04DALHOU-30,29.5,active,0.9346,0.0957
2026-10-03T15:47:32.758566+00:00,2026-10-03,2026-10-04,TOTAL,KXNFLTOTAL-26OCT04DALHOU,KXNFLTOTAL-26OCT04DALHOU-27,26.5,active,0.9627,0.0533
2026-10-03T15:47:32.758566+00:00,2026-10-03,2026-10-04,TOTAL,KXNFLTOTAL-26OCT04LACSEA,KXNFLTOTAL-26OCT04LACSEA-65,64.5,active,0.0639,0.9533
2026-10-03T15:47:32.758566+00:00,2026-10-03,2026-10-04,TOTAL,KXNFLTOTAL-26OCT04LACSEA,KXNFLTOTAL-26OCT04LACSEA-62,61.5,active,0.0957,0.9252
2026-10-03T15:47:32.758566+00:00,2026-10-03,2026-10-04,TOTAL,KXNFLTOTAL-26OCT04LACSEA,KXNFLTOTAL-26OCT04LACSEA-59,58.5,active,0.1379,0.8874
2026-10-03T15:47:32.758566+00:00,2026-10-03,2026-10-04,TOTAL,KXNFLTOTAL-26OCT04LACSEA,KXNFLTOTAL-26OCT04LACSEA-56,55.5,active,0.1903,0.8399
2026-10-03T15:47:32.758566+00:00,2026-10-03,2026-10-04,TOTAL,KXNFLTOTAL-26OCT04LACSEA,KXNFLTOTAL-26OCT04LACSEA-53,52.5,active,0.2631,0.7728
2026-10-03T15:47:32.758566+00:00,2026-10-03,2026-10-04,TOTAL,KXNFLTOTAL-26OCT04LACSEA,KXNFLTOTAL-26OCT04LACSEA-50,49.5,active,0.3352,0.7050
2026-10-03T15:47:32.758566+00:00,2026-10-03,2026-10-04,TOTAL,KXNFLTOTAL-26OCT04LACSEA,KXNFLTOTAL-26OCT04LACSEA-47,46.5,active,0.4168,0.6267
2026-10-03T15:47:32.758566+00:00,2026-10-03,2026-10-04,TOTAL,KXNFLTOTAL-26OCT04LACSEA,KXNFLTOTAL-26OCT04LACSEA-46,45.5,active,0.4472,0.5971
2026-10-03T15:47:32.758566+00:00,2026-10-03,2026-10-04,TOTAL,KXNFLTOTAL-26OCT04LACSEA,KXNFLTOTAL-26OCT04LACSEA-45,44.5,active,0.4673,0.5872
2026-10-03T15:47:32.758566+00:00,2026-10-03,2026-10-04,TOTAL,KXNFLTOTAL-26OCT04LACSEA,KXNFLTOTAL-26OCT04LACSEA-44,43.5,active,0.4975,0.5474
2026-10-03T15:47:32.758566+00:00,2026-10-03,2026-10-04,TOTAL,KXNFLTOTAL-26OCT04LACSEA,KXNFLTOTAL-26OCT04LACSEA-43,42.5,active,0.5375,0.5075
2026-10-03T15:47:32.758566+00:00,2026-10-03,2026-10-04,TOTAL,KXNFLTOTAL-26OCT04LACSEA,KXNFLTOTAL-26OCT04LACSEA-42,41.5,active,0.5673,0.4774
2026-10-03T15:47:32.758566+00:00,2026-10-03,2026-10-04,TOTAL,KXNFLTOTAL-26OCT04LACSEA,KXNFLTOTAL-26OCT04LACSEA-41,40.5,active,0.6069,0.4371
2026-10-03T15:47:32.758566+00:00,2026-10-03,2026-10-04,TOTAL,KXNFLTOTAL-26OCT04LACSEA,KXNFLTOTAL-26OCT04LACSEA-38,37.5,active,0.6855,0.3557
2026-10-03T15:47:32.758566+00:00,2026-10-03,2026-10-04,TOTAL,KXNFLTOTAL-26OCT04LACSEA,KXNFLTOTAL-26OCT04LACSEA-35,34.5,active,0.7728,0.2631
2026-10-03T15:47:32.758566+00:00,2026-10-03,2026-10-04,TOTAL,KXNFLTOTAL-26OCT04LACSEA,KXNFLTOTAL-26OCT04LACSEA-32,31.5,active,0.8399,0.1903
2026-10-03T15:47:32.758566+00:00,2026-10-03,2026-10-04,TOTAL,KXNFLTOTAL-26OCT04LACSEA,KXNFLTOTAL-26OCT04LACSEA-29,28.5,active,0.9063,0.1274
2026-10-03T15:47:32.758566+00:00,2026-10-03,2026-10-04,TOTAL,KXNFLTOTAL-26OCT04LACSEA,KXNFLTOTAL-26OCT04LACSEA-26,25.5,active,0.9439,0.0852
2026-10-03T15:47:32.758566+00:00,2026-10-03,2026-10-04,TOTAL,KXNFLTOTAL-26OCT04LACSEA,KXNFLTOTAL-26OCT04LACSEA-23,22.5,active,0.9720,0.0427
2026-10-03T15:47:32.758566+00:00,2026-10-03,2026-10-04,TOTAL,KXNFLTOTAL-26OCT04ARINYG,KXNFLTOTAL-26OCT04ARINYG-65,64.5,active,0.0852,0.9346
2026-10-03T15:47:32.758566+00:00,2026-10-03,2026-10-04,TOTAL,KXNFLTOTAL-26OCT04ARINYG,KXNFLTOTAL-26OCT04ARINYG-62,61.5,active,0.1169,0.9063
2026-10-03T15:47:32.758566+00:00,2026-10-03,2026-10-04,TOTAL,KXNFLTOTAL-26OCT04ARINYG,KXNFLTOTAL-26OCT04ARINYG-59,58.5,active,0.1589,0.8684
2026-10-03T15:47:32.758566+00:00,2026-10-03,2026-10-04,TOTAL,KXNFLTOTAL-26OCT04ARINYG,KXNFLTOTAL-26OCT04ARINYG-56,55.5,active,0.2112,0.8208
2026-10-03T15:47:32.758566+00:00,2026-10-03,2026-10-04,TOTAL,KXNFLTOTAL-26OCT04ARINYG,KXNFLTOTAL-26OCT04ARINYG-53,52.5,active,0.2941,0.7535
2026-10-03T15:47:32.758566+00:00,2026-10-03,2026-10-04,TOTAL,KXNFLTOTAL-26OCT04ARINYG,KXNFLTOTAL-26OCT04ARINYG-50,49.5,active,0.3761,0.6659
2026-10-03T15:47:32.758566+00:00,2026-10-03,2026-10-04,TOTAL,KXNFLTOTAL-26OCT04ARINYG,KXNFLTOTAL-26OCT04ARINYG-47,46.5,active,0.4572,0.5872
2026-10-03T15:47:32.758566+00:00,2026-10-03,2026-10-04,TOTAL,KXNFLTOTAL-26OCT04ARINYG,KXNFLTOTAL-26OCT04ARINYG-46,45.5,active,0.4874,0.5574
2026-10-03T15:47:32.758566+00:00,2026-10-03,2026-10-04,TOTAL,KXNFLTOTAL-26OCT04ARINYG,KXNFLTOTAL-26OCT04ARINYG-45,44.5,active,0.5075,0.5375
2026-10-03T15:47:32.758566+00:00,2026-10-03,2026-10-04,TOTAL,KXNFLTOTAL-26OCT04ARINYG,KXNFLTOTAL-26OCT04ARINYG-44,43.5,active,0.5474,0.4975
2026-10-03T15:47:32.758566+00:00,2026-10-03,2026-10-04,TOTAL,KXNFLTOTAL-26OCT04ARINYG,KXNFLTOTAL-26OCT04ARINYG-43,42.5,active,0.5872,0.4572
2026-10-03T15:47:32.758566+00:00,2026-10-03,2026-10-04,TOTAL,KXNFLTOTAL-26OCT04ARINYG,KXNFLTOTAL-26OCT04ARINYG-42,41.5,active,0.6168,0.4269
2026-10-03T15:47:32.758566+00:00,2026-10-03,2026-10-04,TOTAL,KXNFLTOTAL-26OCT04ARINYG,KXNFLTOTAL-26OCT04ARINYG-41,40.5,active,0.6365,0.4067
2026-10-03T15:47:32.758566+00:00,2026-10-03,2026-10-04,TOTAL,KXNFLTOTAL-26OCT04ARINYG,KXNFLTOTAL-26OCT04ARINYG-38,37.5,active,0.7244,0.3147
2026-10-03T15:47:32.758566+00:00,2026-10-03,2026-10-04,TOTAL,KXNFLTOTAL-26OCT04ARINYG,KXNFLTOTAL-26OCT04ARINYG-35,34.5,active,0.8016,0.2320
2026-10-03T15:47:32.758566+00:00,2026-10-03,2026-10-04,TOTAL,KXNFLTOTAL-26OCT04ARINYG,KXNFLTOTAL-26OCT04ARINYG-32,31.5,active,0.8589,0.1694
2026-10-03T15:47:32.758566+00:00,2026-10-03,2026-10-04,TOTAL,KXNFLTOTAL-26OCT04ARINYG,KXNFLTOTAL-26OCT04ARINYG-29,28.5,active,0.8969,0.1274
2026-10-03T15:47:32.758566+00:00,2026-10-03,2026-10-04,TOTAL,KXNFLTOTAL-26OCT04ARINYG,KXNFLTOTAL-26OCT04ARINYG-26,25.5,active,0.9439,0.0746
2026-10-03T15:47:32.758566+00:00,2026-10-03,2026-10-04,TOTAL,KXNFLTOTAL-26OCT04ARINYG,KXNFLTOTAL-26OCT04ARINYG-23,22.5,active,0.9627,0.0533
2026-10-03T15:47:32.758566+00:00,2026-10-03,2026-10-04,TOTAL,KXNFLTOTAL-26OCT04LARPHI,KXNFLTOTAL-26OCT04LARPHI-67,66.5,active,0.0533,0.9627
2026-10-03T15:47:32.758566+00:00,2026-10-03,2026-10-04,TOTAL,KXNFLTOTAL-26OCT04LARPHI,KXNFLTOTAL-26OCT04LARPHI-64,63.5,active,0.0746,0.9439
2026-10-03T15:47:32.758566+00:00,2026-10-03,2026-10-04,TOTAL,KXNFLTOTAL-26OCT04LARPHI,KXNFLTOTAL-26OCT04LARPHI-61,60.5,active,0.0957,0.9252
2026-10-03T15:47:32.758566+00:00,2026-10-03,2026-10-04,TOTAL,KXNFLTOTAL-26OCT04LARPHI,KXNFLTOTAL-26OCT04LARPHI-58,57.5,active,0.1484,0.8779
2026-10-03T15:47:32.758566+00:00,2026-10-03,2026-10-04,TOTAL,KXNFLTOTAL-26OCT04LARPHI,KXNFLTOTAL-26OCT04LARPHI-55,54.5,active,0.2008,0.8303
2026-10-03T15:47:32.758566+00:00,2026-10-03,2026-10-04,TOTAL,KXNFLTOTAL-26OCT04LARPHI,KXNFLTOTAL-26OCT04LARPHI-52,51.5,active,0.2631,0.7728
2026-10-03T15:47:32.758566+00:00,2026-10-03,2026-10-04,TOTAL,KXNFLTOTAL-26OCT04LARPHI,KXNFLTOTAL-26OCT04LARPHI-49,48.5,active,0.3557,0.6855
2026-10-03T15:47:32.758566+00:00,2026-10-03,2026-10-04,TOTAL,KXNFLTOTAL-26OCT04LARPHI,KXNFLTOTAL-26OCT04LARPHI-48,47.5,active,0.3761,0.6659
2026-10-03T15:47:32.758566+00:00,2026-10-03,2026-10-04,TOTAL,KXNFLTOTAL-26OCT04LARPHI,KXNFLTOTAL-26OCT04LARPHI-47,46.5,active,0.4067,0.6365
2026-10-03T15:47:32.758566+00:00,2026-10-03,2026-10-04,TOTAL,KXNFLTOTAL-26OCT04LARPHI,KXNFLTOTAL-26OCT04LARPHI-46,45.5,active,0.4371,0.6069
2026-10-03T15:47:32.758566+00:00,2026-10-03,2026-10-04,TOTAL,KXNFLTOTAL-26OCT04LARPHI,KXNFLTOTAL-26OCT04LARPHI-45,44.5,active,0.4572,0.5872
2026-10-03T15:47:32.758566+00:00,2026-10-03,2026-10-04,TOTAL,KXNFLTOTAL-26OCT04LARPHI,KXNFLTOTAL-26OCT04LARPHI-44,43.5,active,0.4874,0.5574
2026-10-03T15:47:32.758566+00:00,2026-10-03,2026-10-04,TOTAL,KXNFLTOTAL-26OCT04LARPHI,KXNFLTOTAL-26OCT04LARPHI-43,42.5,active,0.5375,0.5075
2026-10-03T15:47:32.758566+00:00,2026-10-03,2026-10-04,TOTAL,KXNFLTOTAL-26OCT04LARPHI,KXNFLTOTAL-26OCT04LARPHI-40,39.5,active,0.6365,0.4067
2026-10-03T15:47:32.758566+00:00,2026-10-03,2026-10-04,TOTAL,KXNFLTOTAL-26OCT04LARPHI,KXNFLTOTAL-26OCT04LARPHI-37,36.5,active,0.7341,0.3044
2026-10-03T15:47:32.758566+00:00,2026-10-03,2026-10-04,TOTAL,KXNFLTOTAL-26OCT04LARPHI,KXNFLTOTAL-26OCT04LARPHI-34,33.5,active,0.7920,0.2424
2026-10-03T15:47:32.758566+00:00,2026-10-03,2026-10-04,TOTAL,KXNFLTOTAL-26OCT04LARPHI,KXNFLTOTAL-26OCT04LARPHI-31,30.5,active,0.8589,0.1694
2026-10-03T15:47:32.758566+00:00,2026-10-03,2026-10-04,TOTAL,KXNFLTOTAL-26OCT04LARPHI,KXNFLTOTAL-26OCT04LARPHI-28,27.5,active,0.9157,0.1169
2026-10-03T15:47:32.758566+00:00,2026-10-03,2026-10-04,TOTAL,KXNFLTOTAL-26OCT04LARPHI,KXNFLTOTAL-26OCT04LARPHI-25,24.5,active,0.9439,0.0852
2026-10-03T15:47:32.758566+00:00,2026-10-03,2026-10-04,TOTAL,KXNFLTOTAL-26OCT04GBTB,KXNFLTOTAL-26OCT04GBTB-68,67.5,active,0.0320,0.9814
2026-10-03T15:47:32.758566+00:00,2026-10-03,2026-10-04,TOTAL,KXNFLTOTAL-26OCT04GBTB,KXNFLTOTAL-26OCT04GBTB-65,64.5,active,0.0533,0.9627
2026-10-03T15:47:32.758566+00:00,2026-10-03,2026-10-04,TOTAL,KXNFLTOTAL-26OCT04GBTB,KXNFLTOTAL-26OCT04GBTB-62,61.5,active,0.0533,0.9627
2026-10-03T15:47:32.758566+00:00,2026-10-03,2026-10-04,TOTAL,KXNFLTOTAL-26OCT04GBTB,KXNFLTOTAL-26OCT04GBTB-59,58.5,active,0.0957,0.9346
2026-10-03T15:47:32.758566+00:00,2026-10-03,2026-10-04,TOTAL,KXNFLTOTAL-26OCT04GBTB,KXNFLTOTAL-26OCT04GBTB-56,55.5,active,0.1274,0.8969
2026-10-03T15:47:32.758566+00:00,2026-10-03,2026-10-04,TOTAL,KXNFLTOTAL-26OCT04GBTB,KXNFLTOTAL-26OCT04GBTB-53,52.5,active,0.1589,0.8684
2026-10-03T15:47:32.758566+00:00,2026-10-03,2026-10-04,TOTAL,KXNFLTOTAL-26OCT04GBTB,KXNFLTOTAL-26OCT04GBTB-50,49.5,active,0.2216,0.8112
2026-10-03T15:47:32.758566+00:00,2026-10-03,2026-10-04,TOTAL,KXNFLTOTAL-26OCT04GBTB,KXNFLTOTAL-26OCT04GBTB-49,48.5,active,0.2424,0.7920
2026-10-03T15:47:32.758566+00:00,2026-10-03,2026-10-04,TOTAL,KXNFLTOTAL-26OCT04GBTB,KXNFLTOTAL-26OCT04GBTB-48,47.5,active,0.2631,0.7728
2026-10-03T15:47:32.758566+00:00,2026-10-03,2026-10-04,TOTAL,KXNFLTOTAL-26OCT04GBTB,KXNFLTOTAL-26OCT04GBTB-47,46.5,active,0.2941,0.7438
2026-10-03T15:47:32.758566+00:00,2026-10-03,2026-10-04,TOTAL,KXNFLTOTAL-26OCT04GBTB,KXNFLTOTAL-26OCT04GBTB-46,45.5,active,0.3147,0.7244
2026-10-03T15:47:32.758566+00:00,2026-10-03,2026-10-04,TOTAL,KXNFLTOTAL-26OCT04GBTB,KXNFLTOTAL-26OCT04GBTB-45,44.5,active,0.3557,0.6855
2026-10-03T15:47:32.758566+00:00,2026-10-03,2026-10-04,TOTAL,KXNFLTOTAL-26OCT04GBTB,KXNFLTOTAL-26OCT04GBTB-44,43.5,active,0.3761,0.6659
2026-10-03T15:47:32.758566+00:00,2026-10-03,2026-10-04,TOTAL,KXNFLTOTAL-26OCT04GBTB,KXNFLTOTAL-26OCT04GBTB-41,40.5,active,0.4673,0.5772
2026-10-03T15:47:32.758566+00:00,2026-10-03,2026-10-04,TOTAL,KXNFLTOTAL-26OCT04GBTB,KXNFLTOTAL-26OCT04GBTB-38,37.5,active,0.5772,0.4673
2026-10-03T15:47:32.758566+00:00,2026-10-03,2026-10-04,TOTAL,KXNFLTOTAL-26OCT04GBTB,KXNFLTOTAL-26OCT04GBTB-35,34.5,active,0.6659,0.3761
2026-10-03T15:47:32.758566+00:00,2026-10-03,2026-10-04,TOTAL,KXNFLTOTAL-26OCT04GBTB,KXNFLTOTAL-26OCT04GBTB-32,31.5,active,0.7535,0.2838
2026-10-03T15:47:32.758566+00:00,2026-10-03,2026-10-04,TOTAL,KXNFLTOTAL-26OCT04GBTB,KXNFLTOTAL-26OCT04GBTB-29,28.5,active,0.8303,0.2008
2026-10-03T15:47:32.758566+00:00,2026-10-03,2026-10-04,TOTAL,KXNFLTOTAL-26OCT04GBTB,KXNFLTOTAL-26OCT04GBTB-26,25.5,active,0.8969,0.1379
2026-10-03T15:47:32.758566+00:00,2026-10-03,2026-10-04,TOTAL,KXNFLTOTAL-26OCT04JACCIN,KXNFLTOTAL-26OCT04JACCIN-71,70.5,active,0.1063,0.9157
2026-10-03T15:47:32.758566+00:00,2026-10-03,2026-10-04,TOTAL,KXNFLTOTAL-26OCT04JACCIN,KXNFLTOTAL-26OCT04JACCIN-68,67.5,active,0.1379,0.8874
2026-10-03T15:47:32.758566+00:00,2026-10-03,2026-10-04,TOTAL,KXNFLTOTAL-26OCT04JACCIN,KXNFLTOTAL-26OCT04JACCIN-65,64.5,active,0.2008,0.8303
2026-10-03T15:47:32.758566+00:00,2026-10-03,2026-10-04,TOTAL,KXNFLTOTAL-26OCT04JACCIN,KXNFLTOTAL-26OCT04JACCIN-62,61.5,active,0.2631,0.7728
2026-10-03T15:47:32.758566+00:00,2026-10-03,2026-10-04,TOTAL,KXNFLTOTAL-26OCT04JACCIN,KXNFLTOTAL-26OCT04JACCIN-59,58.5,active,0.3147,0.7244
2026-10-03T15:47:32.758566+00:00,2026-10-03,2026-10-04,TOTAL,KXNFLTOTAL-26OCT04JACCIN,KXNFLTOTAL-26OCT04JACCIN-56,55.5,active,0.3965,0.6463
2026-10-03T15:47:32.758566+00:00,2026-10-03,2026-10-04,TOTAL,KXNFLTOTAL-26OCT04JACCIN,KXNFLTOTAL-26OCT04JACCIN-53,52.5,active,0.4975,0.5474
2026-10-03T15:47:32.758566+00:00,2026-10-03,2026-10-04,TOTAL,KXNFLTOTAL-26OCT04JACCIN,KXNFLTOTAL-26OCT04JACCIN-52,51.5,active,0.5275,0.5175
2026-10-03T15:47:32.758566+00:00,2026-10-03,2026-10-04,TOTAL,KXNFLTOTAL-26OCT04JACCIN,KXNFLTOTAL-26OCT04JACCIN-51,50.5,active,0.5673,0.4774
2026-10-03T15:47:32.758566+00:00,2026-10-03,2026-10-04,TOTAL,KXNFLTOTAL-26OCT04JACCIN,KXNFLTOTAL-26OCT04JACCIN-50,49.5,active,0.5971,0.4472
2026-10-03T15:47:32.758566+00:00,2026-10-03,2026-10-04,TOTAL,KXNFLTOTAL-26OCT04JACCIN,KXNFLTOTAL-26OCT04JACCIN-49,48.5,active,0.6267,0.4168
2026-10-03T15:47:32.758566+00:00,2026-10-03,2026-10-04,TOTAL,KXNFLTOTAL-26OCT04JACCIN,KXNFLTOTAL-26OCT04JACCIN-48,47.5,active,0.6365,0.4067
2026-10-03T15:47:32.758566+00:00,2026-10-03,2026-10-04,TOTAL,KXNFLTOTAL-26OCT04JACCIN,KXNFLTOTAL-26OCT04JACCIN-47,46.5,active,0.6757,0.3659
2026-10-03T15:47:32.758566+00:00,2026-10-03,2026-10-04,TOTAL,KXNFLTOTAL-26OCT04JACCIN,KXNFLTOTAL-26OCT04JACCIN-44,43.5,active,0.7535,0.2838
2026-10-03T15:47:32.758566+00:00,2026-10-03,2026-10-04,TOTAL,KXNFLTOTAL-26OCT04JACCIN,KXNFLTOTAL-26OCT04JACCIN-41,40.5,active,0.8112,0.2216
2026-10-03T15:47:32.758566+00:00,2026-10-03,2026-10-04,TOTAL,KXNFLTOTAL-26OCT04JACCIN,KXNFLTOTAL-26OCT04JACCIN-38,37.5,active,0.8684,0.1694
2026-10-03T15:47:32.758566+00:00,2026-10-03,2026-10-04,TOTAL,KXNFLTOTAL-26OCT04JACCIN,KXNFLTOTAL-26OCT04JACCIN-35,34.5,active,0.9063,0.1169
2026-10-03T15:47:32.758566+00:00,2026-10-03,2026-10-04,TOTAL,KXNFLTOTAL-26OCT04JACCIN,KXNFLTOTAL-26OCT04JACCIN-32,31.5,active,0.9439,0.0746
2026-10-03T15:47:32.758566+00:00,2026-10-03,2026-10-04,TOTAL,KXNFLTOTAL-26OCT04JACCIN,KXNFLTOTAL-26OCT04JACCIN-29,28.5,active,0.9627,0.0533
2026-10-03T15:47:32.758566+00:00,2026-10-03,2026-10-04,TOTAL,KXNFLTOTAL-26OCT04NEBUF,KXNFLTOTAL-26OCT04NEBUF-70,69.5,active,0.0852,0.9346
2026-10-03T15:47:32.758566+00:00,2026-10-03,2026-10-04,TOTAL,KXNFLTOTAL-26OCT04NEBUF,KXNFLTOTAL-26OCT04NEBUF-67,66.5,active,0.1274,0.8969
2026-10-03T15:47:32.758566+00:00,2026-10-03,2026-10-04,TOTAL,KXNFLTOTAL-26OCT04NEBUF,KXNFLTOTAL-26OCT04NEBUF-64,63.5,active,0.1694,0.8589
2026-10-03T15:47:32.758566+00:00,2026-10-03,2026-10-04,TOTAL,KXNFLTOTAL-26OCT04NEBUF,KXNFLTOTAL-26OCT04NEBUF-61,60.5,active,0.2320,0.8016
2026-10-03T15:47:32.758566+00:00,2026-10-03,2026-10-04,TOTAL,KXNFLTOTAL-26OCT04NEBUF,KXNFLTOTAL-26OCT04NEBUF-58,57.5,active,0.3147,0.7341
2026-10-03T15:47:32.758566+00:00,2026-10-03,2026-10-04,TOTAL,KXNFLTOTAL-26OCT04NEBUF,KXNFLTOTAL-26OCT04NEBUF-55,54.5,active,0.3863,0.6561
2026-10-03T15:47:32.758566+00:00,2026-10-03,2026-10-04,TOTAL,KXNFLTOTAL-26OCT04NEBUF,KXNFLTOTAL-26OCT04NEBUF-52,51.5,active,0.4673,0.5772
2026-10-03T15:47:32.758566+00:00,2026-10-03,2026-10-04,TOTAL,KXNFLTOTAL-26OCT04NEBUF,KXNFLTOTAL-26OCT04NEBUF-51,50.5,active,0.5075,0.5375
2026-10-03T15:47:32.758566+00:00,2026-10-03,2026-10-04,TOTAL,KXNFLTOTAL-26OCT04NEBUF,KXNFLTOTAL-26OCT04NEBUF-50,49.5,active,0.5375,0.5075
2026-10-03T15:47:32.758566+00:00,2026-10-03,2026-10-04,TOTAL,KXNFLTOTAL-26OCT04NEBUF,KXNFLTOTAL-26OCT04NEBUF-49,48.5,active,0.5673,0.4774
2026-10-03T15:47:32.758566+00:00,2026-10-03,2026-10-04,TOTAL,KXNFLTOTAL-26OCT04NEBUF,KXNFLTOTAL-26OCT04NEBUF-48,47.5,active,0.5971,0.4472
2026-10-03T15:47:32.758566+00:00,2026-10-03,2026-10-04,TOTAL,KXNFLTOTAL-26OCT04NEBUF,KXNFLTOTAL-26OCT04NEBUF-47,46.5,active,0.6365,0.4067
2026-10-03T15:47:32.758566+00:00,2026-10-03,2026-10-04,TOTAL,KXNFLTOTAL-26OCT04NEBUF,KXNFLTOTAL-26OCT04NEBUF-46,45.5,active,0.6463,0.3965
2026-10-03T15:47:32.758566+00:00,2026-10-03,2026-10-04,TOTAL,KXNFLTOTAL-26OCT04NEBUF,KXNFLTOTAL-26OCT04NEBUF-43,42.5,active,0.7341,0.3044
2026-10-03T15:47:32.758566+00:00,2026-10-03,2026-10-04,TOTAL,KXNFLTOTAL-26OCT04NEBUF,KXNFLTOTAL-26OCT04NEBUF-40,39.5,active,0.8112,0.2216
2026-10-03T15:47:32.758566+00:00,2026-10-03,2026-10-04,TOTAL,KXNFLTOTAL-26OCT04NEBUF,KXNFLTOTAL-26OCT04NEBUF-37,36.5,active,0.8684,0.1589
2026-10-03T15:47:32.758566+00:00,2026-10-03,2026-10-04,TOTAL,KXNFLTOTAL-26OCT04NEBUF,KXNFLTOTAL-26OCT04NEBUF-34,33.5,active,0.9157,0.1169
2026-10-03T15:47:32.758566+00:00,2026-10-03,2026-10-04,TOTAL,KXNFLTOTAL-26OCT04NEBUF,KXNFLTOTAL-26OCT04NEBUF-31,30.5,active,0.9533,0.0746
2026-10-03T15:47:32.758566+00:00,2026-10-03,2026-10-04,TOTAL,KXNFLTOTAL-26OCT04NEBUF,KXNFLTOTAL-26OCT04NEBUF-28,27.5,active,0.9720,0.0533
2026-10-03T15:47:32.758566+00:00,2026-10-03,2026-10-04,TOTAL,KXNFLTOTAL-26OCT04NYJCHI,KXNFLTOTAL-26OCT04NYJCHI-64,63.5,active,0.0639,0.9533
2026-10-03T15:47:32.758566+00:00,2026-10-03,2026-10-04,TOTAL,KXNFLTOTAL-26OCT04NYJCHI,KXNFLTOTAL-26OCT04NYJCHI-61,60.5,active,0.0957,0.9252
2026-10-03T15:47:32.758566+00:00,2026-10-03,2026-10-04,TOTAL,KXNFLTOTAL-26OCT04NYJCHI,KXNFLTOTAL-26OCT04NYJCHI-58,57.5,active,0.1274,0.8969
2026-10-03T15:47:32.758566+00:00,2026-10-03,2026-10-04,TOTAL,KXNFLTOTAL-26OCT04NYJCHI,KXNFLTOTAL-26OCT04NYJCHI-55,54.5,active,0.1903,0.8399
2026-10-03T15:47:32.758566+00:00,2026-10-03,2026-10-04,TOTAL,KXNFLTOTAL-26OCT04NYJCHI,KXNFLTOTAL-26OCT04NYJCHI-52,51.5,active,0.2528,0.7824
2026-10-03T15:47:32.758566+00:00,2026-10-03,2026-10-04,TOTAL,KXNFLTOTAL-26OCT04NYJCHI,KXNFLTOTAL-26OCT04NYJCHI-49,48.5,active,0.3455,0.6952
2026-10-03T15:47:32.758566+00:00,2026-10-03,2026-10-04,TOTAL,KXNFLTOTAL-26OCT04NYJCHI,KXNFLTOTAL-26OCT04NYJCHI-46,45.5,active,0.4371,0.6069
2026-10-03T15:47:32.758566+00:00,2026-10-03,2026-10-04,TOTAL,KXNFLTOTAL-26OCT04NYJCHI,KXNFLTOTAL-26OCT04NYJCHI-45,44.5,active,0.4673,0.5772
2026-10-03T15:47:32.758566+00:00,2026-10-03,2026-10-04,TOTAL,KXNFLTOTAL-26OCT04NYJCHI,KXNFLTOTAL-26OCT04NYJCHI-44,43.5,active,0.5175,0.5275
2026-10-03T15:47:32.758566+00:00,2026-10-03,2026-10-04,TOTAL,KXNFLTOTAL-26OCT04NYJCHI,KXNFLTOTAL-26OCT04NYJCHI-43,42.5,active,0.5474,0.4975
2026-10-03T15:47:32.758566+00:00,2026-10-03,2026-10-04,TOTAL,KXNFLTOTAL-26OCT04NYJCHI,KXNFLTOTAL-26OCT04NYJCHI-42,41.5,active,0.5772,0.4673
2026-10-03T15:47:32.758566+00:00,2026-10-03,2026-10-04,TOTAL,KXNFLTOTAL-26OCT04NYJCHI,KXNFLTOTAL-26OCT04NYJCHI-41,40.5,active,0.6069,0.4371
2026-10-03T15:47:32.758566+00:00,2026-10-03,2026-10-04,TOTAL,KXNFLTOTAL-26OCT04NYJCHI,KXNFLTOTAL-26OCT04NYJCHI-40,39.5,active,0.6267,0.4168
2026-10-03T15:47:32.758566+00:00,2026-10-03,2026-10-04,TOTAL,KXNFLTOTAL-26OCT04NYJCHI,KXNFLTOTAL-26OCT04NYJCHI-37,36.5,active,0.7147,0.3250
2026-10-03T15:47:32.758566+00:00,2026-10-03,2026-10-04,TOTAL,KXNFLTOTAL-26OCT04NYJCHI,KXNFLTOTAL-26OCT04NYJCHI-34,33.5,active,0.7920,0.2424
2026-10-03T15:47:32.758566+00:00,2026-10-03,2026-10-04,TOTAL,KXNFLTOTAL-26OCT04NYJCHI,KXNFLTOTAL-26OCT04NYJCHI-31,30.5,active,0.8494,0.1799
2026-10-03T15:47:32.758566+00:00,2026-10-03,2026-10-04,TOTAL,KXNFLTOTAL-26OCT04NYJCHI,KXNFLTOTAL-26OCT04NYJCHI-28,27.5,active,0.9063,0.1169
2026-10-03T15:47:32.758566+00:00,2026-10-03,2026-10-04,TOTAL,KXNFLTOTAL-26OCT04NYJCHI,KXNFLTOTAL-26OCT04NYJCHI-25,24.5,active,0.9346,0.0852
2026-10-03T15:47:32.758566+00:00,2026-10-03,2026-10-04,TOTAL,KXNFLTOTAL-26OCT04NYJCHI,KXNFLTOTAL-26OCT04NYJCHI-22,21.5,active,0.9627,0.0533
2026-10-03T15:47:32.758566+00:00,2026-10-03,2026-10-04,TOTAL,KXNFLTOTAL-26OCT04INDWAS,KXNFLTOTAL-26OCT04INDWAS-68,67.5,active,0.0852,0.9346
2026-10-03T15:47:32.758566+00:00,2026-10-03,2026-10-04,TOTAL,KXNFLTOTAL-26OCT04INDWAS,KXNFLTOTAL-26OCT04INDWAS-65,64.5,active,0.1169,0.9063
2026-10-03T15:47:32.758566+00:00,2026-10-03,2026-10-04,TOTAL,KXNFLTOTAL-26OCT04INDWAS,KXNFLTOTAL-26OCT04INDWAS-62,61.5,active,0.1694,0.8589
2026-10-03T15:47:32.758566+00:00,2026-10-03,2026-10-04,TOTAL,KXNFLTOTAL-26OCT04INDWAS,KXNFLTOTAL-26OCT04INDWAS-59,58.5,active,0.2112,0.8208
2026-10-03T15:47:32.758566+00:00,2026-10-03,2026-10-04,TOTAL,KXNFLTOTAL-26OCT04INDWAS,KXNFLTOTAL-26OCT04INDWAS-56,55.5,active,0.2735,0.7631
2026-10-03T15:47:32.758566+00:00,2026-10-03,2026-10-04,TOTAL,KXNFLTOTAL-26OCT04INDWAS,KXNFLTOTAL-26OCT04INDWAS-53,52.5,active,0.3455,0.6952
2026-10-03T15:47:32.758566+00:00,2026-10-03,2026-10-04,TOTAL,KXNFLTOTAL-26OCT04INDWAS,KXNFLTOTAL-26OCT04INDWAS-50,49.5,active,0.4371,0.6069
2026-10-03T15:47:32.758566+00:00,2026-10-03,2026-10-04,TOTAL,KXNFLTOTAL-26OCT04INDWAS,KXNFLTOTAL-26OCT04INDWAS-49,48.5,active,0.4673,0.5772
2026-10-03T15:47:32.758566+00:00,2026-10-03,2026-10-04,TOTAL,KXNFLTOTAL-26OCT04INDWAS,KXNFLTOTAL-26OCT04INDWAS-48,47.5,active,0.5075,0.5375
2026-10-03T15:47:32.758566+00:00,2026-10-03,2026-10-04,TOTAL,KXNFLTOTAL-26OCT04INDWAS,KXNFLTOTAL-26OCT04INDWAS-47,46.5,active,0.5574,0.4874
2026-10-03T15:47:32.758566+00:00,2026-10-03,2026-10-04,TOTAL,KXNFLTOTAL-26OCT04INDWAS,KXNFLTOTAL-26OCT04INDWAS-46,45.5,active,0.5772,0.4673
2026-10-03T15:47:32.758566+00:00,2026-10-03,2026-10-04,TOTAL,KXNFLTOTAL-26OCT04INDWAS,KXNFLTOTAL-26OCT04INDWAS-45,44.5,active,0.5971,0.4472
2026-10-03T15:47:32.758566+00:00,2026-10-03,2026-10-04,TOTAL,KXNFLTOTAL-26OCT04INDWAS,KXNFLTOTAL-26OCT04INDWAS-44,43.5,active,0.6267,0.4168
2026-10-03T15:47:32.758566+00:00,2026-10-03,2026-10-04,TOTAL,KXNFLTOTAL-26OCT04INDWAS,KXNFLTOTAL-26OCT04INDWAS-41,40.5,active,0.7244,0.3147
2026-10-03T15:47:32.758566+00:00,2026-10-03,2026-10-04,TOTAL,KXNFLTOTAL-26OCT04INDWAS,KXNFLTOTAL-26OCT04INDWAS-38,37.5,active,0.7920,0.2424
2026-10-03T15:47:32.758566+00:00,2026-10-03,2026-10-04,TOTAL,KXNFLTOTAL-26OCT04INDWAS,KXNFLTOTAL-26OCT04INDWAS-35,34.5,active,0.8589,0.1799
2026-10-03T15:47:32.758566+00:00,2026-10-03,2026-10-04,TOTAL,KXNFLTOTAL-26OCT04INDWAS,KXNFLTOTAL-26OCT04INDWAS-32,31.5,active,0.9063,0.1169
2026-10-03T15:47:32.758566+00:00,2026-10-03,2026-10-04,TOTAL,KXNFLTOTAL-26OCT04INDWAS,KXNFLTOTAL-26OCT04INDWAS-29,28.5,active,0.9439,0.0746
2026-10-03T15:47:32.758566+00:00,2026-10-03,2026-10-04,TOTAL,KXNFLTOTAL-26OCT04INDWAS,KXNFLTOTAL-26OCT04INDWAS-26,25.5,active,0.9627,0.0533
2026-10-03T15:47:32.758566+00:00,2026-10-03,2026-10-04,1H TOTAL,KXNFL1HTOTAL-26OCT04DETCAR,KXNFL1HTOTAL-26OCT04DETCAR-8,7.5,active,0.9814,0.0427
2026-10-03T15:47:32.758566+00:00,2026-10-03,2026-10-04,1H TOTAL,KXNFL1HTOTAL-26OCT04DETCAR,KXNFL1HTOTAL-26OCT04DETCAR-43,42.5,active,0.0639,0.9720
2026-10-03T15:47:32.758566+00:00,2026-10-03,2026-10-04,1H TOTAL,KXNFL1HTOTAL-26OCT04DETCAR,KXNFL1HTOTAL-26OCT04DETCAR-4,3.5,active,0.9907,0.0320
2026-10-03T15:47:32.758566+00:00,2026-10-03,2026-10-04,1H TOTAL,KXNFL1HTOTAL-26OCT04DETCAR,KXNFL1HTOTAL-26OCT04DETCAR-39,38.5,active,0.1063,0.9346
2026-10-03T15:47:32.758566+00:00,2026-10-03,2026-10-04,1H TOTAL,KXNFL1HTOTAL-26OCT04DETCAR,KXNFL1HTOTAL-26OCT04DETCAR-36,35.5,active,0.1589,0.8684
2026-10-03T15:47:32.758566+00:00,2026-10-03,2026-10-04,1H TOTAL,KXNFL1HTOTAL-26OCT04DETCAR,KXNFL1HTOTAL-26OCT04DETCAR-32,31.5,active,0.2631,0.7824
2026-10-03T15:47:32.758566+00:00,2026-10-03,2026-10-04,1H TOTAL,KXNFL1HTOTAL-26OCT04DETCAR,KXNFL1HTOTAL-26OCT04DETCAR-29,28.5,active,0.3863,0.6561
2026-10-03T15:47:32.758566+00:00,2026-10-03,2026-10-04,1H TOTAL,KXNFL1HTOTAL-26OCT04DETCAR,KXNFL1HTOTAL-26OCT04DETCAR-25,24.5,active,0.5175,0.5275
2026-10-03T15:47:32.758566+00:00,2026-10-03,2026-10-04,1H TOTAL,KXNFL1HTOTAL-26OCT04DETCAR,KXNFL1HTOTAL-26OCT04DETCAR-22,21.5,active,0.6757,0.3659
2026-10-03T15:47:32.758566+00:00,2026-10-03,2026-10-04,1H TOTAL,KXNFL1HTOTAL-26OCT04DETCAR,KXNFL1HTOTAL-26OCT04DETCAR-21,20.5,active,0.6952,0.3455
2026-10-03T15:47:32.758566+00:00,2026-10-03,2026-10-04,1H TOTAL,KXNFL1HTOTAL-26OCT04DETCAR,KXNFL1HTOTAL-26OCT04DETCAR-18,17.5,active,0.8112,0.2320
2026-10-03T15:47:32.758566+00:00,2026-10-03,2026-10-04,1H TOTAL,KXNFL1HTOTAL-26OCT04DETCAR,KXNFL1HTOTAL-26OCT04DETCAR-15,14.5,active,0.8969,0.1274
2026-10-03T15:47:32.758566+00:00,2026-10-03,2026-10-04,1H TOTAL,KXNFL1HTOTAL-26OCT04DETCAR,KXNFL1HTOTAL-26OCT04DETCAR-11,10.5,active,0.9533,0.0852
2026-10-03T15:47:32.758566+00:00,2026-10-03,2026-10-04,1H TOTAL,KXNFL1HTOTAL-26OCT04LACSEA,KXNFL1HTOTAL-26OCT04LACSEA-8,7.5,active,0.9533,0.0746
2026-10-03T15:47:32.758566+00:00,2026-10-03,2026-10-04,1H TOTAL,KXNFL1HTOTAL-26OCT04LACSEA,KXNFL1HTOTAL-26OCT04LACSEA-43,42.5,active,0.0427,0.9907
2026-10-03T15:47:32.758566+00:00,2026-10-03,2026-10-04,1H TOTAL,KXNFL1HTOTAL-26OCT04LACSEA,KXNFL1HTOTAL-26OCT04LACSEA-4,3.5,active,0.9907,0.0320
2026-10-03T15:47:32.758566+00:00,2026-10-03,2026-10-04,1H TOTAL,KXNFL1HTOTAL-26OCT04LACSEA,KXNFL1HTOTAL-26OCT04LACSEA-39,38.5,active,0.0639,0.9814
2026-10-03T15:47:32.758566+00:00,2026-10-03,2026-10-04,1H TOTAL,KXNFL1HTOTAL-26OCT04LACSEA,KXNFL1HTOTAL-26OCT04LACSEA-36,35.5,active,0.0852,0.9439
2026-10-03T15:47:32.758566+00:00,2026-10-03,2026-10-04,1H TOTAL,KXNFL1HTOTAL-26OCT04LACSEA,KXNFL1HTOTAL-26OCT04LACSEA-32,31.5,active,0.1484,0.8874
2026-10-03T15:47:32.758566+00:00,2026-10-03,2026-10-04,1H TOTAL,KXNFL1HTOTAL-26OCT04LACSEA,KXNFL1HTOTAL-26OCT04LACSEA-29,28.5,active,0.2320,0.8016
2026-10-03T15:47:32.758566+00:00,2026-10-03,2026-10-04,1H TOTAL,KXNFL1HTOTAL-26OCT04LACSEA,KXNFL1HTOTAL-26OCT04LACSEA-25,24.5,active,0.3659,0.6855
2026-10-03T15:47:32.758566+00:00,2026-10-03,2026-10-04,1H TOTAL,KXNFL1HTOTAL-26OCT04LACSEA,KXNFL1HTOTAL-26OCT04LACSEA-22,21.5,active,0.5075,0.5375
2026-10-03T15:47:32.758566+00:00,2026-10-03,2026-10-04,1H TOTAL,KXNFL1HTOTAL-26OCT04LACSEA,KXNFL1HTOTAL-26OCT04LACSEA-21,20.5,active,0.5673,0.4774
2026-10-03T15:47:32.758566+00:00,2026-10-03,2026-10-04,1H TOTAL,KXNFL1HTOTAL-26OCT04LACSEA,KXNFL1HTOTAL-26OCT04LACSEA-18,17.5,active,0.6757,0.3659
2026-10-03T15:47:32.758566+00:00,2026-10-03,2026-10-04,1H TOTAL,KXNFL1HTOTAL-26OCT04LACSEA,KXNFL1HTOTAL-26OCT04LACSEA-15,14.5,active,0.8112,0.2320
2026-10-03T15:47:32.758566+00:00,2026-10-03,2026-10-04,1H TOTAL,KXNFL1HTOTAL-26OCT04LACSEA,KXNFL1HTOTAL-26OCT04LACSEA-11,10.5,active,0.9063,0.1169
2026-10-03T15:47:32.758566+00:00,2026-10-03,2026-10-04,1H TOTAL,KXNFL1HTOTAL-26OCT04KCLV,KXNFL1HTOTAL-26OCT04KCLV-8,7.5,active,0.9720,0.0533
2026-10-03T15:47:32.758566+00:00,2026-10-03,2026-10-04,1H TOTAL,KXNFL1HTOTAL-26OCT04KCLV,KXNFL1HTOTAL-26OCT04KCLV-43,42.5,active,0.0533,0.9814
2026-10-03T15:47:32.758566+00:00,2026-10-03,2026-10-04,1H TOTAL,KXNFL1HTOTAL-26OCT04KCLV,KXNFL1HTOTAL-26OCT04KCLV-4,3.5,active,0.9907,0.0320
2026-10-03T15:47:32.758566+00:00,2026-10-03,2026-10-04,1H TOTAL,KXNFL1HTOTAL-26OCT04KCLV,KXNFL1HTOTAL-26OCT04KCLV-39,38.5,active,0.0746,0.9627
2026-10-03T15:47:32.758566+00:00,2026-10-03,2026-10-04,1H TOTAL,KXNFL1HTOTAL-26OCT04KCLV,KXNFL1HTOTAL-26OCT04KCLV-36,35.5,active,0.1274,0.9063
2026-10-03T15:47:32.758566+00:00,2026-10-03,2026-10-04,1H TOTAL,KXNFL1HTOTAL-26OCT04KCLV,KXNFL1HTOTAL-26OCT04KCLV-32,31.5,active,0.2216,0.8208
2026-10-03T15:47:32.758566+00:00,2026-10-03,2026-10-04,1H TOTAL,KXNFL1HTOTAL-26OCT04KCLV,KXNFL1HTOTAL-26OCT04KCLV-29,28.5,active,0.3250,0.7147
2026-10-03T15:47:32.758566+00:00,2026-10-03,2026-10-04,1H TOTAL,KXNFL1HTOTAL-26OCT04KCLV,KXNFL1HTOTAL-26OCT04KCLV-25,24.5,active,0.4673,0.5772
2026-10-03T15:47:32.758566+00:00,2026-10-03,2026-10-04,1H TOTAL,KXNFL1HTOTAL-26OCT04KCLV,KXNFL1HTOTAL-26OCT04KCLV-24,23.5,active,0.5574,0.4874
2026-10-03T15:47:32.758566+00:00,2026-10-03,2026-10-04,1H TOTAL,KXNFL1HTOTAL-26OCT04KCLV,KXNFL1HTOTAL-26OCT04KCLV-22,21.5,active,0.6365,0.4168
2026-10-03T15:47:32.758566+00:00,2026-10-03,2026-10-04,1H TOTAL,KXNFL1HTOTAL-26OCT04KCLV,KXNFL1HTOTAL-26OCT04KCLV-21,20.5,active,0.6561,0.3863
2026-10-03T15:47:32.758566+00:00,2026-10-03,2026-10-04,1H TOTAL,KXNFL1HTOTAL-26OCT04KCLV,KXNFL1HTOTAL-26OCT04KCLV-18,17.5,active,0.7824,0.2735
2026-10-03T15:47:32.758566+00:00,2026-10-03,2026-10-04,1H TOTAL,KXNFL1HTOTAL-26OCT04KCLV,KXNFL1HTOTAL-26OCT04KCLV-15,14.5,active,0.8779,0.1589
2026-10-03T15:47:32.758566+00:00,2026-10-03,2026-10-04,1H TOTAL,KXNFL1HTOTAL-26OCT04KCLV,KXNFL1HTOTAL-26OCT04KCLV-11,10.5,active,0.9439,0.0852
2026-10-03T15:47:32.758566+00:00,2026-10-03,2026-10-04,1H TOTAL,KXNFL1HTOTAL-26OCT04DENSF,KXNFL1HTOTAL-26OCT04DENSF-8,7.5,active,0.9720,0.0533
2026-10-03T15:47:32.758566+00:00,2026-10-03,2026-10-04,1H TOTAL,KXNFL1HTOTAL-26OCT04DENSF,KXNFL1HTOTAL-26OCT04DENSF-43,42.5,active,0.0533,0.9814
2026-10-03T15:47:32.758566+00:00,2026-10-03,2026-10-04,1H TOTAL,KXNFL1HTOTAL-26OCT04DENSF,KXNFL1HTOTAL-26OCT04DENSF-4,3.5,active,0.9907,0.0427
2026-10-03T15:47:32.758566+00:00,2026-10-03,2026-10-04,1H TOTAL,KXNFL1HTOTAL-26OCT04DENSF,KXNFL1HTOTAL-26OCT04DENSF-39,38.5,active,0.0639,0.9533
2026-10-03T15:47:32.758566+00:00,2026-10-03,2026-10-04,1H TOTAL,KXNFL1HTOTAL-26OCT04DENSF,KXNFL1HTOTAL-26OCT04DENSF-36,35.5,active,0.1274,0.8969
2026-10-03T15:47:32.758566+00:00,2026-10-03,2026-10-04,1H TOTAL,KXNFL1HTOTAL-26OCT04DENSF,KXNFL1HTOTAL-26OCT04DENSF-32,31.5,active,0.2216,0.8303
2026-10-03T15:47:32.758566+00:00,2026-10-03,2026-10-04,1H TOTAL,KXNFL1HTOTAL-26OCT04DENSF,KXNFL1HTOTAL-26OCT04DENSF-29,28.5,active,0.3147,0.7244
2026-10-03T15:47:32.758566+00:00,2026-10-03,2026-10-04,1H TOTAL,KXNFL1HTOTAL-26OCT04DENSF,KXNFL1HTOTAL-26OCT04DENSF-25,24.5,active,0.4371,0.6069
2026-10-03T15:47:32.758566+00:00,2026-10-03,2026-10-04,1H TOTAL,KXNFL1HTOTAL-26OCT04DENSF,KXNFL1HTOTAL-26OCT04DENSF-24,23.5,active,0.5375,0.5075
2026-10-03T15:47:32.758566+00:00,2026-10-03,2026-10-04,1H TOTAL,KXNFL1HTOTAL-26OCT04DENSF,KXNFL1HTOTAL-26OCT04DENSF-22,21.5,active,0.6069,0.4371
2026-10-03T15:47:32.758566+00:00,2026-10-03,2026-10-04,1H TOTAL,KXNFL1HTOTAL-26OCT04DENSF,KXNFL1HTOTAL-26OCT04DENSF-21,20.5,active,0.6463,0.3965
2026-10-03T15:47:32.758566+00:00,2026-10-03,2026-10-04,1H TOTAL,KXNFL1HTOTAL-26OCT04DENSF,KXNFL1HTOTAL-26OCT04DENSF-18,17.5,active,0.7631,0.2838
2026-10-03T15:47:32.758566+00:00,2026-10-03,2026-10-04,1H TOTAL,KXNFL1HTOTAL-26OCT04DENSF,KXNFL1HTOTAL-26OCT04DENSF-15,14.5,active,0.8684,0.1694
2026-10-03T15:47:32.758566+00:00,2026-10-03,2026-10-04,1H TOTAL,KXNFL1HTOTAL-26OCT04DENSF,KXNFL1HTOTAL-26OCT04DENSF-11,10.5,active,0.9439,0.0852
2026-10-03T15:47:32.758566+00:00,2026-10-03,2026-10-04,1H TOTAL,KXNFL1HTOTAL-26OCT04MIAMIN,KXNFL1HTOTAL-26OCT04MIAMIN-8,7.5,active,0.9439,0.0852
2026-10-03T15:47:32.758566+00:00,2026-10-03,2026-10-04,1H TOTAL,KXNFL1HTOTAL-26OCT04MIAMIN,KXNFL1HTOTAL-26OCT04MIAMIN-43,42.5,active,0.0320,0.9907
2026-10-03T15:47:32.758566+00:00,2026-10-03,2026-10-04,1H TOTAL,KXNFL1HTOTAL-26OCT04MIAMIN,KXNFL1HTOTAL-26OCT04MIAMIN-4,3.5,active,0.9814,0.0427
2026-10-03T15:47:32.758566+00:00,2026-10-03,2026-10-04,1H TOTAL,KXNFL1HTOTAL-26OCT04MIAMIN,KXNFL1HTOTAL-26OCT04MIAMIN-39,38.5,active,0.0427,0.9907
2026-10-03T15:47:32.758566+00:00,2026-10-03,2026-10-04,1H TOTAL,KXNFL1HTOTAL-26OCT04MIAMIN,KXNFL1HTOTAL-26OCT04MIAMIN-36,35.5,active,0.0746,0.9533
2026-10-03T15:47:32.758566+00:00,2026-10-03,2026-10-04,1H TOTAL,KXNFL1HTOTAL-26OCT04MIAMIN,KXNFL1HTOTAL-26OCT04MIAMIN-32,31.5,active,0.0957,0.9252
2026-10-03T15:47:32.758566+00:00,2026-10-03,2026-10-04,1H TOTAL,KXNFL1HTOTAL-26OCT04MIAMIN,KXNFL1HTOTAL-26OCT04MIAMIN-29,28.5,active,0.1694,0.8589
2026-10-03T15:47:32.758566+00:00,2026-10-03,2026-10-04,1H TOTAL,KXNFL1HTOTAL-26OCT04MIAMIN,KXNFL1HTOTAL-26OCT04MIAMIN-25,24.5,active,0.2941,0.7535
2026-10-03T15:47:32.758566+00:00,2026-10-03,2026-10-04,1H TOTAL,KXNFL1HTOTAL-26OCT04MIAMIN,KXNFL1HTOTAL-26OCT04MIAMIN-22,21.5,active,0.4269,0.6168
2026-10-03T15:47:32.758566+00:00,2026-10-03,2026-10-04,1H TOTAL,KXNFL1HTOTAL-26OCT04MIAMIN,KXNFL1HTOTAL-26OCT04MIAMIN-21,20.5,active,0.4774,0.5772
2026-10-03T15:47:32.758566+00:00,2026-10-03,2026-10-04,1H TOTAL,KXNFL1HTOTAL-26OCT04MIAMIN,KXNFL1HTOTAL-26OCT04MIAMIN-20,19.5,active,0.5574,0.4874
2026-10-03T15:47:32.758566+00:00,2026-10-03,2026-10-04,1H TOTAL,KXNFL1HTOTAL-26OCT04MIAMIN,KXNFL1HTOTAL-26OCT04MIAMIN-18,17.5,active,0.5872,0.4572
2026-10-03T15:47:32.758566+00:00,2026-10-03,2026-10-04,1H TOTAL,KXNFL1HTOTAL-26OCT04MIAMIN,KXNFL1HTOTAL-26OCT04MIAMIN-15,14.5,active,0.7438,0.3044
2026-10-03T15:47:32.758566+00:00,2026-10-03,2026-10-04,1H TOTAL,KXNFL1HTOTAL-26OCT04MIAMIN,KXNFL1HTOTAL-26OCT04MIAMIN-11,10.5,active,0.8589,0.1799
2026-10-03T15:47:32.758566+00:00,2026-10-03,2026-10-04,1H TOTAL,KXNFL1HTOTAL-26OCT04ARINYG,KXNFL1HTOTAL-26OCT04ARINYG-8,7.5,active,0.9627,0.0639
2026-10-03T15:47:32.758566+00:00,2026-10-03,2026-10-04,1H TOTAL,KXNFL1HTOTAL-26OCT04ARINYG,KXNFL1HTOTAL-26OCT04ARINYG-43,42.5,active,0.0427,0.9907
2026-10-03T15:47:32.758566+00:00,2026-10-03,2026-10-04,1H TOTAL,KXNFL1HTOTAL-26OCT04ARINYG,KXNFL1HTOTAL-26OCT04ARINYG-4,3.5,active,0.9907,0.0320
2026-10-03T15:47:32.758566+00:00,2026-10-03,2026-10-04,1H TOTAL,KXNFL1HTOTAL-26OCT04ARINYG,KXNFL1HTOTAL-26OCT04ARINYG-39,38.5,active,0.0639,0.9720
2026-10-03T15:47:32.758566+00:00,2026-10-03,2026-10-04,1H TOTAL,KXNFL1HTOTAL-26OCT04ARINYG,KXNFL1HTOTAL-26OCT04ARINYG-36,35.5,active,0.0957,0.9346
2026-10-03T15:47:32.758566+00:00,2026-10-03,2026-10-04,1H TOTAL,KXNFL1HTOTAL-26OCT04ARINYG,KXNFL1HTOTAL-26OCT04ARINYG-32,31.5,active,0.1694,0.8779
2026-10-03T15:47:32.758566+00:00,2026-10-03,2026-10-04,1H TOTAL,KXNFL1HTOTAL-26OCT04ARINYG,KXNFL1HTOTAL-26OCT04ARINYG-29,28.5,active,0.2528,0.7920
2026-10-03T15:47:32.758566+00:00,2026-10-03,2026-10-04,1H TOTAL,KXNFL1HTOTAL-26OCT04ARINYG,KXNFL1HTOTAL-26OCT04ARINYG-25,24.5,active,0.3761,0.6659
2026-10-03T15:47:32.758566+00:00,2026-10-03,2026-10-04,1H TOTAL,KXNFL1HTOTAL-26OCT04ARINYG,KXNFL1HTOTAL-26OCT04ARINYG-22,21.5,active,0.5375,0.5075
2026-10-03T15:47:32.758566+00:00,2026-10-03,2026-10-04,1H TOTAL,KXNFL1HTOTAL-26OCT04ARINYG,KXNFL1HTOTAL-26OCT04ARINYG-21,20.5,active,0.5772,0.4774
2026-10-03T15:47:32.758566+00:00,2026-10-03,2026-10-04,1H TOTAL,KXNFL1HTOTAL-26OCT04ARINYG,KXNFL1HTOTAL-26OCT04ARINYG-18,17.5,active,0.6952,0.3455
2026-10-03T15:47:32.758566+00:00,2026-10-03,2026-10-04,1H TOTAL,KXNFL1HTOTAL-26OCT04ARINYG,KXNFL1HTOTAL-26OCT04ARINYG-15,14.5,active,0.8208,0.2112
2026-10-03T15:47:32.758566+00:00,2026-10-03,2026-10-04,1H TOTAL,KXNFL1HTOTAL-26OCT04ARINYG,KXNFL1HTOTAL-26OCT04ARINYG-11,10.5,active,0.9063,0.1169
2026-10-03T15:47:32.758566+00:00,2026-10-03,2026-10-04,1H TOTAL,KXNFL1HTOTAL-26OCT04LARPHI,KXNFL1HTOTAL-26OCT04LARPHI-8,7.5,active,0.9533,0.0746
2026-10-03T15:47:32.758566+00:00,2026-10-03,2026-10-04,1H TOTAL,KXNFL1HTOTAL-26OCT04LARPHI,KXNFL1HTOTAL-26OCT04LARPHI-43,42.5,active,0.0427,0.9907
2026-10-03T15:47:32.758566+00:00,2026-10-03,2026-10-04,1H TOTAL,KXNFL1HTOTAL-26OCT04LARPHI,KXNFL1HTOTAL-26OCT04LARPHI-4,3.5,active,0.9907,0.0320
2026-10-03T15:47:32.758566+00:00,2026-10-03,2026-10-04,1H TOTAL,KXNFL1HTOTAL-26OCT04LARPHI,KXNFL1HTOTAL-26OCT04LARPHI-39,38.5,active,0.0639,0.9720
2026-10-03T15:47:32.758566+00:00,2026-10-03,2026-10-04,1H TOTAL,KXNFL1HTOTAL-26OCT04LARPHI,KXNFL1HTOTAL-26OCT04LARPHI-36,35.5,active,0.0852,0.9533
2026-10-03T15:47:32.758566+00:00,2026-10-03,2026-10-04,1H TOTAL,KXNFL1HTOTAL-26OCT04LARPHI,KXNFL1HTOTAL-26OCT04LARPHI-32,31.5,active,0.1589,0.8779
2026-10-03T15:47:32.758566+00:00,2026-10-03,2026-10-04,1H TOTAL,KXNFL1HTOTAL-26OCT04LARPHI,KXNFL1HTOTAL-26OCT04LARPHI-29,28.5,active,0.2528,0.7920
2026-10-03T15:47:32.758566+00:00,2026-10-03,2026-10-04,1H TOTAL,KXNFL1HTOTAL-26OCT04LARPHI,KXNFL1HTOTAL-26OCT04LARPHI-25,24.5,active,0.3659,0.6757
2026-10-03T15:47:32.758566+00:00,2026-10-03,2026-10-04,1H TOTAL,KXNFL1HTOTAL-26OCT04LARPHI,KXNFL1HTOTAL-26OCT04LARPHI-23,22.5,active,0.5075,0.5474
2026-10-03T15:47:32.758566+00:00,2026-10-03,2026-10-04,1H TOTAL,KXNFL1HTOTAL-26OCT04LARPHI,KXNFL1HTOTAL-26OCT04LARPHI-22,21.5,active,0.5375,0.5275
2026-10-03T15:47:32.758566+00:00,2026-10-03,2026-10-04,1H TOTAL,KXNFL1HTOTAL-26OCT04LARPHI,KXNFL1HTOTAL-26OCT04LARPHI-21,20.5,active,0.5673,0.4774
2026-10-03T15:47:32.758566+00:00,2026-10-03,2026-10-04,1H TOTAL,KXNFL1HTOTAL-26OCT04LARPHI,KXNFL1HTOTAL-26OCT04LARPHI-18,17.5,active,0.6757,0.3761
2026-10-03T15:47:32.758566+00:00,2026-10-03,2026-10-04,1H TOTAL,KXNFL1HTOTAL-26OCT04LARPHI,KXNFL1HTOTAL-26OCT04LARPHI-15,14.5,active,0.8112,0.2320
2026-10-03T15:47:32.758566+00:00,2026-10-03,2026-10-04,1H TOTAL,KXNFL1HTOTAL-26OCT04LARPHI,KXNFL1HTOTAL-26OCT04LARPHI-11,10.5,active,0.9063,0.1274
2026-10-03T15:47:32.758566+00:00,2026-10-03,2026-10-04,1H TOTAL,KXNFL1HTOTAL-26OCT04TENBAL,KXNFL1HTOTAL-26OCT04TENBAL-8,7.5,active,0.9533,0.0746
2026-10-03T15:47:32.758566+00:00,2026-10-03,2026-10-04,1H TOTAL,KXNFL1HTOTAL-26OCT04TENBAL,KXNFL1HTOTAL-26OCT04TENBAL-43,42.5,active,0.0427,0.9907
2026-10-03T15:47:32.758566+00:00,2026-10-03,2026-10-04,1H TOTAL,KXNFL1HTOTAL-26OCT04TENBAL,KXNFL1HTOTAL-26OCT04TENBAL-4,3.5,active,0.9907,0.0320
2026-10-03T15:47:32.758566+00:00,2026-10-03,2026-10-04,1H TOTAL,KXNFL1HTOTAL-26OCT04TENBAL,KXNFL1HTOTAL-26OCT04TENBAL-39,38.5,active,0.0639,0.9720
2026-10-03T15:47:32.758566+00:00,2026-10-03,2026-10-04,1H TOTAL,KXNFL1HTOTAL-26OCT04TENBAL,KXNFL1HTOTAL-26OCT04TENBAL-36,35.5,active,0.0957,0.9439
2026-10-03T15:47:32.758566+00:00,2026-10-03,2026-10-04,1H TOTAL,KXNFL1HTOTAL-26OCT04TENBAL,KXNFL1HTOTAL-26OCT04TENBAL-32,31.5,active,0.1694,0.8779
2026-10-03T15:47:32.758566+00:00,2026-10-03,2026-10-04,1H TOTAL,KXNFL1HTOTAL-26OCT04TENBAL,KXNFL1HTOTAL-26OCT04TENBAL-29,28.5,active,0.2320,0.8016
2026-10-03T15:47:32.758566+00:00,2026-10-03,2026-10-04,1H TOTAL,KXNFL1HTOTAL-26OCT04TENBAL,KXNFL1HTOTAL-26OCT04TENBAL-25,24.5,active,0.3761,0.6659
2026-10-03T15:47:32.758566+00:00,2026-10-03,2026-10-04,1H TOTAL,KXNFL1HTOTAL-26OCT04TENBAL,KXNFL1HTOTAL-26OCT04TENBAL-23,22.5,active,0.5075,0.5375
2026-10-03T15:47:32.758566+00:00,2026-10-03,2026-10-04,1H TOTAL,KXNFL1HTOTAL-26OCT04TENBAL,KXNFL1HTOTAL-26OCT04TENBAL-22,21.5,active,0.5275,0.5175
2026-10-03T15:47:32.758566+00:00,2026-10-03,2026-10-04,1H TOTAL,KXNFL1HTOTAL-26OCT04TENBAL,KXNFL1HTOTAL-26OCT04TENBAL-21,20.5,active,0.5772,0.4774
2026-10-03T15:47:32.758566+00:00,2026-10-03,2026-10-04,1H TOTAL,KXNFL1HTOTAL-26OCT04TENBAL,KXNFL1HTOTAL-26OCT04TENBAL-18,17.5,active,0.7050,0.3557
2026-10-03T15:47:32.758566+00:00,2026-10-03,2026-10-04,1H TOTAL,KXNFL1HTOTAL-26OCT04TENBAL,KXNFL1HTOTAL-26OCT04TENBAL-15,14.5,active,0.8303,0.2008
2026-10-03T15:47:32.758566+00:00,2026-10-03,2026-10-04,1H TOTAL,KXNFL1HTOTAL-26OCT04TENBAL,KXNFL1HTOTAL-26OCT04TENBAL-11,10.5,active,0.9157,0.1169
2026-10-03T15:47:32.758566+00:00,2026-10-03,2026-10-04,1H TOTAL,KXNFL1HTOTAL-26OCT04GBTB,KXNFL1HTOTAL-26OCT04GBTB-8,7.5,active,0.9346,0.0852
2026-10-03T15:47:32.758566+00:00,2026-10-03,2026-10-04,1H TOTAL,KXNFL1HTOTAL-26OCT04GBTB,KXNFL1HTOTAL-26OCT04GBTB-43,42.5,active,0.0320,0.9907
2026-10-03T15:47:32.758566+00:00,2026-10-03,2026-10-04,1H TOTAL,KXNFL1HTOTAL-26OCT04GBTB,KXNFL1HTOTAL-26OCT04GBTB-4,3.5,active,0.9720,0.0533
2026-10-03T15:47:32.758566+00:00,2026-10-03,2026-10-04,1H TOTAL,KXNFL1HTOTAL-26OCT04GBTB,KXNFL1HTOTAL-26OCT04GBTB-39,38.5,active,0.0533,0.9907
2026-10-03T15:47:32.758566+00:00,2026-10-03,2026-10-04,1H TOTAL,KXNFL1HTOTAL-26OCT04GBTB,KXNFL1HTOTAL-26OCT04GBTB-36,35.5,active,0.0746,0.9627
2026-10-03T15:47:32.758566+00:00,2026-10-03,2026-10-04,1H TOTAL,KXNFL1HTOTAL-26OCT04GBTB,KXNFL1HTOTAL-26OCT04GBTB-32,31.5,active,0.1063,0.9252
2026-10-03T15:47:32.758566+00:00,2026-10-03,2026-10-04,1H TOTAL,KXNFL1HTOTAL-26OCT04GBTB,KXNFL1HTOTAL-26OCT04GBTB-29,28.5,active,0.1694,0.8589
2026-10-03T15:47:32.758566+00:00,2026-10-03,2026-10-04,1H TOTAL,KXNFL1HTOTAL-26OCT04GBTB,KXNFL1HTOTAL-26OCT04GBTB-25,24.5,active,0.2941,0.7535
2026-10-03T15:47:32.758566+00:00,2026-10-03,2026-10-04,1H TOTAL,KXNFL1HTOTAL-26OCT04GBTB,KXNFL1HTOTAL-26OCT04GBTB-22,21.5,active,0.4269,0.6365
2026-10-03T15:47:32.758566+00:00,2026-10-03,2026-10-04,1H TOTAL,KXNFL1HTOTAL-26OCT04GBTB,KXNFL1HTOTAL-26OCT04GBTB-21,20.5,active,0.4673,0.5772
2026-10-03T15:47:32.758566+00:00,2026-10-03,2026-10-04,1H TOTAL,KXNFL1HTOTAL-26OCT04GBTB,KXNFL1HTOTAL-26OCT04GBTB-20,19.5,active,0.5375,0.5075
2026-10-03T15:47:32.758566+00:00,2026-10-03,2026-10-04,1H TOTAL,KXNFL1HTOTAL-26OCT04GBTB,KXNFL1HTOTAL-26OCT04GBTB-18,17.5,active,0.5772,0.4774
2026-10-03T15:47:32.758566+00:00,2026-10-03,2026-10-04,1H TOTAL,KXNFL1HTOTAL-26OCT04GBTB,KXNFL1HTOTAL-26OCT04GBTB-15,14.5,active,0.7438,0.3147
2026-10-03T15:47:32.758566+00:00,2026-10-03,2026-10-04,1H TOTAL,KXNFL1HTOTAL-26OCT04GBTB,KXNFL1HTOTAL-26OCT04GBTB-11,10.5,active,0.8494,0.1903
2026-10-03T15:47:32.758566+00:00,2026-10-03,2026-10-04,1H TOTAL,KXNFL1HTOTAL-26OCT04JACCIN,KXNFL1HTOTAL-26OCT04JACCIN-8,7.5,active,0.9814,0.0427
2026-10-03T15:47:32.758566+00:00,2026-10-03,2026-10-04,1H TOTAL,KXNFL1HTOTAL-26OCT04JACCIN,KXNFL1HTOTAL-26OCT04JACCIN-43,42.5,active,0.0746,0.9720
2026-10-03T15:47:32.758566+00:00,2026-10-03,2026-10-04,1H TOTAL,KXNFL1HTOTAL-26OCT04JACCIN,KXNFL1HTOTAL-26OCT04JACCIN-4,3.5,active,0.9907,0.0320
2026-10-03T15:47:32.758566+00:00,2026-10-03,2026-10-04,1H TOTAL,KXNFL1HTOTAL-26OCT04JACCIN,KXNFL1HTOTAL-26OCT04JACCIN-39,38.5,active,0.0957,0.9346
2026-10-03T15:47:32.758566+00:00,2026-10-03,2026-10-04,1H TOTAL,KXNFL1HTOTAL-26OCT04JACCIN,KXNFL1HTOTAL-26OCT04JACCIN-36,35.5,active,0.1589,0.8779
2026-10-03T15:47:32.758566+00:00,2026-10-03,2026-10-04,1H TOTAL,KXNFL1HTOTAL-26OCT04JACCIN,KXNFL1HTOTAL-26OCT04JACCIN-32,31.5,active,0.2528,0.7824
2026-10-03T15:47:32.758566+00:00,2026-10-03,2026-10-04,1H TOTAL,KXNFL1HTOTAL-26OCT04JACCIN,KXNFL1HTOTAL-26OCT04JACCIN-29,28.5,active,0.3659,0.6757
2026-10-03T15:47:32.758566+00:00,2026-10-03,2026-10-04,1H TOTAL,KXNFL1HTOTAL-26OCT04JACCIN,KXNFL1HTOTAL-26OCT04JACCIN-25,24.5,active,0.5275,0.5175
2026-10-03T15:47:32.758566+00:00,2026-10-03,2026-10-04,1H TOTAL,KXNFL1HTOTAL-26OCT04JACCIN,KXNFL1HTOTAL-26OCT04JACCIN-22,21.5,active,0.6855,0.3659
2026-10-03T15:47:32.758566+00:00,2026-10-03,2026-10-04,1H TOTAL,KXNFL1HTOTAL-26OCT04JACCIN,KXNFL1HTOTAL-26OCT04JACCIN-21,20.5,active,0.7050,0.3352
2026-10-03T15:47:32.758566+00:00,2026-10-03,2026-10-04,1H TOTAL,KXNFL1HTOTAL-26OCT04JACCIN,KXNFL1HTOTAL-26OCT04JACCIN-18,17.5,active,0.8016,0.2320
2026-10-03T15:47:32.758566+00:00,2026-10-03,2026-10-04,1H TOTAL,KXNFL1HTOTAL-26OCT04JACCIN,KXNFL1HTOTAL-26OCT04JACCIN-15,14.5,active,0.8969,0.1274
2026-10-03T15:47:32.758566+00:00,2026-10-03,2026-10-04,1H TOTAL,KXNFL1HTOTAL-26OCT04JACCIN,KXNFL1HTOTAL-26OCT04JACCIN-11,10.5,active,0.9533,0.0746
2026-10-03T15:47:32.758566+00:00,2026-10-03,2026-10-04,1H TOTAL,KXNFL1HTOTAL-26OCT04NEBUF,KXNFL1HTOTAL-26OCT04NEBUF-8,7.5,active,0.9814,0.0427
2026-10-03T15:47:32.758566+00:00,2026-10-03,2026-10-04,1H TOTAL,KXNFL1HTOTAL-26OCT04NEBUF,KXNFL1HTOTAL-26OCT04NEBUF-43,42.5,active,0.0639,0.9720
2026-10-03T15:47:32.758566+00:00,2026-10-03,2026-10-04,1H TOTAL,KXNFL1HTOTAL-26OCT04NEBUF,KXNFL1HTOTAL-26OCT04NEBUF-4,3.5,active,0.9907,0.0214
2026-10-03T15:47:32.758566+00:00,2026-10-03,2026-10-04,1H TOTAL,KXNFL1HTOTAL-26OCT04NEBUF,KXNFL1HTOTAL-26OCT04NEBUF-39,38.5,active,0.0957,0.9346
2026-10-03T15:47:32.758566+00:00,2026-10-03,2026-10-04,1H TOTAL,KXNFL1HTOTAL-26OCT04NEBUF,KXNFL1HTOTAL-26OCT04NEBUF-36,35.5,active,0.1589,0.8874
2026-10-03T15:47:32.758566+00:00,2026-10-03,2026-10-04,1H TOTAL,KXNFL1HTOTAL-26OCT04NEBUF,KXNFL1HTOTAL-26OCT04NEBUF-32,31.5,active,0.2528,0.7920
2026-10-03T15:47:32.758566+00:00,2026-10-03,2026-10-04,1H TOTAL,KXNFL1HTOTAL-26OCT04NEBUF,KXNFL1HTOTAL-26OCT04NEBUF-29,28.5,active,0.3761,0.6659
2026-10-03T15:47:32.758566+00:00,2026-10-03,2026-10-04,1H TOTAL,KXNFL1HTOTAL-26OCT04NEBUF,KXNFL1HTOTAL-26OCT04NEBUF-25,24.5,active,0.4975,0.5474
2026-10-03T15:47:32.758566+00:00,2026-10-03,2026-10-04,1H TOTAL,KXNFL1HTOTAL-26OCT04NEBUF,KXNFL1HTOTAL-26OCT04NEBUF-24,23.5,active,0.5872,0.4572
2026-10-03T15:47:32.758566+00:00,2026-10-03,2026-10-04,1H TOTAL,KXNFL1HTOTAL-26OCT04NEBUF,KXNFL1HTOTAL-26OCT04NEBUF-22,21.5,active,0.6757,0.3863
2026-10-03T15:47:32.758566+00:00,2026-10-03,2026-10-04,1H TOTAL,KXNFL1HTOTAL-26OCT04NEBUF,KXNFL1HTOTAL-26OCT04NEBUF-21,20.5,active,0.6855,0.3557
2026-10-03T15:47:32.758566+00:00,2026-10-03,2026-10-04,1H TOTAL,KXNFL1HTOTAL-26OCT04NEBUF,KXNFL1HTOTAL-26OCT04NEBUF-18,17.5,active,0.7920,0.2424
2026-10-03T15:47:32.758566+00:00,2026-10-03,2026-10-04,1H TOTAL,KXNFL1HTOTAL-26OCT04NEBUF,KXNFL1HTOTAL-26OCT04NEBUF-15,14.5,active,0.8969,0.1379
2026-10-03T15:47:32.758566+00:00,2026-10-03,2026-10-04,1H TOTAL,KXNFL1HTOTAL-26OCT04NEBUF,KXNFL1HTOTAL-26OCT04NEBUF-11,10.5,active,0.9533,0.0746
2026-10-03T15:47:32.758566+00:00,2026-10-03,2026-10-04,1H TOTAL,KXNFL1HTOTAL-26OCT04DALHOU,KXNFL1HTOTAL-26OCT04DALHOU-8,7.5,active,0.9814,0.0427
2026-10-03T15:47:32.758566+00:00,2026-10-03,2026-10-04,1H TOTAL,KXNFL1HTOTAL-26OCT04DALHOU,KXNFL1HTOTAL-26OCT04DALHOU-43,42.5,active,0.0533,0.9814
2026-10-03T15:47:32.758566+00:00,2026-10-03,2026-10-04,1H TOTAL,KXNFL1HTOTAL-26OCT04DALHOU,KXNFL1HTOTAL-26OCT04DALHOU-4,3.5,active,0.9907,0.0320
2026-10-03T15:47:32.758566+00:00,2026-10-03,2026-10-04,1H TOTAL,KXNFL1HTOTAL-26OCT04DALHOU,KXNFL1HTOTAL-26OCT04DALHOU-39,38.5,active,0.0852,0.9533
2026-10-03T15:47:32.758566+00:00,2026-10-03,2026-10-04,1H TOTAL,KXNFL1HTOTAL-26OCT04DALHOU,KXNFL1HTOTAL-26OCT04DALHOU-36,35.5,active,0.1379,0.8969
2026-10-03T15:47:32.758566+00:00,2026-10-03,2026-10-04,1H TOTAL,KXNFL1HTOTAL-26OCT04DALHOU,KXNFL1HTOTAL-26OCT04DALHOU-32,31.5,active,0.2216,0.8208
2026-10-03T15:47:32.758566+00:00,2026-10-03,2026-10-04,1H TOTAL,KXNFL1HTOTAL-26OCT04DALHOU,KXNFL1HTOTAL-26OCT04DALHOU-29,28.5,active,0.3352,0.7147
2026-10-03T15:47:32.758566+00:00,2026-10-03,2026-10-04,1H TOTAL,KXNFL1HTOTAL-26OCT04DALHOU,KXNFL1HTOTAL-26OCT04DALHOU-25,24.5,active,0.4572,0.5872
2026-10-03T15:47:32.758566+00:00,2026-10-03,2026-10-04,1H TOTAL,KXNFL1HTOTAL-26OCT04DALHOU,KXNFL1HTOTAL-26OCT04DALHOU-24,23.5,active,0.5474,0.4975
2026-10-03T15:47:32.758566+00:00,2026-10-03,2026-10-04,1H TOTAL,KXNFL1HTOTAL-26OCT04DALHOU,KXNFL1HTOTAL-26OCT04DALHOU-22,21.5,active,0.6267,0.4269
2026-10-03T15:47:32.758566+00:00,2026-10-03,2026-10-04,1H TOTAL,KXNFL1HTOTAL-26OCT04DALHOU,KXNFL1HTOTAL-26OCT04DALHOU-21,20.5,active,0.6659,0.3965
2026-10-03T15:47:32.758566+00:00,2026-10-03,2026-10-04,1H TOTAL,KXNFL1HTOTAL-26OCT04DALHOU,KXNFL1HTOTAL-26OCT04DALHOU-18,17.5,active,0.7728,0.2735
2026-10-03T15:47:32.758566+00:00,2026-10-03,2026-10-04,1H TOTAL,KXNFL1HTOTAL-26OCT04DALHOU,KXNFL1HTOTAL-26OCT04DALHOU-15,14.5,active,0.8779,0.1589
2026-10-03T15:47:32.758566+00:00,2026-10-03,2026-10-04,1H TOTAL,KXNFL1HTOTAL-26OCT04DALHOU,KXNFL1HTOTAL-26OCT04DALHOU-11,10.5,active,0.9439,0.0852
2026-10-03T15:47:32.758566+00:00,2026-10-03,2026-10-04,1H TOTAL,KXNFL1HTOTAL-26OCT04NYJCHI,KXNFL1HTOTAL-26OCT04NYJCHI-8,7.5,active,0.9533,0.0639
2026-10-03T15:47:32.758566+00:00,2026-10-03,2026-10-04,1H TOTAL,KXNFL1HTOTAL-26OCT04NYJCHI,KXNFL1HTOTAL-26OCT04NYJCHI-43,42.5,active,0.0427,0.9907
2026-10-03T15:47:32.758566+00:00,2026-10-03,2026-10-04,1H TOTAL,KXNFL1HTOTAL-26OCT04NYJCHI,KXNFL1HTOTAL-26OCT04NYJCHI-4,3.5,active,0.9814,0.0427
2026-10-03T15:47:32.758566+00:00,2026-10-03,2026-10-04,1H TOTAL,KXNFL1HTOTAL-26OCT04NYJCHI,KXNFL1HTOTAL-26OCT04NYJCHI-39,38.5,active,0.0533,0.9720
2026-10-03T15:47:32.758566+00:00,2026-10-03,2026-10-04,1H TOTAL,KXNFL1HTOTAL-26OCT04NYJCHI,KXNFL1HTOTAL-26OCT04NYJCHI-36,35.5,active,0.0852,0.9439
2026-10-03T15:47:32.758566+00:00,2026-10-03,2026-10-04,1H TOTAL,KXNFL1HTOTAL-26OCT04NYJCHI,KXNFL1HTOTAL-26OCT04NYJCHI-32,31.5,active,0.1589,0.8874
2026-10-03T15:47:32.758566+00:00,2026-10-03,2026-10-04,1H TOTAL,KXNFL1HTOTAL-26OCT04NYJCHI,KXNFL1HTOTAL-26OCT04NYJCHI-29,28.5,active,0.2216,0.8112
2026-10-03T15:47:32.758566+00:00,2026-10-03,2026-10-04,1H TOTAL,KXNFL1HTOTAL-26OCT04NYJCHI,KXNFL1HTOTAL-26OCT04NYJCHI-25,24.5,active,0.3761,0.6855
2026-10-03T15:47:32.758566+00:00,2026-10-03,2026-10-04,1H TOTAL,KXNFL1HTOTAL-26OCT04NYJCHI,KXNFL1HTOTAL-26OCT04NYJCHI-22,21.5,active,0.5175,0.5275
2026-10-03T15:47:32.758566+00:00,2026-10-03,2026-10-04,1H TOTAL,KXNFL1HTOTAL-26OCT04NYJCHI,KXNFL1HTOTAL-26OCT04NYJCHI-21,20.5,active,0.5574,0.4975
2026-10-03T15:47:32.758566+00:00,2026-10-03,2026-10-04,1H TOTAL,KXNFL1HTOTAL-26OCT04NYJCHI,KXNFL1HTOTAL-26OCT04NYJCHI-18,17.5,active,0.6757,0.3659
2026-10-03T15:47:32.758566+00:00,2026-10-03,2026-10-04,1H TOTAL,KXNFL1HTOTAL-26OCT04NYJCHI,KXNFL1HTOTAL-26OCT04NYJCHI-15,14.5,active,0.8112,0.2320
2026-10-03T15:47:32.758566+00:00,2026-10-03,2026-10-04,1H TOTAL,KXNFL1HTOTAL-26OCT04NYJCHI,KXNFL1HTOTAL-26OCT04NYJCHI-11,10.5,active,0.9063,0.1379
2026-10-03T15:47:32.758566+00:00,2026-10-03,2026-10-04,1H TOTAL,KXNFL1HTOTAL-26OCT04INDWAS,KXNFL1HTOTAL-26OCT04INDWAS-8,7.5,active,0.9720,0.0427
2026-10-03T15:47:32.758566+00:00,2026-10-03,2026-10-04,1H TOTAL,KXNFL1HTOTAL-26OCT04INDWAS,KXNFL1HTOTAL-26OCT04INDWAS-43,42.5,active,0.0533,0.9814
2026-10-03T15:47:32.758566+00:00,2026-10-03,2026-10-04,1H TOTAL,KXNFL1HTOTAL-26OCT04INDWAS,KXNFL1HTOTAL-26OCT04INDWAS-4,3.5,active,0.9907,0.0320
2026-10-03T15:47:32.758566+00:00,2026-10-03,2026-10-04,1H TOTAL,KXNFL1HTOTAL-26OCT04INDWAS,KXNFL1HTOTAL-26OCT04INDWAS-39,38.5,active,0.0746,0.9533
2026-10-03T15:47:32.758566+00:00,2026-10-03,2026-10-04,1H TOTAL,KXNFL1HTOTAL-26OCT04INDWAS,KXNFL1HTOTAL-26OCT04INDWAS-36,35.5,active,0.1063,0.9157
2026-10-03T15:47:32.758566+00:00,2026-10-03,2026-10-04,1H TOTAL,KXNFL1HTOTAL-26OCT04INDWAS,KXNFL1HTOTAL-26OCT04INDWAS-32,31.5,active,0.1903,0.8399
2026-10-03T15:47:32.758566+00:00,2026-10-03,2026-10-04,1H TOTAL,KXNFL1HTOTAL-26OCT04INDWAS,KXNFL1HTOTAL-26OCT04INDWAS-29,28.5,active,0.3044,0.7341
2026-10-03T15:47:32.758566+00:00,2026-10-03,2026-10-04,1H TOTAL,KXNFL1HTOTAL-26OCT04INDWAS,KXNFL1HTOTAL-26OCT04INDWAS-25,24.5,active,0.4371,0.6069
2026-10-03T15:47:32.758566+00:00,2026-10-03,2026-10-04,1H TOTAL,KXNFL1HTOTAL-26OCT04INDWAS,KXNFL1HTOTAL-26OCT04INDWAS-24,23.5,active,0.5075,0.5375
2026-10-03T15:47:32.758566+00:00,2026-10-03,2026-10-04,1H TOTAL,KXNFL1HTOTAL-26OCT04INDWAS,KXNFL1HTOTAL-26OCT04INDWAS-22,21.5,active,0.5971,0.4472
2026-10-03T15:47:32.758566+00:00,2026-10-03,2026-10-04,1H TOTAL,KXNFL1HTOTAL-26OCT04INDWAS,KXNFL1HTOTAL-26OCT04INDWAS-21,20.5,active,0.6365,0.4168
2026-10-03T15:47:32.758566+00:00,2026-10-03,2026-10-04,1H TOTAL,KXNFL1HTOTAL-26OCT04INDWAS,KXNFL1HTOTAL-26OCT04INDWAS-18,17.5,active,0.7438,0.2941
2026-10-03T15:47:32.758566+00:00,2026-10-03,2026-10-04,1H TOTAL,KXNFL1HTOTAL-26OCT04INDWAS,KXNFL1HTOTAL-26OCT04INDWAS-15,14.5,active,0.8589,0.1694
2026-10-03T15:47:32.758566+00:00,2026-10-03,2026-10-04,1H TOTAL,KXNFL1HTOTAL-26OCT04INDWAS,KXNFL1HTOTAL-26OCT04INDWAS-11,10.5,active,0.9439,0.0852
